,Dialogue,age
0,야! 우리둘이 한 장 찍어봐,00
1,나는 여기 배경으로 이렇게 찍어줘,00
2,이제 한방 남았는데?,00
3,우리 다같이 한방 찍자.,00
4,오～케이! 쫌만 기다려 타이머 맞추고.,00
5,안돼! 야～ 비켜!! 뭐야～,00
6,고양이를 부탁해!,00
7,나오셨어요? 오후에나 출근하신다고 ...,00
8,"좀 쉬었다가 나오려다가 그냥 나왔어, 에이취! 차라리 일찍 퇴근하는 게 나을거 같아서.",00
9,근데 감기 걸리셨나봐요.,00
10,"일찍 출근하네, 집이 어디랬지?",00
11,"인천이요,",00
12,서울까지 오려면 두시간은 걸리겠네? 이거 혜주씨가 갖다놓은 거야?,00
13,네 안계신 동안 거래된 자료예요,00
14,"번번히 고마워서 어쩌지? 이거 선물,",00
15,억지로 운게 아니예요. 그치만 참아야겠다고 생각하지도 않았어요. 뭐라고 말은 못하겠지만 내가 그애를 이해할 수 있다는 느낌이 들었다구요. 그애랑 내가 다를게 하나도 없구나 그런게 느껴졌다구요,00
16,"눈물이 나온다고 언제나 우니? 네가 그 아이를 위한다면 그렇게 울어선 안돼, 네가 그러는건 너를 위한 거지 그 애를 위한 게 아냐",00
17,"그건 동정심은 아니예요, 아니 동정심이라도 좋아요, 세상에는 동정심조차 없는 사람들도 많잖아요.",00
18,"수녀님 전화왔는데요,",00
19,오늘은 이 정도로 마치고 다음에 또 얘기하자,00
20,다른 데는 좀 알아봤니?,00
21,시간이 없어서 아직 못 알아봤어요.,00
22,"다음주에 기계들을 처분하면 그때 밀린 월급을 보내주마, 그동안 수고했다.",00
23,고양이는 영물이라서 집에 두면 안좋다.,00
24,그건 다 미신이야,00
25,"니 할애비가 호랭이띠라서 괭이가 버텨내지도 못해, 갖다버려.",00
26,빨리 봄이 와야지 산에 가서 달래도 캐고 냉이도 캐고....,00
27,티티! 맘에들어? 이제부터 니이름은 티티야 티티.,00
28,아가씨 오셨어요?,00
29,온 가족이 모여 저녁 먹자고 분명히 말했는데 이제 들어와?,00
30,"쟤 오늘 봉사하는 날이잖아요, 배고플텐데 빨리 와서 먹어.",00
31,"어쩌나 아가씨, 밥이 떨어졌네요.",00
32,사회에 봉사씩이나 하는데 밥은 먹여줘야 되는거 아냐?,00
33,야! 신경꺼,00
34,"밥때 못 맞췄으면 굶어야지 밥은 무슨 밥, 배부르고 등따시니깐 지 앞가림도 못하면서 남일에나 정신팔구 다니구.",00
35,나두 밥생각 없으니깐 걱정마.,00
36,그렇게 꼭꼭 쳐닫고 살면 곰팡이 냄새 안나냐?,00
37,"정말 잿빛도시야 밍밍해, 음식도 특별한 거 없구 새콤달콤한 맛이 없는 무뚝뚝한 사람같아. 저도 지난 겨울에 갔었거든요, 공항에서 담배피고 싶어서 혼났죠. 얘네는 뭐든 잘 지키는 나라구나 그게 느껴지더라구요. 근데 왜 거기 스튜어디스들은 하나같이 생긴 게 그렇죠? 예쁜 여자들을 하나도 못 봤어요. 우리랑은 사람뽑는 기준이 틀리지. 그래도 서비스직인데 좀 예쁘고 젊은 애들 쓰면 안되나? 한번 건의해보지 그래. 그래도 뭐니뭐니해도 서울만큼 놀기좋은 도시도 없어요.",00
38,남자친구가 보냈나봐... 좋겠네.,00
39,"너의 스무번째 생일을 축하해. 난 언제나 니 곁에 있을거야, 재용?",00
40,박대리님!,00
41,"어떤 놈이야? 내 허락도 없이 우리 혜주씨한테 찝적대는 놈이.. 어, 오늘 생일이었어? 말을 하지. 선물도 준비 못했잖아. 가만 있자... 오늘 나랑 영화나 볼까?",00
42,꽃배달까지 왔는데 약속이 없겠어요?,00
43,"아니에요, 저 오늘 약속 없어요.",00
44,그치? 그럼 오늘 나랑 영화보는 거다. 약속했다～,00
45,"박대리님, 혜주씨 한테만 너무 유난한 거 아니에요?",00
46,혜주씨! 여기 음료수 좀 갖다줄래?,00
47,"갑자기 이거이거 지금 당장 해야한다 그러니 난들 어쩌니? 요즘 장이 안좋아서 회사분위기도 안좋구, 내가 뭐 힘이 있니? 제 생일이라서 안되는데요 그럴 수는 없잖아, 야 미안해~ 애들한테는 니가 다시 연락좀 해줘라. 응?",00
48,잔깐만요...도대체 왜 맨날 내가 전화해야 되는거니? 일일이 연락해서 약속잡는 것도 꽤 신경 쓰이는 일이야 ......난 뭐 한가한 줄 알아?,00
49,혜주가 일때메 오늘 생일파티 미루자는데? ..선물은 샀어? ...어 그래 이따 놀러갈께.,00
50,"서지영씨좀 부탁합니다. 그만둬요? 언제요? ...아, 네.. 핸드폰으로 해볼께요.",00
51,지금 맥반석 새로 나오니깐 들어들 가세요,00
52,아가씨 생각에는 이걸 하는게 효험이 있기는 한거유. 얼마나 해야 효능이 나타나?,00
53,원적외선이 나와서 혈액순환에 좋다는데 전 잘 모르겠어요. 맨날 여기서 낮잠 자는데 별 차이를 못느끼겠던데요. 저 아줌마가 매일 오거든요? 저 아줌마한테 물어보셔요,00
54,갈아 입어봐.,00
55,이걸 입으라고?,00
56,"다른데도 다 이걸 입고 있는데 보기 좋더라, 손님들에게 신뢰감도 주고.",00
57,"난 절대 안 입어, 내 스타일도 아닌 옷을 어떻게 입어,",00
58,"야, 빨리 열어, 나 춥단말야",00
59,야 뭐야,00
60,낄 때 눈이 사팔이 되지않게 주의해야 돼,00
61,이거하고 있으니깐 어째 마음이 착해지는거 같다...니넨 돈 모아서 가게 낼거니?,00
62,"가게는 따분하잖아, 마음대로 돌아 다니지도 못하구",00
63,니네들 장사하는데나 따라다닐까? 시간은 많고 할일은 없고 궁금한건 많구.,00
64,뭐가 그렇게 궁금한데? 궁금한게 있으면 학교에 가야지.,00
65,그럼 어디 대학에 가야하나?.... 이건 뭐야?,00
66,우리엄마 말에 의하면 나랑 온조랑 태어났을 때 몸이 그렇게 붙어 있었다는거야. 그래서 낳자마자는 위험해서 나누지 못하고 조금 자란 다음 둘로 나누었대.,00
67,그럼 너희 둘은 하나였던 거야? 이상하다. 둘의 몸이 이렇게 붙어 있었다니.,00
68,국제소포 왔습니다.,00
69,"외할아버지, 저희요 비류와 온존데요, 엄마가 외할머니 선물을 보내셨거든요.",00
70,난 딸 없다.,00
71,외할아버지가 딸이 없으면 우리엄마는 누구예요?,00
72,난 모른다.,00
73,이거 안 받으실 거예요?,00
74,"너무 무거워서 다시 가져갈 수도 없다구요, 그냥 여기다가 놓고 갈게요.",00
75,"그럼 저희는 갈게요, 외할아버지, 외할머니 만수무강하시라고 엄마가 전해달래요. 안녕히 계셔요.",00
76,할아버진 언제쯤 화가 풀리시려나?,00
77,"알수없지, 아까 올라오다 본 학교있지? 우리 거기서 물건 좀 팔다갈까?",00
78,그럴까?,00
79,저희가 직접 만든거예요,00
80,최고의 낚싯줄로 만들어서 절대 끊어지지 않아요.,00
81,좀 깍아주셔요,00
82,우리 둘 중 누가 언니인지 맞추면 깍아줄게,00
83,"혜주씨, 어쩌지? 오늘 영화보기로 한거 나중으로 미뤄야겠는데? 급한 일이 생겨서 말야..언제가 좋을까?",00
84,저야 뭐...늘 오픈이죠.,00
85,그럼 약속 나중에 다시 잡자. 미안～,00
86,찾았다.,00
87,"그래서 다시 내가 팀장님께 얘기를 했지, 친구들이 섭섭해한다 그렇게 말했더니 친구들이 그렇게 중요하니 그러시잖아? 그래서 그럼요 그랬지, 그랬더니 그럼 내일 하라구 그러시지 뭐야, 근데 두 개만 꽂으니깐 어째 스무 살이 아니라 두 살 같다.",00
88,생일축하해! 니가 사달라고 말한 거 그거 맞지?,00
89,"맞아, 정말 고마워. 가끔 이런색 발라보고 싶을때가 있거든",00
90,비류와 온조의 선물을 뜯어보는 혜주.,00
91,이건 뭐야?,00
92,뽕브라?,00
93,이거 나 주는 거야? 너무 귀엽다. 태어난지 얼마나 된거야?,00
94,이름은 티티야,00
95,티티? 이름이 어째 좀 그렇다.그지?,00
96,음 많이,00
97,야! 니가 여긴 뭐하러 오니?,00
98,누구? 재용이? 오라 그래.,00
99,비류와 온조가 너보고 싶어 죽겠단다.,00
100,이거 니가 그린거니? 멋있다. 근데 그릴려면 좀 지루하겠다.,00
101,너 그럼 요새 집에 있는 거야?,00
102,응.,00
103,매일 뭐하는데?,00
104,유학가면 어떨까 생각중이야. 우리나라에서는 디자인공부해도 결국 다 외국으로 유학들 가잖아.,00
105,유학은 뭐 아무나 가니? 돈이 있어야 가지.,00
106,"그러지 말고 내가 일자리 알아봐 줄테니깐 빨리 돈이나 벌어, 그래서 학원이라도 다녀보든지 알았어? 야 서지영!",00
107,"몸에도 나쁜걸 뭐하러 그렇게 피워대냐? 정말 인류의 미래가 걱정돼, .. 더군다나 니네들은 엄마가 될 사람들이잖아",00
108,"치, 넌 혜주 어디가 그렇게 좋은거니?",00
109,"...예쁘잖아, 나는 세상에서 혜주만큼 예쁜애를 본적이 없어",00
110,고양이 좋아해?,00
111,"...예쁘쟎아, 고양이를 좋아하는 남자는 좋은 여자를 얻을수 있다는 속담을 믿거든",00
112,그런 속담이 있어?,00
113,어때? 어울려?,00
114,"참아줘, 제발...",00
115,이거 언제 산거야? 예쁘다 못보던건데,00
116,"야 재수생, 넌 무슨과 갈지 정했어?",00
117,"야, 담배 좀 사와.",00
118,"잘가, 생일 축하해, 재용아 힘내! 잘해봐!",00
119,"넌 친구지 애인이 아냐, 알았어? 명심해. 제발 착각 좀 하지말라구.",00
120,"나 이제 갈래, 혜주야 생일 축하해",00
121,"야, 그리구 너 제발 콧털 좀 깎고 다녀라. 응?",00
122,티티야 춥지?,00
123,야! 꼭두새벽부터 사람을 오라가라 해야겠어?,00
124,어제는 별 생각없이 받았는데 내가 키울 조건이 아니거든. 곧 이사도 가야되고말야,00
125,니가 원래 그렇지 뭐.,00
126,"근데 얘말야, 조그만게 왜그렇게 똥을 많이 싸니? 나 회사 늦겠다. 언제 우리 회사 근처로 놀러와 맛있는거 사줄께.",00
127,언제?,00
128,"혜주, 서둘러 역사로 들어간다. 지영이는 고양이를 안고 시계를 보며 하품을 한다.",00
129,아저씨가 무슨 상관이예요.,00
130,잠은 집에서 자야지 왜 극장에서 자냐고. 영화 끝났으니깐 빨리 나가,00
131,한국통신 2만주 7만7천8백원 매수.,00
132,제대로 된거야?,00
133,그런 것 같아요,00
134,코드번호는 어떻게 외웠어?,00
135,증권사 다니는데 그 정돈 알아야죠.,00
136,장중에 이렇게 자리를 비워도 되는거야?,00
137,대리님 식사?,00
138,오늘 메뉴가 뭐야,00
139,난 알지? 혜주씨랑 같은거,00
140,"야, 미리 전화도 안하고 오면 어떡해... 증권사에 점심시간이 어딨어.....아냐, 거기 역에 커피숍있지? 거기서 기다려 잠깐 내려갈께",00
141,혜주씨 거기 팩스 온거 좀 뽑아다 줄래?,00
142,어디야?,00
143,인천으로 가는 중이야,00
144,내가 월요일은 제일 바쁜날이라고 말했잖아,00
145,그럼 그냥가라고 하지 왜 한시간이나 사람을 기다리게 해,00
146,잠깐 얼굴이나 볼려고 그랬지,00
147,일이나 잘해,00
148,"이거 보고 있다가 배가 올 때마다 터미날입구에 가서 나눠줘, 여관보다 싸구 그래서 보따리장사들이 선호를 한다더라.",00
149,이런다고 장사가 되겠어?,00
150,누구? 너가 웬일이야? .... 음 알았어 그러지 뭐.,00
151,"그런 방법말고는 없나요? 네, 그럼 나중에 다시 전화드릴께요.",00
152,지영이 아니니? 할머니 할아버지는 잘 계시고?,00
153,네... 아줌마 저 아무거나 일자리 좀 소개해주셔요.,00
154,나야 뭐 파출부 자리밖에 모르지.,00
155,"그런거라두 괜잖아요, 꼭 좀 부탁드려요. 저 지금 내려야되요.",00
156,어디든 한번 알아보마.,00
157,어디서 오는거야?,00
158,너 덕분에 빨리끝났는데? 참 까먹기 전에 줄께.. 여기,00
159,언제까지 갚아야돼?,00
160,"돈 생기면 갚어, 근데 뭐 할려구 그래?",00
161,"전에 일하던 데서 아직 입금이 안돼서 그래, 돈 생기면 금방 갚아주께, 그런 착한 표정 좀 짓지마 너무 싫으니깐,",00
162,너가 전화해서 의외였어.,00
163,내가 그렇게 전화를 안했나?,00
164,"우리 다 모일 때는 맨날 내가 연락하지, 너는 나한테 한번도 먼저 전화한 적 없었어.",00
165,그랬나?,00
166,"졸업하니깐 친구들하고 자꾸 멀어지는거 그게 제일 섭섭해, 학교 다닐 때가 진짜 좋았는데. 매일 만나다가 떨어져 지내니깐 이젠 만나도 할 얘기도 없어지구 말야",00
167,"됐어, 그냥 여기 어디서 혜주랑 밥먹고 갈래.",00
168,먼저 가세요,00
169,"난 다른 애들이 우리 엄마, 아빠 이혼했어 그러면서 울고 그러길래 부모가 이혼하는 게 굉장히 슬픈일인줄 알았는데 별 느낌 없다, 언니야 너는 어떠니 ?",00
170,아직 실감이 안나서 그래.,00
171,그래도 생각보다 빨리 끝나더라. 난 애들 만나고 들어갈래 언니 먼저 들어가,00
172,"아까 그 아줌마처럼 거지가 될까봐 무서워,",00
173,"글쎄 난 무섭다는 생각은 별로 안해봤구, 가끔 그런 사람들보면 궁금해서 따라가보고 싶기는 해, 뭐하면서 지내는지, 아무런 미련없이 자유롭게 떠돌아 다닐수 있는건 좋은 일 아냐?",00
174,"과연 자유로울까? 전혀 좋을거 같지 않은데? 어떤일이 생길지 어떻게 알아, 게다가 우리는 여잔데,",00
175,너 보기보다 겁 많구나?,00
176,무슨 일이야?......나 지금 바뻐... 그래,00
177,"어,누구좀 만나고 있어, 그냥 아는 친구...난 너가 모르는 친구도 있음 안되니?...알았어, 이따 전화 할께",00
178,혹시 너두 혜주?,00
179,음..,00
180,번호는 그대로 하고 기기만 바꿀려고요,00
181,"직원, 여러 가지 핸드폰을 진열대에서 꺼내 놓으며 핸드폰들의 장점을 설명한다.",00
182,어떠냐? 저걸 달면 가게가 눈에 확 띄겠지? 보기 좋지?,00
183,어? 너 웬일이야?,00
184,"차타고 지나가는데 너 서있는게 보이더라고, 야! 간판 되게 크다.",00
185,떡 먹을래?,00
186,떡까지 했어? 우리 어디 딴데 가자,00
187,이런걸 요즘 누가 신는다고 이러는 거야. 양말 한 켤레에 얼마나 한다고.,00
188,뭐든지 아껴써야 잘 살지.,00
189,우리가 뭐 아낄게 있기나 한가. 할아버지 소리좀 줄여,00
190,잘놀았어?,00
191,앞으로 다 그린 거에는 니 발자국 낙관을 찍어줄게,00
192,...사실은 지영이 만났었어. 나한테 돈좀 꿔달라고 연락이 왔었거든,00
193,"어쩐지...너 지영이한테 그렇게 잘해주지마, 넌 사람들 부탁 거절도 못하구 맨날 그렇게 살다가 사람들한테 이용만 당한다구.",00
194,그게 뭐 나쁘니? 사람들에게 내가 소용이 있다는 건 좋은일이지 뭘그래?,00
195,너가 아직 세상의 쓴맛을 못 봐서 그래.,00
196,너나 쓴맛 많이보구 살어.,00
197,지영이 니돈 절대 안갚을걸? 나두 전에 몇번 돈 꿔준 적 있었는데 한번두 못 받았어.,00
198,"진짜 돈이 없었나보지,",00
199,나.. 주상이랑 어떡할까?,00
200,"그 뇌성마비시인? 어떡하긴 뭘 어떡해, 너 언제 철들려고 그러니? 애매한 동정심하고 사랑은 달라, 하여튼 철딱서니 없어가지구 말야,",00
201,"나 진짜 걔 좋아해, 맘에 든다구",00
202,"니말대로 타자 치는 소리는 좋아, 그치만 시를 컴퓨터로 치면 안된다는 건 쓸데없는 고집이라고 봐.",00
203,그래야 너도 만날 수 있잖아.,00
204,왜? 내 얼굴에 뭐 묻었어?,00
205,어디?,00
206,언니야 서울 시민이 된 기분이 어떠니? 내가 제일 싫어하든게 뭔지 아니? 밤에 돌아올 때 전철 안에 진동하는 돼지갈비 냄새랑 술 냄새. 정말 생각만 해도 지겨워.,00
207,나 이번 발령 때 여수로 가게 될지도 몰라.,00
208,진짜야?,00
209,너 이제 가야지 뭐해?,00
210,가라구?,00
211,그럼? 여기서 살거야?,00
212,아니 밥이라도 먹구 가야지 재용아!...너 진짜 못됐다.,00
213,"내가 도와 달랜 거 아냐, 자기 오늘 할 일없다고 운동 삼아 짐나르고 싶다고 했다구.",00
214,언니야 어디 아파?,00
215,저기요 물어보고 싶은게 있는데요.,00
216,저기 여자가 영원히 아이를 가지지 않으려면 어떤 수술을 해야해요? 비용은 얼마나 들죠?,00
217,"두시간쯤 있으면 마취 풀리고 괜찮아 진대, 아프지는 않았어? 괜잖아? 언니 힘없어 할 필요 없어, 제대로 키우지도 못할 애를 낳아서 뭐해. 낙태하는게 무슨 죄도 아니고",00
218,"아가씨들, 이 수술 자주하면 머리 나빠져.",00
219,한번 와서 보시기나 하셔요. 이런건 주인집이 고쳐줘야 한다구요. 여보세요 여보세요..,00
220,뭐라든?,00
221,이참에 아주 이사를 가래. 할머니 우리도 이사갈까?,00
222,이부자리를 저쪽으로 옮겨야 되겠어.,00
223,"지영아, 산에는 절대 가지 마라, 니 아비 산에서 죽은거 알고있지?",00
224,알았어 산에 안가.,00
225,너 태어났을 때 니 애비는 우리 지영이가 여왕이 될거라고 했었는데.,00
226,이거 너가 한짓이지? 근데 겨울에도 나방이 있니?,00
227,"티티야 이리와, 이리 오라니깐.",00
228,야 너 이리 안나와?,00
229,운전은 할 줄 아나?,00
230,아니요.,00
231,전화정도는 받을수있어야 하는데 영어는 좀 하나?,00
232,아니요.,00
233,컴퓨터는?,00
234,학교에서 기본적인거 배우기는 했지만 잘은 못해요.,00
235,그럼 술은 잘먹나?,00
236,"그럼 영업부는 안되겠고, 경리부밖에 없는데 여기보니깐 부모님이 모두 안계시는 걸로 되어있는데...",00
237,"네, 할머니 할아버지랑 사는데요",00
238,"어린나이에 고생이 많겠군 그래, 경리로 일할려면 보증을 서줄 직계가족이 필요한데,",00
239,너도 해줄까?,00
240,쟤 재용이 아니니?,00
241,너 오늘 좀 달라보인다?,00
242,쟨 누구야? 예쁜데?,00
243,그냥 아는 후배,00
244,너 남고 나왔잖아?,00
245,"학원 같이 다니는 애야, 아무 사이도 아냐, 나중에 보자, 혜주한테 말하지마",00
246,좀 이상하지?,00
247,음 많이,00
248,나는 뭐 한가해서 맨날 너희한테 연락하고 이러는 줄 아니?,00
249,"혜주가 일요일밖에 안된다니 어떡하니,",00
250,"글쎄,잘 모르겠다.",00
251,"한달에 한번씩은 만나줘야 우정이 유지되지, 이러다가 금방 우리 우정 금 간다구.",00
252,근데 인천까지 언제가니..니네가 서울로 오면 안돼? 그러지말고 우리집으로 놀러와라,00
253,"넷이 서울로 가는게 낫냐, 너 하나가 인천으로 오는게 더 낫냐?",00
254,너희 넷이 서울로 오는거... 알았어 농담이야...주말에 집정리 좀 할려고 했는데,00
255,혜주네 집까지 가야돼면 난 안가,00
256,무슨 책을 그렇게 열심히 보고있어? 뭐야?,00
257,어 그냥.,00
258,우리 저번에 재용이 봤다,00
259,어떤 여자애랑 가고 있던데?,00
260,그래서?,00
261,"그냥 그랬다구, 근데 그 여자애 무지 귀엽더라",00
262,재용이랑 정말 잘 어울리던데?,00
263,그게 나랑 무슨 상관이야?,00
264,"나 한국사람 좋아, 나 한국여자 사랑해",00
265,한국말 잘하네요. 어디서 오셨어요?,00
266,야 미얀마가 어디있는거니?,00
267,어쩔까? 같이 놀자는데?,00
268,왜 재미있을거 같은데 같이 놀아보자.,00
269,야 공돌이들하고 뭘 놀아.,00
270,나 이제 공장 안다녀.,00
271,"태희야, 넌 동남아 타입인가봐, 왜그렇게 동남아 남자들이 꼬이니?",00
272,이제 뭐하지?,00
273,얘들아 나 좀 붙잡아줘,00
274,"아가씨, 그거 해, 아가씨 입으면 잘 어울리겠다.",00
275,입어봐도 돼죠?,00
276,이거 어때? 살까?,00
277,혜주.기분이 나쁘다.,00
278,또 살려구?,00
279,갖고싶은게 계속 보이는데 어떡해,00
280,이거 얼마에 주실거예요?,00
281,어디야?,00
282,넌 어딘데? 야 온조야!,00
283,나 비류야.,00
284,온조는?,00
285,나도 모르겠어.,00
286,거의 다왔으니깐 그럼 거기 그대로 있어... 아니야 거기 있어 내가 갈게.,00
287,야 비류야.,00
288,"나 온조야, 비류 어딨어?",00
289,저기 입구쪽에 태희랑 있대.,00
290,여기 입구쪽에 있겠다더니 어디간거야.,00
291,반대쪽 입구로 간거아냐?,00
292,아까 우리 들어온 입구 있지? 우린 거기 있는데 너흰 어디야?,00
293,근데 지영이는?,00
294,저기있네.,00
295,"나 먼저 갈래,",00
296,넌 왜 왼종일 뚱한 얼굴이야?,00
297,그래서 오기 싫다고 했잖아,00
298,누가 널 억지로 끌고 왔니?,00
299,"지영아, 애들하고 같이가자.",00
300,"나 기분도 안좋은데 괜히 왔나봐, 더 놀다가 와.",00
301,"니들이 서울까지 왔는데, 내가 쏠게, 뭐 좀 먹고 가자.",00
302,야 너 지영이한테 자꾸 왜그래?,00
303,"맨날 자기만 특별한 척하구 말야,",00
304,옛날에는 너희둘 제일 친한 사이였잖아.,00
305,너 요즘 진짜 지영이랑 친해졌나본데 응?,00
306,지영이가 요즘 어떤지 알기나 해? 넌 너가 필요할 때만 친구지? 너 한번이라두 친구에 대해 진지하게 생각해 본적 있어? 너한텐 도대체 뭐가 중요한거야?,00
307,옷이다 왜?,00
308,아저씨 600원인지 알았어요. 지금 돈이 한푼도 없는데 어떡하죠?,00
309,어떡하긴 뭘 어떡해? 몸으로 때워야지.,00
310,몸으로 때우는게 어떤거야? 자 이거면 돼?,00
311,칼로 잘라 먹으면 되잖아.,00
312,통장아줌마가 웬일이셔요?,00
313,"쓰레기 봉투 주러 왔지, 근데 아직도 일자리 못 얻었니?",00
314,여기가 다 좋은데 교통이 너무 불편해서 나두 소개시켜주기가 좀 그랬지.,00
315,전 괜찮아요.,00
316,일단 다녀보다가 더 좋은데가 생기면 옮겨 음?,00
317,고마워요.,00
318,"세금은 다 이 통장으로 자동이체되게 해놨으니깐 이거 잘 가지고 있고, 나갈땐 꼭 창문까지 다 잠그고 나가고...",00
319,주말마다 온다며 뭘 그래? 영영 떠나는 사람처럼..,00
320,"그래도 혹시 모르잖아...가끔 엄마, 아빠한테 전화 좀 하구 그래, 이거 선물.",00
321,"언니야 내가 돈 많이 벌어서 언니는 일하지 않고 편하게 살게 해줄게, 나만 믿어",00
322,우리 내년 여름엔 휴가맞춰서 같이 놀러가자,00
323,"고마워 재용아, 너답지않게 무슨 배웅을 나온다고 해서, 재용이만 성가시게 하고..",00
324,"멋있잖아, 떠나는 차보고 손 흔들어주고, 언니야 전화 자주해야 돼.",00
325,그래 알았어.,00
326,야! 야! 너 우리집 갈래? 맛있는거 해주께...근데 너 또 머리 이발소에서 깎았지? 티가나요 티가 미장원에서 자르라고 몇번이나 말해야 알겠니?,00
327,챙피하니깐 그러지,00
328,"담에 내가 같이 가줄께,",00
329,다 고쳤어?,00
330,좀 더 봐야 알겠는데?,00
331,자 먹자,00
332,다른애들은 어떻게 지내?,00
333,"몰라, 지영이가 백수되더니 태희랑 자주 만나나봐",00
334,"왜, 애들이랑 싸웠냐?",00
335,"요즘은 만나도 재미가 없어, 학교 다닐때야 학교가 싫고 선생들이 미우니깐 같이 욕하는 재미에 놀았는데...너야말로 오늘은 데이트 없나보지?",00
336,아? 걔?... 그냥 학원친구야...같은 동네살아서 그날 같이 간거뿐이야,00
337,누가 물어봤어?,00
338,아무일도 없다 왜? 꼭 무슨일이 있어야 전화하니? 넌 매일 나한테 전화하면서 내가 먼저 전화하면 안되는 거니?,00
339,나 지금 바뻐 .,00
340,너 지영이한테 사과했어?,00
341,야! 뭐 대단히 큰 잘못을 했다구 사과까지 하니? 지금 마감시간이라서 바쁘니깐 이따 밤에 통화하자,00
342,"계세요, 여기가 지영이네 집인가요?",00
343,"우리 지영이 친구가 집에 놀러온건 처음이네, 참하게도 생겼지",00
344,전 이제 됐어요 할머니도 좀 드셔요,00
345,너 여기 웬일이야?,00
346,그냥 너가 뭐하고 살고있나 궁금해서 방문한 거야. 같이 산책이나 할까하고.,00
347,왜 전화도 안하니? 몇번이나 메시지 남겼는데...,00
348,그동안 일이 좀 많았어,00
349,"혜주 일은 너무 담아두지마....너가 할머니, 할아버지랑 사는지 몰랐어.",00
350,나두 하나 줄래? ...니가 담배 피는게 좋아보여서,00
351,언니가 피는걸 한번 봐... 이렇게,00
352,그림은 잘돼가?,00
353,"나 주는거야? 고마워, 근데 넌 풍경화나 초상화 같은건 안그리니?",00
354,난 그런건 싫더라구,00
355,이게 요일 칫솔이거든? 매일 바꿔가며 이닦으면 기분이 좋아질거야,00
356,"월,화,수,목,금,토,일 이렇게?",00
357,"아니 월,화,수,목,금,토,일 이렇게",00
358,넌 앞으로 뭐할거니? 졸업하고 일년이나 별일 안했잖아.,00
359,너 혹시 워킹 홀리데이라는 말 들어봤니?,00
360,아니 그게 뭔데?,00
361,신문에서 봤는데 호주에서 공짜로 일자리도 소개시켜주고 영어공부도 시켜주고 그러는 거라는데? 괜찮겠지?,00
362,설마 그런게 있을라구. 아무나 할 수 있는 거래?,00
363,거기는 땅은 넓은데 사람은 별루 없으니깐 하는 거겠지.,00
364,"그런게 진짜 있다면 나두 가구싶다,",00
365,어딜 그렇게 쏴 돌아 다녀? 어디서 온종일 수다나 떨게 뻔하면서.,00
366,여자들은 그 어떤 진지한 이야기를 해도 수다가 된다니깐.,00
367,우리 딸 이리와봐.,00
368,왜 또 그래?,00
369,너같이 못생겨서 어디 시집이나 갈 수 있을지 모르겠다.,00
370,짚신도 다 제 짝이 있대.,00
371,너같은 애를 내가 평생 데리고 살아야 될까봐 걱정이 태산이다.,00
372,걱정마 그런일 없을테니깐.... 아빠 나도 공부해서 대학갈래.,00
373,난 공부하겠다는 걸 말린 일은 없다. 너가 공부만 잘했으면 대학이 아니라 박사까지 시켜주었을거다.,00
374,그러니깐 이제 열심히 공부할거야.,00
375,"그럼 가게는 누가보고? 대학갈거면 진작부터 공부를 잘했어야지, 가게 지키다가 시집이나 가. 요즘 봐라 석박사들도 다 장사에 뛰어드는 판에...그리구 넌 나 닮아서 공부는 안돼, 우리가문은 대대로 머리가 나뻐서 공부로 성공한 놈은 한놈도 없어",00
376,그래서 무슨 과 가고싶은데?,00
377,정치인이 되면 어떨까? 사람들을 위해 좋은일을 많이 하고 싶어,00
378,차라리 개그맨을 하는게 어떠냐?,00
379,예?,00
380,너 사람 웃기는 소리 잘하잖니?,00
381,나 스튜어디스 되면 어떨까?,00
382,"그게 하고싶다고 아무나 되니? 외모가 중요하니까, 키도 커야 하구.",00
383,그거 무슨 뜻이야?,00
384,"나니까 솔직히 얘기해 주는 거야, 너한텐 어떤 과가 좋을까?",00
385,"뭔가 의미있는 걸 할려구, 그리고 내가 좋아할 수도 있는..",00
386,그런 막연한 생각으로 어떻게 공부를 하겠니?,00
387,넌 왜 남들이 뭔가 하려고 계획을 세우면 맨날 무시 하니?,00
388,"너가 잘 몰라서 그러는데 사회생활을 오래한 언니 말을 들어, 무역학과나 정보처리과 그런데 가...내 가 이십 평생에 범한 가장 큰 실수가 뭐라고 생각하는지 아니? 별 생각도 없이 여상에 간거. 인천에서 제일 좋은 여상 나오면 뭐해, 누가 알아주지도 않는데.. 그치만 후회는 안해. 대학간 애들보다 4년을 벌었다고 생각하지, 대학 안 가구 성공할거야...그래서 여기저기 출장도 가고말야...",00
389,혜주씨가 안경 쓴 거 처음 본다. 근데 눈이 정말 나쁜가 보네?,00
390,"역시 우리학교 후배들이라 지성에다가 미모까지....혜주씨, 우리 마실 것 좀 주라, 어～ 이게 누구야? 안경때메 못 알아 보겠는데? 눈이 새우젓같이 보이는데? 하하하",00
391,한번 일어나서 걸어봐요 어지럽진 않죠?,00
392,"왜 안경 계속 쓰고있지 벌써 벗었어, 재미있던데 하하하?",00
393,"박대리님, 이거 드세요.",00
394,어? 왜이래?,00
395,좋아하면 뭐든 주고싶어지는거 아니겠어요?,00
396,"어?...암튼 고마워. 잘 마실게, 역시 혜주씨밖에 없다니까.",00
397,아무거나 여기서 제일 많이 팔리는 걸로 자네가 골라줘봐.,00
398,"손님, 이건 어떨까요? 이것도 손님들이 많이 찾으시구요.",00
399,"대충 자네가 알아서 줘, 물론 맛없으면 자네가 책임져야지.",00
400,"비싸기만 한게 뭐 먹을 수나 있게 나오겠냐? 태식아 어디든 가서 뭘 먹어야 할지 모를 때는 제일 많이 팔리는걸 시켜, 그러면 안심이다.",00
401,"아빠 때리는 거만 폭력이 아냐, 이것도 인권을 무시하는 폭력이라구.",00
402,"종업원한테 미안하니깐 그러지. 쪼잔하게 메뉴판들고 몇 분씩 고르는 인간치고 난놈을 못 봤어, 태식아 아무거나 주는 대로 잘먹겠습니다 그런 놈들이 되도 뭐가 되는 거야.",00
403,"아버지, 전 원래 아무거나 잘 먹어요. 걱정마셔요.",00
404,정말 많이도 썼다. 이젠 시집으로 묶어도 되겠는데?,00
405,정말 너가 부럽다. 대단해..이렇게 뭔가를 해내다니 내가 다 뿌듯하다.,00
406,니 입술이...,00
407,왜?,00
408,예뻐서...,00
409,"언니가 못 온다니 어쩌니.. 그럼 하나 사와, 이따 돈줄께, 예쁜걸루, 덕분에 서울나들이 하고 좋지 뭘 그래.",00
410,자 빨간 점만 보는 겁니다.,00
411,네.,00
412,이제 쏩니다.,00
413,어저씨 이거 주세요,00
414,이거 무슨 색이야?,00
415,음 검은색.,00
416,아프지는 않어?,00
417,"별루, 이따 저녁쯤 마취 풀리면 그때부터 아프대. 레이저로 각막 태울 때 냄새났어, 고기타는 냄새랑 비슷하더라, 이젠 손톱 길러 볼 수 있겠다. 맨날 렌즈 찢어져서 손톱을 기를수가 있어야지.",00
418,그럼 겨우 손톱 기르려고 수술한 거야? 부작용 생기면 검은 눈동자가 하얗게 변한다는 말도 못 들어봤어?,00
419,"내몸을 바꿀 수 있는데까지 바꿔 볼테야 몸은 만들기 나름이라구. 다음엔 여기 광대뼈 깎고 턱도 고칠거다, 친구야 나 배고파 뭐 먹구 가자. 뭐 매운거 먹구싶다.",00
420,넌 너가 필요할때만 친구지? 음?,00
421,엄마 뭐해?,00
422,약 덮이지,00
423,그걸 뭘 그렇게 쳐다보고 있냐고,00
424,너도 먹을래?,00
425,"난 그냥 계속 돌아다니고 싶어, 어떤 곳이든 한곳에서 머물러 살아야 한다고 생각하면 답답해...계속 배를 타고 물처럼 흘러 다니면서 사는 거지...어디에도 멈추지 않으면서 말야.. 배안에 이렇게 누워서 하늘에 지나가는 구름도 보고 책도 읽고 말야",00
426,"야! 그럼 난 니가 지나가는 강옆에 그림같은 전원주택에서 살고 있을테니깐 지나가다가 들려 알았지? 야, 말이 되는 소릴해라, 그렇다고 집을 나가냐? 니네 짠돌이 아빠때메 그래? 독립이랑 가출은 다르다고...",00
427,"내가 언제 아빠가 싫어서 집을 나가겠다구 했니? 엄마, 아빠가 싫다고 울면서 집을 나가는 건 십대에나 하는 짓이지 그건 너무 시시하잖아. 난 그 이상의 이유를 찾겠다는 거지. 뭔가를 찾고싶다고",00
428,그 뭔가가 뭔데?,00
429,아직은 모르지,00
430,"난리 났어 진짜, 누구나 가정문제로 집을 나가는 거잖아, 집에서 행복하고 만족한다면 왜 나가고 싶겠어? 안그래? 너같은 딸 나을까봐 걱정된다 진짜",00
431,어때? 예쁘지? 근데 이거 너무 짧지? 니네들 엄마 키가 너희들만 한가보다?,00
432,밖에 되게 추워,00
433,소주도 사왔니?,00
434,난 떡볶이만 보면 태희랑 처음 친구되던 날 생각나더라,00
435,"나랑 지영이랑 일미분식에서 떡볶이 먹고있는데 얘가 씩씩거리면서 혼자 들어와서 떡볶이를 시켜 먹는거야, 내가 넌 왜 혼자먹니 하니깐 자긴 떡볶이가 너무 좋은데 찬미가 먹기 싫다고 해서 화내고 혼자 들어왔다나? 그래서 내가 같이 먹자고 했지, 너 그때 진짜 웃겼던거 아니?",00
436,걔가 떡볶이를 무지 싫어한다는 얘길 했을땐 정말 하늘이 노래지더라구,00
437,동네가 다 정전인가봐,00
438,보름달 덕분에 불빛하나 없는데도 밝은데?,00
439,니네 그거 알아? 보름달 뜬 밤에 미래의 자기 배우자를 보는 방법?,00
440,담배가지고 올라갈게,00
441,거울에 보름달이 담기도록 놓아야 해,00
442,멋있는 사람이 보여야 할텐데,00
443,"어떤 여자가 이걸하다가 대머리 아저씨가 나타나서 깜짝놀라는 바람에 칼을 거울위로 떨어뜨렸대, 나중에 선을 보러 나갔는데 글쎄 얼굴에 칼자국이 난 대머리 아저씨가 앉아있더래",00
444,재용이가 보이는거 아냐?,00
445,어우 야 절대 안돼,00
446,"이상하다, 혹시 소복을 안입어서 그런가?",00
447,혜주가 미래의 배우자가 없는거 아냐? 우리둘이 한번 해볼까? 괜찮은 쌍둥이 형제가 나타날지도 모르잖아,00
448,그럴까?,00
449,니네 애들처럼 이걸 진짜 믿은거야?,00
450,추워. 이러다가 결혼은 켜녕 그전에 얼어죽겠다. 들어가자,00
451,우리는 나온김에 달의 정기를 좀 쐬다가 갈게,00
452,"다리에 감각이 없어, 니가 아까 입어 보겠다고 할 때 벗어줄걸 그랬다",00
453,마음 좀 곱게 써라 응?,00
454,누구때메 이렇게 된건데? 어떻게 이러고 내일까지 기다리냐고..,00
455,.. 얘들아 좋은 생각이 났어,00
456,"야 땀나니깐 안추워, 너두 일루와",00
457,우리 나중에 이렇게 모여서 살면 좋겠다. 어디 무인도같은데서,00
458,같이 모여서 산다는게 얼마나 힘든건데,00
459,너나 힘들지 우리는 힘 안들어,00
460,니네 둘 오늘은 싸우지좀 마 응?,00
461,"너 아직까지 삐졌구나? 속은 좁아가지구, 야, 내가 잘못했으니까 고만 삐져. 내가 니 일자리도 알아보고 있어...",00
462,너 뭐야? 어딜 치구 그래?,00
463,너야말로 왜그래?,00
464,니가 신경 안써줘도 살만해.,00
465,"살만하긴 뭐가 살만해, 식당에서 일한다며....",00
466,그러는 넌 얼마나 대단한 일을 하는데?,00
467,사실 말이 나왔으니 하는 얘기지만 혜주가 증권사에 들어간건 미스테리중의 미스테리야,00
468,"맞아, 공부는 지영이가 더 잘했는데.. 지영이만 떨어지고 말야",00
469,"맞어, 뭔가 비리가 있었을거야.",00
470,야! 지금 얘네들 싸우라고 기름 붓는거니?,00
471,생각보다 따뜻하다,00
472,그렇지? 이래서 두더지들은 겨울에 땅굴에서 지내나봐,00
473,죽고싶다 죽이고싶다.,00
474,너가 유일한 유족이라 참고인 조서를 써야되는데 같이 경찰서로 가줘야겠어.,00
475,티티 좀 맡아줄래?,00
476,야 티티야 어딨니?,00
477,티티야 춥겠지만 당분간 여기서 살아야겠다. 미안해,00
478,"지붕이 무너지고 있었는데 왜 고치지를 않았어? 그날은 왜 집에 들어가지 않은거지? 야 노랑머리! 평소에도 외박을 자주해? 할머니 할아버지를 마지막 본게 몇시야? 평소에 할머니, 할아버지와의 관계는 어땠지?",00
479,"그냥 참고사항이니깐 편하게 말해도 돼, 이렇게 말 안하면 변사자 검시에 존속살인혐의에 우리까지 복잡해진다고 ...",00
480,이젠 끝이야?,00
481,아니..,00
482,너 요즘 창작열이 왕성하구나?,00
483,"유난히 큰 발소리, 내가 외계인처럼 생겼다며 놀리는 큰 웃음소리, 그애를 만져보고싶다",00
484,배고파?,00
485,아니 긴장하면 원래 그래....어디를 제일 만져보고 싶어?,00
486,여러분은 여기있는 한달동안 적성검사와 심리검사등을 받고 분류처분을 받게 됩니다. 아무런 사고없이 잘못을 뉘우치고 반성의 계기로 삼아야 합니다.,00
487,"처음이죠? 너무 겁먹지 마요, 전 이번이 세번짼데 얌전히만 있으면 지낼만해요",00
488,"고모, 할머니가 오래.",00
489,알았으니까 나가.,00
490,"야! 아빠가 만두 드시고 싶데, 빨리 가서 사와",00
491,"나중에, 아님 먹고 싶은 사람이 사오든지.",00
492,지금 사오래.,00
493,니가 가면 되잖아.,00
494,나는 공부하잖아.,00
495,새언니한테 가라구 해.,00
496,지금 애들 목욕시키잖아.,00
497,엄마는?,00
498,엄마는 통화중이셔.,00
499,나두 지금 사색중이라구.,00
500,그러니까 니가 가야지 놀고 있는건 너 하나뿐이잖아.,00
501,"알았어, 지금 만두 들고 가는 중이라니깐.",00
502,"지금 상담가는 쟤있죠? 조심해요, 머리에 이가 바글바글해요. 머리카락에 석회가 하애요",00
503,"어? 웃을줄도 아네? 언니 벙어린 줄 알았어요...언니라고 불러도 돼죠? 맨날 언니하나 있었으면 했는데, 언니 인상이 참 좋아요",00
504,걔가 아직 미성년이라서 분류심사원으로 일단 이송되었을걸?,00
505,거기는 어떻게 가는데요?,00
506,걔는 왜 찾는데?,00
507,제 친구인데요. 한번 가볼려구요,00
508,너 몇살이야? 아마 미성년은 가도 면회 안될걸? 내가 손 한번 써줄까?,00
509,저는 성년지났어요.,00
510,어떻게 될거 같아? 진짜 지영이가 관련이 있긴 있는거야,00
511,"관련은 무슨 관련, 그걸 말이라구 하니?",00
512,근데 말은 왜 안하는거야? 걔속은 진짜 알수가 있어야지,00
513,암튼 이따 만나서 얘기해보자,00
514,"난 안돼, 팀장님이 시킨일이 아직 끝나지가 않아서 못가",00
515,그럼 금요일에는 갈수 있어?,00
516,회사는 어쩌고... 잠깐만 기다려.,00
517,야 신혜주!,00
518,영어는 언제 배웠어?,00
519,원래 영어 공부하는거 좋아했거든요.,00
520,혜주씨는 대학 안가? 다른 고졸 사원들은 다 야간대학 다니던데.,00
521,여기서 더 많이 배울수 있는거 아니예요? 어디까지나 실전이 중요하잖아요. 팀장님한테 배우죠 뭐... 팀장님은 제가 하는 일이 가치있는 일이라는 느낌이 들게 해주셔서 뭐든 돕고싶어요.,00
522,하지만 학위도 필요하지. 평생 잔심부름이나 하는 저부가가치인간으로 살 순 없잖아.,00
523,왜 지영이가 말을 안하는 걸까?,00
524,글쎄.. 누구나 말하기 싫을 때가 있잖아.,00
525,혜주는 회사일때메 어렵데,00
526,"이거 봐 혜주가 보낸 메시지, 일이 매일 바쁜가 봐, 비류와 온조는 여전히 구슬꿰고.",00
527,"지영아 니가 도끼로 사람을 찍어죽였다고 해도 난 니편이야, 이유가 있어서 그러는거라고 생각해, 근데 말 안하면 입에 가시가 돋히거나 뭐 그러지는 않니?....형사아저씨가 그냥 형식적으로 조사하는 거였다는데, 니가 말을 하도 안해서 니 상황이 자꾸 나빠져 가는거 같애, 빨리 나와야지.",00
528,나가도 갈데도 없는데 뭐...,00
529,야 빨리 좀 해.,00
530,너 어디 아프니? 왜 신경질을 내구 그래.,00
531,모두들 가고 오지만 나는 늘 기다린다. 사람들은 움직이고 나는 잠을 잔다. 나는 언제나 잠자고 있는 기분이다.,00
532,주상아 오늘 시는 너같지가 않아.,00
533,그런 짓이라뇨? 우리가 무슨 나쁜 일이라도 했다는 건가요?,00
534,"당분간 그애한테 안가는게 좋겠다. 그게 걔한테 어떤 영향을 줄지 생각해봤어야지, 막말로 그애랑 결혼이라도 할거야?",00
535,"사귄다고 누구나 결혼하는 건 아니잖아요. 그 얘기도 했어요, 난 아직 너랑 계속 사귈자신이 없고 결혼은 생각도 안해봤다 그래도 좋냐니깐 좋다고 했어요, 그래서 한거예요, 뭐가 잘못됐나요?",00
536,지금 주상인 몹시 불안한 상태야 정상이 아니라구.,00
537,"저두 지금 정상은 아니예요, 사랑에 빠지면 누구나 정상이 아니죠, 더군다나 우리 둘다 처음이었는데.",00
538,할머니.할아버지는....,00
539,"할머니 할아버지가 왜? 오늘도 말 안하면 넌 소년원으로 보내져, 전과자가 되는거라고",00
540,내가 있었다면.. 내가 할 수 있는 일이 없었어요. 이사도 못가고...그래도 나하나만 바라보면서....내가 너무 싫어요. 나만 살았다는게 너무 죄스러워요..할머니한테 매일 소리지르고 짜증내고...다죽고 차라리 고아가 되면 좋겠다고 생각했었는데...고아가 되었는데 기분이 좋지않아요. 하루에 열번도 더 할머니 할아버지가 빨리 죽게해달라고 빌었는데...내가 죽인거예요...,00
541,괜찮아?,00
542,"사회생활하다보면 그럴수도 있는거야, 그냥 한귀로 듣고 한귀로 흘려,",00
543,혜주씨 팀장님이 찾으셔,00
544,혜주 돌아서 큰숨을 들어마시며 눈물을 닦는다.,00
545,"성과에 따라 인정받을 수 있고 인정받으면 몸값도 바로 올라가는게 장점이야, 이 바닥이 워낙 소문이 빨라서 분석이 좀 괜찮다 싶으면 누구 작품인지 업계에 금방 퍼지거든, 잠깐만.",00
546,"나가는 길에 부탁 좀 하나 하려구. 이런 사적인 일은 시키면 안되는데.. 미처 준비를 못해서 그래, 미안~ 여기 백화점 카드.",00
547,아니에요. 뭐 더 시키실 일은 없으셔요?,00
548,"내 전화번호야, 언니 나 잊지마",00
549,춥다. 우리 그만 들어갈까?,00
550,그럴까?,00
551,이건 운명이야!,00
552,너두 그렇게 생각해?,00
553,쫓아가자!,00
554,엄마는 왜 뭐든지 한꺼번에 왕창 사서 다 썩게 만드는 거야?,00
555,정말 모자랄 만큼 적게 산다고 생각해서 사는데도 그래.,00
556,"엄만 손이 너무 켜, 엄마, 엄마는 왜 아빠랑 결혼했어?",00
557,좋으니까 했지.,00
558,지금도 좋아?,00
559,아빠는 가족들을 위해 최선을 다하잖아.. 왜? 뭐가 궁금한데?,00
560,"핸드폰이 얼마나 한다고 그걸 안사고 외근 나갈때마다 내걸 빌려가는거야 내참 오과장, 오늘 하루 커피심부름을 열한번 시킨거 알어? 누가 회사에 커피타러 들어왔는지 아나?",00
561,"좋은게 좋은거지, 커피좀 타면 어때요? 그런거에 민감한건 일종의 콤플렉스라구. 콤.플.렉.스, 그러니깐 저부가가치 인간이란 얘길 듣는거예요.",00
562,"알았어, 가면 되잖아.",00
563,"언니들, 나 너무 미워하지마.",00
564,괜찮아?,00
565,"내가 외로울 때 달려오는 건 너뿐이구나, 너 나랑 할래?",00
566,"이러지마, 난 너의 친구가 되주고 싶을 뿐이야, 넌 친구도 하나 없는 애잖아.",00
567,야!,00
568,"태희야, 속쓰리고 배고파, 우리집에 놀러와라.....뭐? 진짜야?...야 어쩔려구 그래....",00
569,배고프면 저럴 수도 있는거 아냐?,00
570,너두 배고프면 날 잡아먹어 알았지?,00
571,저... 김치 좀 먹어도 될까요?,00
572,네? 에,00
573,저... 물 좀 마시면 안될까요?,00
574,꽉 밟어.,00
575,"내가 졸업하고 나서 일년동안 아빠한테 돈 한푼 안받고 일했거든, 나 정도로 일하면 얼마를 받는지 알아보고 딱 그만큼만 가지고 나왔어.",00
576,근데 어디로 가?,00
577,"가면서 생각하지 뭐, 티티는 비류랑 온조에게 부탁했어, 걔네들이라면 잘 키워 줄거야.",00
578,"24, Nov 18. 판문점 공동경비구역 주위의 숲 풍경. 다리 난간에 떨어지기 시작하는 빗방울. 들릴 듯 말 듯 흐르는 음악, 김광석이 부르는 [이등병의 편지]. 다리와 두 초소의 전경 위로 점점 거세게 쏟아지는 빗줄기. 검게 가려진 북측 초소의 유리창 클로즈업. 돌연 총성과 함께 창에 구멍이 뚫린다. 총구멍을 통해 안으로부터 노란 전등 빛이 새어나오면서 빗줄기를 비춘다. 총성에 놀라 홱 고개를 돌리는 올빼미, 불안하게 움직이는 노란 눈동자 두 개의 클로즈업.",00
579,"05, Nov 18.",00
580,방금 발표된 중앙군사위원회의 성명을 읽어드리겠습니다.,00
581,.... 오늘 새벽 공두 시 이십 오 분....,00
582,....초소에 남조선 괴뢰군의 가증스러운 기습 테러 공격이.... ....있었다. 이 사고로....,00
583,북괴군 두 명이 죽고 한 명이 부상을 당했습니다....,00
584,....초소 경계 근무 중이던 한미연합사 소속 이수혁 병장은 군사분계선을 넘어 침투한 북괴군에 의해 납치되어 감금되었다가.... ....탈출하는 과정에서 이 같은 총격전을 벌인 것으로 보입니다.,00
585,....그러나 경애하는 최고사령관 동지의 지도를 꿈에도 잊지 않은 우리의 오경필 중사는.... ....단신으로 용맹히 응전하여 적을 부상 입혀....,00
586,....군사분계선 위에 쓰러진 채 발견됐습니다....,00
587,"....우리 인민은 주체조선, 영웅조선의 명예를 걸고, 계속되는 미제와.... .... 남조선 괴뢰도당의 노골적인 전쟁 기도에 대해 백 배 천 배의 복수를 다짐하면서....",00
588,....더 이상의 어떠한 도발도 좌시하지 않을 것임을 엄중히 경고하는 바입니다.,00
589,....이상입니다.,00
590,"....남북한 당국자들은 오늘 오후, ‘스위스와 스웨덴으로 구성된 중립국 감독 위원회의 책임 하에, 남북한이 실무 협조하는 안’에 극적으로 합의했습니다. 양측은 공동발표문에서, ‘북한 핵 개발을 둘러싼 서방측의 의혹과 미 태평양 함대의 동해 수역 진출로 위기가 고조되고 있는, 최근의 한반도 정세에 냉정하고도 객관적으로 접근할 필요성을 깊게 인식하고 있다’고 전제하고, ‘사소한 사고가 전쟁으로까지 비화되기를 원치 않는 양측의 절박한 요구가 이번 합의를 가능케 했다’고 밝혔습니다.",00
591,"47, Nov 21.",00
592,You were expecting a white male officer? 백인 남성을 기대했군요?,00
593,"No, not at all. It's just that you look much more Asian than I expected. 아, 아닙니다, 천만에요. 생각했던 것보다 동양적인 용모라.... Captain Gunnar Persson, Swedish. 군나르 페르손입니다. 스웨덴 출신이죠.",00
594,Major Sophie E. Jean. Swiss Air Force Intelligence Bureau. 스위스 공군 정보단 소령 소피 E. 장이에요.,00
595,Welcome to the Neutral Nations Supervisory Commission. You're the first female posted here since '53. 중감위에 오신 것을 환영합니다. 소령 님은 53년이래 판문점에 부임한 최초의 여군이십니다.,00
596,"Have a seat.... Was the trip pleasant, Major? 앉게. ....여행은 즐거웠나, 소령?",00
597,"Yes, sir. 네.",00
598,The general is also anthropologist studying Polynesian area. 장군께서는 폴리네시아 지역을 전공하는 인류학자이기도 하십니다.,00
599,So you're an ‘armchair anthropologist'. 소위 ‘안락의자 인류학자’시군요.,00
600,This armchair is not that comfortable anymore after this incident. 이번 사건이 터진 후로는 이 안락의자도 매우 불편해졌소.,00
601,My father is Korean. I was born in Zurich and brought up there. This is my first time in Korea. 아버지가 한국인이죠. 전 쮜리히에서 태어나서 자랐습니다. 한국은 처음이에요.,00
602,Were there Korean people is Switzerland that long ago? 그 옛날에 스위스에 간 한국인도 있었나?,00
603,"I don't know why my father left Korea, but I don't think it really matters, does it? 글쎄요.... 아버지가 왜 한국을 떠났는지는 저도 잘 모르지만, 그게 지금 중요한 문제인가요?",00
604,"Very well, what's important is that you're the only officer in Swiss and Swedish army who speaks Korean and has experience in military investigation. 아니, 중요한 건, 중립국 군에 수사 실무 경험이 있으면서 한국어를 구사할 수 있는 장교는 자네 하나 뿐이란 사실이지....",00
605,"I never understood why I had to learn Korean. It seemed useless to me. It was strange, my father used to beat me whenever I made a mistake learning Korean. 아무 쓸 데두 없는 한국어, 한마디만 틀려두 피가 나게 맞으면서 컸죠.",00
606,"My father was a nationalist. I hated him for that, but I guess I have to thank him now. 민족주의자 아버지를 증오해왔지만 이젠 고마워해야겠군요.",00
607,"Well, tell him I thank him also. 나도 함께 고마워한다고 전해드리기 바라네....",00
608,He's dead. 돌아가셨어요.,00
609,I'm sorry. 미안하네.,00
610,It's OK.. 괜찮습니다.,00
611,"There used to be no border between the North and South in JSA. The soldiers from both sides mingled freely in the good old Joint Security Area. But after the 'Axe Murders' in 1976.... 원래 JSA엔 군사분계선이 없었습니다. 남북한이 자유롭게 어울리던 글자 그대로의 ‘공동’ 경비구역이었죠. 하지만 76년 도끼 사건이 벌어지자.... Both sides agreed to build a concrete hump with a width of fifty centimeters and a height of five centimeters. After that... 남북 합의하에 폭 50cm, 높이 5cm의 이 콘크리트 턱을 설치하게 됩니다. 그 이후로....",00
612,Scheisse! 빌어먹을!,00
613,"Sorry, I'm late. 늦어서 죄송합니다.",00
614,"Not me, it's her.... 아, 제가 아니라 여기....",00
615,장 소령입니다.,00
616,강상훈 소령입니다. 한국말.... 아십니까?,00
617,‘피의자 신병 인도 절차’는 따로 밟을 필요 없죠? ‘협조공문’은 이미 받았을 테니까....,00
618,"정말 잘하시는구만요, 우리 말!",00
619,"그 정도야, ‘누워서 침 뱉기’죠, 뭐. ....한국 영화를 많이 봤거든요.",00
620,근데.... 꼭 오늘 인도해가야 합니까?,00
621,무슨 얘기예요?,00
622,사실 저희 쪽 조사가 아직 덜 끝났습니다. 그리고....,00
623,"뭐, 아퍼? 이 새끼가....? 너, 그런 자세루 이 사건 처리했다간 백발백중 깨져, 알어? 정일이가 비료 십 만 톤 요구 안 할 거 같애? 니가 사서 줄래, 엉?!",00
624,시정하겠습니다!,00
625,"시정 좋아하구 있네. 살이나 빼, 살!",00
626,뭐야!,00
627,"됐어, 됐어. 경례는 무슨....",00
628,충성!,00
629,"운동 좀 하고! 앉아요, 내 방은 아니지만. 앉아요. 아가씨.",00
630,"소령이라구 불러주셨으면 좋겠습니다, ....선, 생, 님.",00
631,얼굴만 이쁜 게 아니라 농담두 잘하는구만. ....이 사건은 뭐 뻔한 거 아냐? 빨갱이 놈들이 납치해놓구 자진월북으루 조작하려 한 거. 안 그래?,00
632,"예, 그렇습니다!",00
633,우리 애.... ....이름이 뭐랬지?,00
634,"예, 병장 이수혁입니다!",00
635,"어, 그래 수혁이.... 수혁이 포상휴가 좀 보내주게 빨리 끝냅시다. 대단한 놈이야, 이 놈.... 두 마리나 사살하다니.... 영웅이야, 영웅! 안 그래.... 소, 령?",00
636,장군님 의견은 수사에 참고하겠습니다.... 그럼 지금 이 순간부터 중립국갑독위원회에서 피의자 신병을 접수한 걸로 알겠습니다. 이제 제 허락 없인 어떤 한국군도 여기 들어올 수 없습니다.,00
637,"중립국감독위원회? ....세상엔 두 종류의 인간이 있어. 빨갱이, 그리구 빨갱이들의 적.... 여기 ‘중립’이 설자린 없어, 선택이 있을 뿐이지.... 쮜리히 법대 출신이라며? 현명한 선택을 하리라고 믿네.",00
638,아직 쇼크상태에서 완전히 깨나진 못했습니다. 둔기루 맞은 상첩니다. 북측에서 납치하기 위해 내려친 거 아니겠습니까?,00
639,장 소령이에요.,00
640,왜 이러구 서 있죠?,00
641,"적을 심리적으로 압도하기 위한 공격 자셉니다. 손은, 총을 제일 빨리 뽑을 수 있는 위치에 두는 거구요.",00
642,선글라스두 유니폼인가요?,00
643,눈싸움에서 밀리지 않기 위해서죠.,00
644,그럼 이....,00
645,총두 빨리 쏠 수 있고....,00
646,"몸 숨기기도 쉬운 위치죠. ....들어가시죠, 이제.",00
647,아- ....근데 이렇게 오른쪽을 가리구 서있으면 총은 어떻게 쏘죠?,00
648,I‘m Colonel Lee from Central Military Committee. 중앙군사위원회 리선혜 상좌요.,00
649,장 소령입니다.,00
650,"아버지가 한국 사람입니다. 들으시다시피 한국어두 잘 하구요, 보시다시피 여자에요.",00
651,....그런 것 같구만....,00
652,"이쪽은 페르손 대위 하구, 강상훈 소령이에요.",00
653,....왜요?,00
654,몸이 나셨어....세월 좋은가봐?,00
655,"아, 진급 안 해? 내가 언제까지나 소령 상대해 줄 줄 알어?",00
656,두분 있는 데서 할 말이 있어요. 이수혁과 오경필의 대질신문을 할 생각이에요.... 괜찮겠죠?,00
657,글쎄....?,00
658,제가 결정할 수 있는 문젠 아니구만요.,00
659,난 지금 부탁하구 있는 게 아니에요. ....가시죠.,00
660,좌로- 봣!,00
661,쉬엿 하시오.,00
662,....쉬엿!,00
663,"수령이시여 우리들에게 명령만 내리시라. 단숨에 달려가 원쑤 미제 이 땅에서 소탕하리라. 결전에로 부르는 당의 목소리, 우리들의 심장을 끓게 한다....",00
664,....뭐 하나 물어봐도 되나요? 정말 북한 사람들이 그렇게 많이 굶어 죽나요?,00
665,"....인민의 낙원, 조선민주주의인민공화국에 오신 것을 환영합니다.",00
666,"정확히 군사분계선 위에 쓰러지다니, 어째 좀 연극 같지 않소?",00
667,....없어진 탄둔 아직 못 찾았나요?,00
668,수색 중이요.,00
669,병사 수첩이요.,00
670,야아.... 잘 그렸다!,00
671,좀 비켜줄래요?,00
672,협조하시오.,00
673,차렷! 용맹히 싸워 적을 무찌른 오경필 동지를 향해 엽접 들어 총!,00
674,국기훈장 수훈을 축하하오.... 자.... ....받소. 경애하는 최고사령관 김정일 장군님께서 보내신 인삼보약이오.,00
675,경애하는 최고사령관 김정일 장군님을 위하여 복무하겠습니다! ....최고사령관 동지.... ....만세!,00
676,괜찮아요?,00
677,끄떡없습니다. 아프간에서 테러 당한 겁니다. 아랍 칼이 스치구 지나갔죠. 앙골라에선 대전차 지뢰 파편을 대검으로 파낸 적두 있어요. 보여줄까요?,00
678,"....그래요, 어디 한번 볼까요?",00
679,....괜찮다니 다행이군요. 그날 일에 대해 말해 줘요.,00
680,진술서 못 보셨습니까?,00
681,혼수상태에서 말하고 서명한 그 진술서 말인가요?,00
682,....밥맛없는 에미나이....,00
683,지금....뭐라구 했어요?,00
684,살려줘....,00
685,"남성식 일병, 초소에서 이수혁 병장과 같이 근무했고.... 용변 본다고 나간 이 병장을 기다리다가 총성을 들었다구요?",00
686,"예, 그렇습니다!",00
687,나 귀 안 먹었으니까 편하게 대답해요.,00
688,"네, 알겠습니다.",00
689,How many bullets were left in Sergeant Lee's Beretta? ....이수혁 권총에 남아 있던 탄환은 몇 개였죠?,00
690,Six. 6발이요.,00
691,How about on the dead bodies? 시신에 난 총상은요?,00
692,"It's actually ten, including the one that wounded Oh. But only nine were found at the scene. 오경필 부상 입힌 것까지 치면 10개입니다. 하지만 현장에서 발견된 탄두는 9개뿐이었죠.",00
693,‘Missing bullet'.... How many bullets can you put in the magazine? ‘사라진 탄환’이라.... 탄창엔 몇 발이나 들어가죠?,00
694,"Fifteen. So you're saying ""how come there're 10 bullets, when only 9 bullets were fired""? I see. But.... 15발이죠. 아, 그러니까 어떻게 9발 발사했는데 10발을 맞출 수 있느냐, 이거죠? 하지만.... You could push another one in like this.... 이렇게 하면 하나 더 들어가죠.",00
695,True. How many bullets you put in.... It only depends on your habit. 맞아요. 얼마나 넣느냐는 단지 습관의 문제에요.,00
696,It's to psyche you out. The family was brought on purpose. 일종의 심리전이에요. 일부러 가족을 부른 거죠.,00
697,두 발을 맞았구만요. 하나는 오른쪽 가슴으로 들어가서 오번 갈비뼈를 부순 다음 폐를 관통했고.... 이건 치명상이 아니야.... 두 번째가 진짠데....뇌가 반쯤 날아갔어요. 각도로 봐서 정면에서 쏜 거요.,00
698,It's an unfavorable evidence to South. 이건 남쪽에 불리한 증건데....,00
699,Why is that? 왜죠?,00
700,Shot him again after he was already down. The murder was carried out in 'execution style'. 쓰러진 사람을 내려다보면서 또 쏜 거야. ....법의학자들이 ‘처형 타입’이라고 부르는 거에요.,00
701,It's usually done when revenge is the motive. ....복수심에 의한 살인사건에서 자주 관찰되죠.,00
702,모두 일곱 발을 맞았는데.... 첫발의 후두부 관통으로 즉사한 것 같습니다. 나머진....시체에 대고 쏜 거나 마찬가지요.,00
703,"The shot that killed Choi was carefully aimed and fired to kill, but the rest were fired at Chung impulsively. This is an interesting difference. 앞의 것이 차분하게 계획된 범행 방식이라면, 뒤엣 것은 충동적으로 쏘아댔다는 뜻이죠. 흥미로운 차이에요.",00
704,공포탄이에요. 평소처럼 장전해서 차봐요.,00
705,"소대원들 말이 대단한 속사수라든데, 정말 그렇게 빠른가요? 한번 보여줄래요?",00
706,지금.... 수사 협조를 거부하고 있는 건가요?,00
707,"좋아요. 그럼 그 대신....방금 한 거, 한번 다시 해줄래요? 처음부터.",00
708,미안해요.,00
709,....그냥 앉아서 해두 되는데....,00
710,"In other words, ‘the missing bullet’ was not fired from Lee's Beretta, right? 그러니까.... 다시 말해서 ‘사라진 총알’은 이수혁의 총에서 발사된 게 아니다, 이거죠?",00
711,"If somebody hid that missing bullet, he didn't want anybody to know from which pistol the bullet was fired. 누군가 총알을 감췄다면 그건 강선 검사, 즉 어느 총에서 발사됐는지 밝혀지는 걸 두려워했다는 뜻이죠.",00
712,Then....? 그렇다면....?,00
713,"There could be ‘a fifth person’ at the murder scene. 현장에 다른 누군가, 즉 ‘제5의 인물’이 있었을 수도 있죠.",00
714,A fifth person? ....From which side? 다른 사람? ....어느 쪽이요?,00
715,I don't know. Probably North.... 북쪽.... ....or South. ....아니면 남쪽이겠죠.,00
716,What? 네?,00
717,정말 스위스 군인 맞아요?,00
718,"이 병장이, 군 생활에 대해선 많이 얘기하던가요?",00
719,남자들 모여 사는 데가 참 웃기더라구요.,00
720,이런 얘긴 안 하던가요? 자신이 특수임무를 띠고 있다거나.... 특별한 훈련을 받았다거나....,00
721,"좀 올려주실래요? ....그런 건 모르겠구.... 투망 던져서, 날아가는 독수리 잡았단 얘긴 들어봤어요.",00
722,수정씬.... 이 병장 일.... 걱정 안 돼요?,00
723,"저, 수혁씨 별루 심각하게 생각 안 해요.",00
724,"....이수혁 병장, 한 마디루 어떤 사람이에요?",00
725,"글쎄.... 아, 우리 오빠한테 해주는 거 보면 얼마나 착한 지 알 수 있어요. 오빤 어려서부터 저하구만 놀았지 친구두 별루 없었거든요. 근데 입대한 후론 굉장히 좋아졌어요. 다 수혁씨 덕이죠. 워낙 다정하기두 하지만, 아마 자기두 가난하게 자라서....",00
726,"잠깐만요, 오빠.... 라니요?",00
727,모르셨어요? 남성식 일병이라구 같은 소댄데.... 오빠가 하두 졸라서 수혁씨 소개받은 거예요. 근데.... 제 얼굴에.... ....뭐 묻었나요?,00
728,아니에요.,00
729,"저, 그럼....",00
730,야- 수정씨 예쁘던데요.,00
731,"남성식 일병하고는 어떤 관계죠? ...이 병장이 구출될 당시 갖고 있던 베레타에요. 아무두 이게 정말 이 병장 권총이 맞는지 의심하지 않았어요. ....무기고에 일련번호를 조회해봤더니.... 이건.... 남 일병 총이더군요. 남성식은 이 병장을 구출하는 과정에서 총이 고장나 한 발 밖에 못 쐈다고 증언했죠. 그 고장이 문제였어요. 베레타 엠-나인은 자동권총이지만 처음 쏠 땐, 더구나 이 병장처럼 약실에 한 발을 미리 장전해 놓지 않는 사격자라면, 반드시 이렇게 윗덮개를 뒤로 당겨야 하죠. ....권총엔 귀신이니까 잘 알겠죠? 이 병장이 수령하고 남 일병이 반납한 그 권총을 검사해봤어요. 그 총에선 안티몬-바륨 반응, 즉 화약 흔적 외에도 다른 게 나왔죠 ....혈흔이에요.",00
732,"....첫 발을 쏜 다음 덮개가 이렇게 뒤로 당겨진 상태에서 고장을 일으켜서 원위치 되지 못하고, 상대방의 몸에서 뿜겨 나온 피가....",00
733,....was spattered here. ....바로 여기로 튄 거죠.,00
734,"....분석 결과 정우진의 혈액 샘플과 일치했어요.... 도대체 총은 왜 바뀌었고, 어째서 남 일병이 갖구 있던",00
735,....흔히들 ‘거짓말 탐지기’라고 부르죠.,00
736,MP! MP! 헌병! 헌병!,00
737,"Don't shoot! that gun is empty! 안 돼, 쏘지 마! 저건 빈총이야!",00
738,"05, Mar 4.",00
739,왜요?,00
740,황 중사님! ....최 병장님! ....살려주세요.,00
741,"나....지뢰 밟았어. 여차하면 발을 떼버리겠어. 씨발, 같이 죽는 거야!",00
742,가까이 오지 말라니까! 발을 떼겠다. 한 발만 더 다가오면....,00
743,"개새끼들아, 그냥 가면 어떡해!",00
744,니가 가랬잖어?,00
745,"가까이 오지 말랬지, 언제 가라구 그랬어, 이 씹새끼야....",00
746,살려주세요....,00
747,"울지 마라, 야....",00
748,뭐....하는 거야?,00
749,아- 새끼....,00
750,세 시간째 서 있는 거란 말야.,00
751,지금 뭐 하는 거야?,00
752,"좀 피자, 야! ....하나 줘?",00
753,"중사님, 지뢰에도 여러 종류가 있는데, 이건 어딴 지뢰야요?",00
754,....목함지뢰. 이거 터지면 어케 되는지 알지?,00
755,발뒤꿈치만 ‘똑’ 떨어져나간다면서요? 시커멓게 탄 뼈만 남구서리.... 썩기 때문에 다릴 다 잘라내야 된다면서요? 근데 왜 발목만 날리죠? 아예 죽여버리지 않구?,00
756,"부상병 하나 생겨보라. 후송해야지, 치료해야지, 인원하구 장비가 몇 배나 드는 거야. 그러니까 죽이는 거보다 부상 입히는 게 적을 괴롭히는 덴 훨씬 효과적이지.",00
757,"야, 정말 너무하네....근데 말이죠....",00
758,야....,00
759,왜?,00
760,일 하시는 데 자꾸 말시키지 말란 말야....,00
761,"자, 이제 비켜 보라, 천천히....",00
762,우린 좀 피해 있는 게 좋지 않을까요?,00
763,괜찮어.... 발 좀 떼보라니까.,00
764,나두 디스 한 대 달라.,00
765,....고맙습니다.,00
766,"야, 발목의 은인한테 그냥 말루 때우구 말래?",00
767,"야, 야....뱀 다 도망갔다야.",00
768,"또 잡죠, 뭐. 몸조심하라.",00
769,"발목지뢰 아니야, 저거....",00
770,그럼....?,00
771,폭풍 지뢰.... 밟으면 일 점 오 미터 튀어 올라서 사방으루 파편을 뿌려. 그럼 직경 삼십 미터 이내는 다 죽어.,00
772,근데 왜....?,00
773,겁 먹구 무슨 짓을 할지 알아?,00
774,병아리.... 응?! ....병아리!,00
775,"....니기미, 병아리 좆이다.",00
776,"....야, 야, 그림자 넘어왔어. 조심하라.",00
777,수정이한테 써요?,00
778,으....응.,00
779,"난 스물 여섯 살이에요. 조금 늦게 입대한 편이죠. 대학에 두 번이나 떨어졌거든요.... 참, 저는 서울에 살아요. 얼마 전 휴가 나갔을 때 대학로라구, 젊은애들이 많이 모이는 덴데요, 거기 놀러갔다가 마침 제가 좋아하는 [사랑과 평화] 공연을 봤는데 정말 끝내줬어요. 거기도 록그룹이 있나요?",00
780,"솔직히 니 편지 받고 맘이 설레서 한숨 못 잤다.... 내 고향은 신의주야. 경의선이 출발하는 곳이지. 좀 춥지만 좋은 곳이야. 사람들두 순박하고.... 그런데 ‘록그룹’이 뭐지? 무슨 악단 같은 건가? 아무튼 [사랑과 평화]란 이름은 퍽 좋구나, 야.",00
781,왜 그러세요?,00
782,똥 마려서 그래.,00
783,그럼 다녀오세요.,00
784,마렵다고 바루 나와주면 좀 좋겠니. 정말 못 참을 때까지 기다렸다 가야 치질로부터 자유로울 수 있어.,00
785,"수정이두 알아요, 변빈 거?",00
786,너만 입 다물면 영원히 모를 거야. ....왜 뭐 잘못됐니?,00
787,"....그렇게 중요한 비밀이에요, 변비가?",00
788,정찰해보라!,00
789,여긴 뭐 할라구 왔니?,00
790,아무두 없습니다.,00
791,"....그게 아니라.... 중사동지가 편질 쓰길래 그냥 한번 장난 삼아.... 아, 그렇다구 진짜 넘어오면 어카갔다는 소리야요?!",00
792,....가면 되잖아요.,00
793,"아니에요! 잘 왔습니다. 분단 반세기, 그 오욕과 고통의 세월을 뛰어넘어 통일의 물꼬를 트러 오신 리수혁 상병을 렬렬히 환영합니다. ....죄송합니다.",00
794,35 Apr 19. 페이드 아웃.,00
795,받아요!,00
796,진급 축하한다. 내 덕에 살아서 병장 계급장도 달아보는 거 아냐?,00
797,지뢰 밟아 죽으면 하사 제대예요. 사실 그때 내가 독한 맘 먹구 발만 뗐어봐요. 생명의 은인은 나라니깐.,00
798,"쌔-끼, 헛가다 부리고 있어.",00
799,"형 같은 겁쟁이 국군, 비키라 이거야. 양키놈들하구 붙게....도제 이 년 이 개월? 야, 우린 십 삼 년이야, 십 삼 년!",00
800,난 총은 좀 빨리 뽑을 줄 알아요. 심심하면 그 연습만 하거든요.,00
801,"좆부리 물총? 야아, 오줌이나 싸지 마라!",00
802,"형, 왜 그래?",00
803,"알았어. 그래, 되게 빠르구나야. 근데 너....",00
804,....사람 쏴봤어?,00
805,아뇨.,00
806,난 많이 해봤어.,00
807,알았어요. 그만 해요.,00
808,"우리 중사 님이 얼마나 무서운 사람인 줄 알아요? 아프리카구 아랍이구 죄 다니면서 군사 교관만 십 년이에요, 십 년! 한마디로 귀신이라구요.",00
809,"아, 왜 때려요?!",00
810,"....실전에서는 뽑는 속도 같은 건 중요하지 않아. 전투기술? 그런 건 없어. 얼마나 침착한가, 얼마나 빨리 판단하고 대담하게 행동하느냐, 그게 다야.",00
811,그렇게 훌륭하신 분이 왜 그 나이에 여기서 보초 서구 계십니까? 침착하게....,00
812,"난 적 앞에선 침착한데.... 우리 편 앞에선 잘 안 되더라. 특무대 교관으로 있을 때 사회안전원 팔을 꺾어버렸는데, 하필 그놈이 당 간부 조카더라구.",00
813,....그때 내가 준 뇌관 핀 있지? 거 잃어버리지 말라. 갖구 다니면 총알두 피해 간다니깐.,00
814,"야! 이거 정말 좋다, 야.",00
815,중사 님은 어째 미제라면 그렇게 환장을 합니까?,00
816,너두 써봐. 왜 미제가 위대한지 금방 알게 돼. 비쌀 텐데....,00
817,"밥 먹구, 고춧가루 꼈나 보기두 좋아요.",00
818,내 껀?,00
819,자아식.... 자아식....머리에 피도 안 마른 게 밝히기는....,00
820,"거 봐, 역시 미제래니깐....",00
821,"자리 안 지키구 나와서 뭐하는 거야! 외국 좀 돌아다녔다구 난 척하는 거야, 뭐야?",00
822,"조국은 우릴 믿고 전진한다. 제대루 해, 제대루....알았어?",00
823,괜찮아요?,00
824,너....무슨 걱정 있니?,00
825,"아닙니다. ....전 그냥.... 그러니까.... 에이, 아니에요.",00
826,"뭐야, 말을 해, 말을! 코만 벌렁거린다구 알아듣냐?",00
827,"....이 병장님 제대, 인제 석 달 남았잖아요.",00
828,그래서?,00
829,"저, 군 생활 어떻게 하죠?",00
830,난 또 뭐라구.... 너.... 내가 친구 소개해 줄까?,00
831,예?,00
832,저....안 가면 안 될까요?,00
833,"뭐? 야, 넌 지금 분단 반세기.... 음.... 오욕과 고통의 세월을 뛰어넘어.... 에.... 통일의 물꼬를 트러 가는 거야.",00
834,....나중에.... 트면 안 될까요?,00
835,얘기 많이 들었다. 나 오경필이야.,00
836,반갑다.,00
837,크로노리토그래피 ....크로노리토그래피.... 착색석판술....착색석판술....,00
838,갖구 왔니? 왜 공화국은 이런 거 못 만드나 몰라?,00
839,"아이 씨, 그냥 돌 갖구 하자니까!",00
840,이게 뭐 어렵다구 그래?,00
841,야- 곱다! 진짜 니 애인 맞니?,00
842,"형은 누구 없어? 에이, 좀 보여줘어.",00
843,좀 담궈 봤니?,00
844,예?,00
845,많이 써 봤냐구....,00
846,"아아.... 예, 많이는 아니구요. 휴가 나갈 때 한 두 번 정도....",00
847,....그럼 수정이하구....?,00
848,형은 동생 처녀막까지 관리해요?,00
849,"알잖아, 수정이.....",00
850,그쵸? 아니.... 그럼 다른 여자랑 했단 말이에요? 수정이 놔두구?,00
851,"야, 저리 못 치워!",00
852,무슨 소리야! 그런 거 아냐! ....근데.... 적공조가 뭐냐?,00
853,"아, 왜 저번에 귀순 병사가 폭로했잖아요. 우리 포섭하는 교육 받구 근무서는 애들. 월북시킬라구....",00
854,"아아.... 그거? 에이.... 아냐, 내 생명의 은인인데....",00
855,형! ....나 말야.... ....넘어갈까?,00
856,"야, 야.... 와 봐야 별 볼일 없다. 그냥 살든 데서 잘 사는 게 최고야.",00
857,제대해봐야 취직두 힘들구..... 영웅 대접 받구 좋잖아?,00
858,"괜히 우리만 피곤해지니까 아예 그런 말하지 마요, 형.",00
859,그럼 형이 내려와. 맛동산 배 찢어지게 먹을 수 있잖아.,00
860,내 꿈은 언젠가 우리 공화국이 남조선보다 훨씬 나은 물건을 만드는 거다. 그때 까진 어쩔 수 없이 맛동산을 그리워할 수밖에 없어.,00
861,관둡시다. 입만 살아가지구....,00
862,"양쪽 끈에서 오 센티쯤 남기고 매듭을 지어 놔. 그리구 끈을 느슨하게 해. 매듭에서 걸릴 때까지. 그럼 발이 쉽게 들어가지? 그런 다음에 아래 쪽 끈부터 차례로 중간에 손가락을 넣어서 위로 당겨 조여. 이렇게 해야 빨리 신을 수 있어. 어때, 쉽지? ....최대한 느슨하게 푼 다음에 발을 집어넣어. 그래, 이젠 팍팍 잡아당겨. 아냐, 아래부터 해야지.",00
863,"25, Nov 17. 라고 찍힌다.",00
864,훈련 아니다. 정신차려라....응?,00
865,한 대씩 펴라. ....미 항공모함이 동해루.... 응? 이동 중이란 얘긴 니들두 들었을 줄 안다.... 응? 지금 북방한계선 전 지역에서.... 응? 인민군의 대대적인 전진배치가 이뤄지고 있다는 첩보가 입수됐다. 데프콘-쓰리 상황이다. 적 발견 즉시.... 응? ....무조건 사살한다. ....이상.,00
866,나 정말 전쟁 나는 줄 알았다.,00
867,"이 병장님, 이제 우리 넘어가지 말죠.",00
868,나 곧 제대잖아. 작별인산 해야지. 게다가 내일이 우진이 생일 아니냐.,00
869,"형, 정말 어제 무슨 일이 나려고 했던 거야?",00
870,"낸들 알갔니. 미국 놈들이 폭격을 정말 하면 도리 없는 거지, 뭐.",00
871,"그러니까 핵무기, 미사일 그런 거 안 만들면 되잖아.",00
872,"아, 그걸 내가 만드냐?!",00
873,왜 화를 내구 그래요?!,00
874,전쟁 얘기 그만 해요. 무섭단 말이에요.,00
875,부모님께 편지나 한 통씩 써. 수정이한테두 쓰구.,00
876,정말 전쟁이 나면 어쩌지? 우리두.... 서루 쏴야 돼?,00
877,난 안 쏜다구 장담 못 한다.,00
878,형은 그럴지 모르지만 난 안 쏠 거에요.,00
879,우리끼리는 절대 쏘지 맙시다.,00
880,그래. 최소한 우리끼리는....,00
881,"우리, 증명서 같은 걸 서루 써주면 어떨까? “위의 남성식 동지는 공화국을 위하여 복무한 자임을 증명함. 중사 오경필, 전사 정우진.” 뭐, 이런 식으루....",00
882,"그래, 좋은 생각 같다, 그거....",00
883,"....얼씨구? 육갑들 떨구 자빠졌네.... 미국 애들이 ‘워 게임’인지 뭔지 하면 여기 경비병들 생존 확률 빵이야, 빵! 남북 모두 삼분 안에 전멸! 몰라? ....아, 오마니 생각 나누나! 공화국 애들은 왜 이런 노랠 못 만들까? 근데 얜 왜 그렇게 일찍 죽었대니? 자, 우리, 광석일 위해서 딱 한 잔만 하자우!",00
884,왜 그래?,00
885,"아, 아니에요.",00
886,....오-케이!,00
887,새들은 저렇게 자유로이 남북을 넘나드는데....?,00
888,"어이구, 인물 났네.... 시 쓰냐?",00
889,"예술가 아니유, 예술가.... 냅둬요.",00
890,"햐, 자-식 그렇게 가르쳐줬는데 또 이렇게 맸네. 이리 내 봐.",00
891,"참, 형 오면 또 매달라고 한다면서 깜박했네.",00
892,"얌마, 군인이 한번 가르쳐주면 제대로 해야지. 언제까지 내가 매줄 순.... ....없잖아. ....참! 생일 축하해.... 진.",00
893,"....고마워, 형....",00
894,나두 돈 냈다.,00
895,나두.... 형들 줄려구 준비한 게 있어요.,00
896,뭔데?,00
897,야아.... 문 열어!,00
898,뭐라구요?,00
899,"뭐라구요? ....아니, 이제 와서 연기한다는 게 말이 돼요?!",00
900,알았다.,00
901,옵니다. 준비하십쇼.,00
902,"자술서에요. 읽어보고, 고치고 싶은 거 있으면 말해줘요. ....아! 미안해요.",00
903,그대롭니다.,00
904,예.,00
905,....최 상위.... 오 중사.... 정 전사에요. ....초소를 습격한 남한 병사가 몇 명이었죠?,00
906,혼자였습니다.,00
907,확실한가요?,00
908,확실합니다.,00
909,좋아요. ....이 병장이에요.,00
910,알아보겠습니까?,00
911,괴뢰군이구만요.,00
912,"뭡니까, 이게?",00
913,지금 뭐 하는 거요?,00
914,현장에 있었을 것으로 추정되는 또 한 명의 남한 병삽니다. 지금 혼수상태라서 여기 나올 순 없었죠.,00
915,여긴 소령님 추리를 발표하는 자리가 아니에요!,00
916,다 때려치워!!!,00
917,이 간나새끼!!!,00
918,안 돼! 쏘지 마!!!,00
919,"내레 이 날을 얼마나 기다려 왔는지 알아?! ....이 찢어죽여두 시원치 않을 반동 놈의 새끼! ....민족의 배신자, 양키 용병 괴뢰 놈아!!",00
920,끌어내!,00
921,조선민주주의인민공화국.... 만세! 경애하는 최고사령관 김정일 동지.... 만세!!,00
922,"1952, Goje Island....? 1952년, 거제도....? Who's picture is this? 뭐죠? 누구 사진이에요?",00
923,"During the Korean War, there was a concentration camp in Goje Island for POWs of North Korea. They were divided into two groups, hardline communists, and anti-communists who were brought to war against their wishes. So many killings were committed there on each side. It was a kind of ‘a civil war within a civil war’. The extent of ideological struggle in Korea is unmatched anywhere else in the world. After the war, the prisoners were given freedom to choose which side to go to: South Korea's capitalist society, or back to communism in North Korea. 76 prisoners out of 170,000 refused both. They were scattered all over the world,",00
924,Just three more days! I'm confident that I could get Sergeant Lee's confession within three days. 이제 얼마 안 남았어요! 3일 안에,00
925,"Confession! You pushed PFC Nam into attempting suicide. You could be dismissed from duty just for that, okay? ....자백? 무리하게 남 일병을 투신으로까지 몰아세운 그 사실 하나만으로도 자넨 해고 감이야, 알아?! You haven't learned much about Panmunjom yet. The peace is preserved here by hiding the truth. What both sides really want is that this investigation will prove nothing after all. ....자넨 판문점을 몰라. 여긴 진실을 감춤으로써 평화가 유지되는 곳이야. 저들이 원하는 건, 각자의 주장을 끝없이 되풀이하다가 이 사건이 흐지부지되는 거야.",00
926,And that's why they agreed to request an investigation by the meager NNSC? 그렇게 흐지부지하려고 유명무실한 중감위에 수사를 맡겼구요?,00
927,"Those prisoners who chose not to go to either side really wanted to go to Switzerland or Sweden. But they were turned down cold. These two countries which originally set up the NNSC refused to let them in. When I think about those 76 prisoners, I really question myself about",00
928,오라구 해서 미안해요. 몸두 불편한데.,00
929,오늘 자정을 기해 나를 제이에스에이 임무에서 해제한다는 명령서에요.,00
930,아버지 얘기 들었습니다.,00
931,"그래, 내가 인민군 장교의 딸이란 얘길 듣구 기분이 어떻던가요?",00
932,친근감이 들었습니다.,00
933,"....자, 진짜 쇼는 이제부터예요. 잘 봐요.",00
934,‘사라진 탄환’이 남 일병의 존재를 말해주는 증거였다면.... ....‘사라진 얼굴’은 네 병사가 오랫동안 친하게 지내왔다는 걸 뜻하는 증거죠.,00
935,그래서요?,00
936,완전히 다른 두 개의 보고서에요. 내가 뭘 제출하느냐는 이 병장한테 달렸어요. 진실을 말해준다면 난 후임자에게 어떤 증거나 추리도 제공하지 않겠어요.,00
937,협박인가요?,00
938,거래죠.,00
939,"전, 영창을 가든지 훈장을 받든지 관심 없어요.",00
940,이 병장이 끝까지 보호하려는 그 사람.... 오경필의 안전이죠.,00
941,....조건이 있습니다.,00
942,조장님! 진정하십쇼. 제가 다 설명....,00
943,닥치라우!,00
944,총 거두시라니까요! 수혁이 너두!,00
945,"이 새끼, 보초 세워 노니까 적군하구 노닥거려? 어서 이 새끼들 체포해!",00
946,얘들 지금 월북하겠다구 상의하러 온 거에요. 제가 다 알아서 처리하겠습니다.,00
947,명령이다. 이 새끼들은 적이야. 빨리 무장해제 시켜! 쏴버려!,00
948,내가 책임진다.... 하지 마.,00
949,"너 이 새끼 완전히 미쳤구나? 지금이라도 내 말 들으면 이제까지 반역행위는 없던 걸루 해준다. 자, 어서!",00
950,"중사 님, 죄송합니다.",00
951,"....수혁아, 총 내려놔라. 이제 어쩔 수 없다.",00
952,싫어!,00
953,"내가 잘 말해줄 테니까.... 자진 월북한 걸루 하구 북에서 살자, 응? 그렇죠?",00
954,먼저 총 내리면 얘기해 보자.,00
955,"좆 까! 저 새끼 말 못 믿는 거 형이 더 잘 알잖아? 형두 그랬잖아, 공 세울려구 혈안이 된 놈이라구. 우리 부대서두 그런 놈 많이 봤어. 우리 둘 다 죽여놓구, 잠입한 놈들 사살했다구 구라칠 게 뻔해.",00
956,"내가 있잖아. 내가 책임지구 너희 살려준다, 이 형 못 믿니? 성식아, 넌 믿지? 니가 좀 말해봐.",00
957,....저거.... 다 짜구 하는 거 아닐까요?,00
958,"수혁이 형, 중사 님이 지뢰 끊어준 거 기억하죠? 제발 총 내려요. 무서워 죽겠어요.",00
959,"씨발. 형이구 뭐구 다 필요 없어. 결국 우린 적이야. 나보구 겁쟁이랬지? 좋아, 내가 저 새끼 죽이나 못 죽이나 두구 봐.",00
960,이대론 다 죽어. 총 내리고 처음부터 다시 시작하자. 동시에 내리는 거야.... 자아-,00
961,....아무래두 이상해요.,00
962,안돼!!!,00
963,성식아!,00
964,"24, Nov 18.",00
965,살려줘....,00
966,"내가 하는 말 잘 들어. 넌 납치됐다가 탈출했다구 해. 넌 여기 없었던 거야, 알아? 자, 빨리들 가. 시간 없어 빨리!",00
967,수혁아!,00
968,....정우진 전사가 생일날 죽었단 걸 알구 뭔가 이상하다구 생각했어요.,00
969,난 죽은 놈은 생각 안 합니다.,00
970,"....처음 만난 날, 나한테 일부러 무례하게 굴었죠?",00
971,....삼 년만에 피워보는 담배 맛이 어떨지 몰라.,00
972,수혁일.... 어떻게 하실 겁니까?,00
973,....오 중사가 두 번이나 목숨을 걸고 살린 사람이잖아요.,00
974,....그 노력을 헛수고로 만들면 안 되겠죠. 안 그러면 정말 ‘밥맛없는 에미나이’게요?,00
975,....고맙습니다.,00
976,이 병장 오늘 용산으루 후송돼요. 뭐 전할 말 없어요?,00
977,그 동안 잘 썼대요. 이제 담배 끊는다더군요.,00
978,끊을 인간이 아닌데....,00
979,....방금 개성에서도 수사 협조 거부 의사를 정식으로 통보 받구 왔어요. 내가 공화국 배신자의 딸이라서 못 믿겠대요.,00
980,....왜 군인이 되셨어요?,00
981,....군에서 법대 보내준대서요. 가난했거든요.,00
982,저 때문에 경력에 오점을 남기게 됐네요.,00
983,"상관없어요, 내가 좋아서 선택한 실패라면.... 참, 정밀 부검 결과가 인제 나왔는데.... 정우진은, 남 일병이 아니라 이 병장 총에 죽었더라구요. ....워낙 순식간이라 잘못 기억한 모양이죠? ....하지만 누가 일 초 먼저 쏘구, 늦게 쏘구, 그런 걸 따져 뭐하겠어요?",00
984,잘 가요.,00
985,....좋은 변호사 되십쇼.,00
986,"자주 온다고 운명이 바뀌나, 응? 그래서 관상이 바뀌고 팔자가 돌아간다면야 나두 신이 나서 하겠어. 아니잖아? 다시 한 번 얘기해줘? 힘들게 살아왔고, 앞으로도 쭉 힘들거야! 그리고, 이 남자하곤 절대 안돼. 될 수가 없어. 나두 좋은 얘기해주고 싶어. 근데 어쩌겠어. 관상이 그런데?",00
987,그래도...사람 일은 모르는 거잖아요.,00
988,"그러니까! 그걸 왜 굳이 알려구 그래. 참나... 내가 부적 하나 써 줄 테니까 그 사람 몸에 지니게 해. 잘 된단 보장은 없지만... 돈은 됐구, 이거 받구 얼른 가봐.",00
989,"왜, 왜? 야! 야! 하지마!!",00
990,절 올릴려구요..감사해서요..제 성의에여..,00
991,"더해? 더~ 응? 이거 안 파는건데.. 참 궁금해..너 도데체 뭐 잘하니? 민망해 하던 한나, 고개 들어 묘하게 보살을 쳐다보며 미소 짓는다.",00
992,"어! 그만, 그만... 됐어요. 오늘은 그만해요. 국사선생님 들어오세요. 아!! 그만... 오늘 오랄박 너무 짓궂어요.",00
993,아름다운 목소리로 왜 이런일을 하냐구요? 이 직장은 면접이 없으니까요. 그래서 떨어질 일도 없죠. 너무 이상하게 생각하지 마세요. 저한테 전화거는 사람들요..모두 다 외로운 사람들이랍니다. 전 그런 사람들 위로해 주는 거구요.,00
994,"너무 외로워..나란놈..의사도 아니고, 좋은 남편도 못되고..",00
995,"나한텐 너 밖에 없다.. 자, 시작하자. 오늘은 김 간호사로 가자.",00
996,저 지금 흠뻑 젖어있어요~ 제발 나 좀.. 말려주세요~ 네?,00
997,난 가수랍니다!!,00
998,미녀는 괴로워,00
999,"무대 뒤 아무도 모르는 곳, 작은 부스 안을 꽉 메우고 선 한나.",00
1000,얼굴 없는 가수가 어때서요? 진짜 가수는 난데.,00
1001,한상준. 나에게 삶의 이유를 느끼게 해준 유일한 사람.,00
1002,당신이라면 95kg짜리 여자에게 뭘 해줄 수 있을까요? 모든 사람이 내 노랠 눈으로 들을 때 가슴으로 들어줄 자신 있나요? 아마... 힘들걸요?,00
1003,파출부 뽑는 거 아니다...,00
1004,만일 그럴 수 있다면... 난 분명 당신을 사랑하게 될거에요. 5. 실내. 스튜디오 복도. 낮,00
1005,정말. 정말 열심히 할께요. 고맙습니다.,00
1006,열심히 하는 거 중요하지 않아요. 열심힌 누구나 다 하는거니까. 잘하자구요. 그게 다에요. 난 한나씨 믿어요.,00
1007,난 잘 할 수 있어요..당신이 눈치 채지 못하게. 그게 내 특기니까.,00
1008,한상준. 당신을 위해서라면..상준씨..저 당신을 사랑해도 될...,00
1009,상황 발생. 드럼 간주 계속 돌리고.. 아미... 아미! 상황이야! 고개 돌려! 아미 마이크 넣어주고. 그래! 큐 줄때까지 멘트 돌려. 조명 드럼에 맞추고. 한나씨! 한나씨! 어떻게 된 거에요?,00
1010,이제 괜찮아요..가도 돼요.,00
1011,자 좋아... 한나씨! 아미야! 드럼 한번 돌면 C에서 다시 간다!,00
1012,"자, 쓰리, 투, 원.",00
1013,보세요. 제가 그랬죠? 눈치채지 못하게 잘 할수 있을 거라고.,00
1014,춤은 추지마~ 응? 망할뻔 했잖니? 니가 공연하니? 이런 건 다 어디서 구해?,00
1015,호흡이 같아야 하잖아요. 춤이 같아야...티가 덜 나는데..,00
1016,상황을 한번 종합해 볼 필요가 있을거 같애.,00
1017,한상준이 너한테 관심이 있다는 거 아니야? 그지?,00
1018,좀 각별해서. 날 대할 때 왠지...느낌이 좋아서...,00
1019,"지랄. 남자한테 여자는 딱 세 종류뿐이야. 봐봐, 이쁜 여자, 진품이지. 평범한 여자, 명품이구. 어? 바로 반품이야, 알아? 세가지!!! 비계 띠고 먹어 이년아.",00
1020,"야, 나두 직관이란 게 있어.",00
1021,직관이 아니고 착각이야. 직관은 경험에서 나오는 거야..몰라? 너 사랑 해본 적 있어?,00
1022,사랑 해본 적? 있나? 있다...있어요. 내게 예쁘다고 처음으로 말해준 사람. 나한테도 첫사랑이 있었다구요!!,00
1023,오빠..,00
1024,너한테 언제 내 다이어트약 팔아달라고 한 적 있어? 난 너한테... 이까짓 삼백만원짜리 약이나 팔아먹는 놈이구나? 그런거야...,00
1025,오빠...왜 그래? 난 그냥 요새 오빠가 힘들다고 해서...도와줄려구...,00
1026,힘들어! 니가 이래서 더 힘들어.. 너 이런 행동이 오빨 얼마나 당황스럽게 하는 건지 생각해봤니?,00
1027,잘못했어...오빠.,00
1028,"마지막이다. 앞으론 절대 이러지마. 그리고, 약은 정민이 먹여라. 넌 지금도 충분히 이뻐! 너 약 먹고 살 빼면 그땐 정말 끝이다. 알았어?",00
1029,수표구나? 이서해라...번호순서대로면 한 장만 해.,00
1030,응. 오빠.,00
1031,다시 이러면 그땐 나랑 정말 끝이야. 끝.,00
1032,정말 끝이었어요. 그날이... 물건 팔아줬던 그날이.,00
1033,미안하다. 넌 나한테 너무 과분한 사람이야. 오빠보다 더 좋은 사람 만나길 항상 기도할게.,00
1034,"그날부터 전 밥을 끊었습니다. 그래, 이참에 살이나 빼자,",00
1035,제가 올라갈께요.,00
1036,그날 알았어요. 내겐 사랑도..다이어트도..모두 다 어울리지 않는다는것을.,00
1037,<타투샵>,00
1038,하쿠나 마타타예요. 아프리카 원주민들은 이 문양이 소원을 이루어 준다고 믿거든요.,00
1039,<순대 포장마차>,00
1040,<도로>,00
1041,<스튜디오 부스 밖>,00
1042,<한나의 집>,00
1043,<스튜디오>,00
1044,<콘서트홀>,00
1045,아이구..너무 고마워.,00
1046,아니에요. 먼저 가셔야죠.,00
1047,힘들텐데.. 몇 개월이야? 애가 발로 막차지??,00
1048,예? 예. 애는 잘 키울께요. 타세요.,00
1049,아줌마. 뒤로 가요.,00
1050,네?,00
1051,안 탈거면 뒤로 가라고. 공익이야? 씨바. 바빠 죽겠구만.,00
1052,한나씨. 타요.,00
1053,가능성은 희박한데..왜 기대는 점점 커질까요??,00
1054,여기 누구 아는 사람이 있나봐요?,00
1055,네? 네... 사랑하는 사람이요.,00
1056,내일 내 생일 파티 있는 거 알죠? 한나씨도 잊지 말고 꼭 와요. 그럼.,00
1057,"난 아빠와 춤추는데, 아빤 엄마와 춤을 춥니다. 그게 무슨 말이냐구요?",00
1058,얘기 했어요. 유명한 가수가 됐다고. 사랑하는 사람도 생겼대요. 글쎄.,00
1059,여보. 그냥 춤춰요.,00
1060,맘에 들지? 사!! 스카프로 쓸 거면.,00
1061,내일이 좀 특별한 날이라서..언니. 이런 푸대자루 말고..,00
1062,알지? 그 푸대자루 다 너 때문에 들여논거.,00
1063,10만원 좋다. 오천원 더 얹어서..,00
1064,입지도 않고 모셔 놓을 옷을 왜 파니? 그건 내 옷에 대한 모욕이다.,00
1065,살빼서..살빼서 꼭 입을께요. 파세요. 네?,00
1066,살빼구 와. 그럼 그때 팔게.,00
1067,그럼 돈 받아 놔요. 나중에 팔구서 딴말 하지 말구.,00
1068,아빠 병원비 보태세요~ 치매는 돈 잡아먹는 귀신이래매.,00
1069,강한나. 난 거짓말 안 해. 제발 살 빼가지고 와. 이거 니꺼야. 그때 꼭 좀 사가 줘라.,00
1070,퀵서비스랜다.,00
1071,한나씨. 항상 당신의 수고에 고마워하고 있습니다. 오늘 생일 파티에 입고 와 주었으면 해요.,00
1072,이건 또 웬 기구냐?,00
1073,어때? 쫌 작지?,00
1074,흠... 내가 볼 땐 말이야... 빨간 순대 같다.,00
1075,한상준이 취향 참... 너 복대 있지?,00
1076,한나씨 이리로 와요. 야. 뭐해 술 한 잔 돌려.,00
1077,그냥 입어 봤어요..,00
1078,응?,00
1079,그래. 가끔 그렇게 입어. 한나야. 난 괜찮다! 난 한나 괜찮아...,00
1080,오셨는데요..,00
1081,여왕이냐? 뭘 오셔? 늦게 와가지고. 뭐해? 잽싸게 들어오라 그래!,00
1082,미리 얘기하지 그랬어요. 리허설도 없이 언닌..,00
1083,"다 한솥밥 먹는 식구들인데, 이정도 일로 제가 분위기를 망칠 순 없죠... 막말루 인생 뭐 있나요? 알몸으로 태어나서 옷 한 벌은 건졌잖아요?",00
1084,한나씨. 어디가요?,00
1085,춤추게요.,00
1086,배달은 니가 했구나?,00
1087,잘해..난 사람 두 대 안 때리니까.,00
1088,너 무릎 꿇고 술마시고 싶냐?,00
1089,"아이, 왜 그래~ 재밌는데~",00
1090,"재밌어? 재밌어? 밥 먹어, 밥. 뻥튀기만 먹으니까 뇌가 점점 팝콘으로 변하잖아? 못 느껴?",00
1091,살찌잖아!,00
1092,나 발레타인 30년 계속 먹고 싶거든? 우아하게? 근데 너 때문에 다시 소주 마시게 될 거 같다? 포장마차에서 혼자.. 아주 우울하게. 너 다시 백댄서 하고 싶어?,00
1093,지지배가 은근히 사람 약 올리잖아!,00
1094,그럼 니가 노래를 해!!,00
1095,내가 강한나 좋아서 잘해주는 거 같애? 니가 그렇게 지랄 안 해도 걘 거울 보면서 하루에도 수십 번씩 무너지는 애야. 그냥 놔 둬두 무너져. 그전에 우리한테 온 걸 감사하게 생각해야 돼. 몰라? 다시 한번 말하는데... 사람들은 니 노래 안 듣는다. 니 몸에 열광하지.,00
1096,버릇 고쳐 놓을꺼야.,00
1097,"집키, 카드, 다 내놓고, 차키도 반납하고, 기자들 불러 줄 테니까 너 립싱크가수라는 거 멋있게 기자회견 한번 하고.. 그리고 버릇 고쳐줘라.",00
1098,"니가 왜 울어? 울어야 할 사람은 강한나야. 걘 재능 있어도 못생기고 뚱뚱해서 불쌍한 앤거고, 넌 재능하나 없어도 이쁘고 쭉쭉빵빵 복 받은 애고. 니가 다 가졌어. 걘 널 빛내주기 위해 존재해. 그게 전부야. 아니야? 잘해줘라. 세수하고 나와. 깨끗하게 씻고 마음도 씻고. 그리고 나와서 잘해줘.",00
1099,욜라 멋있지 않니?,00
1100,이거 누가 선물한 거죠?,00
1101,아..그거요.,00
1102,고마워요. 정민씨. 잘 입을게. 감각 있네...,00
1103,네? ... 네.,00
1104,봉천동이요..,00
1105,아저씨. 봉천동이요.,00
1106,타요. 봉천동.,00
1107,저 노래 내가 부른 건데..,00
1108,"삐삐야, 미안해... 언니가 미안해... 삐삐야...다음엔 좋은 주인, 아니 날씬하고 예쁜 언니 만나 행복하게 살아야 돼... 알았지? 미안해.",00
1109,당신 보며 꿈이라도 꿀 수 있었으니까 행복했는데... 잠시나마..잠시나마.. 행복하게 해줘서 고마워요..,00
1110,그거 참. 죽을 때만큼이라도 좀 우아하게 안되나...백설공주나 잠자는 숲속의 미녀나 뭐.. 저 전화 받고 죽으면 진짜 이상할거 같은데....,00
1111,지어낸 건 아니죠? 얘기 진짜 세다..,00
1112,가능하긴 한가요?,00
1113,환자분 의지가 더 중요하죠. 전 영혼에 상처가 나서 혹이 생겼다면 그 혹만을 떼어내는 겁니다. 환자분이 나머지 상처는 치료하셔야죠. .,00
1114,수술비는 얼마정도...?,00
1115,난 장사하는 사람이 아니라 의삽니다. 상담실장하고 상의하세요.,00
1116,비쌀까요?,00
1117,"눈, 코, 입, 턱, 피부 등 기본 육천에... 지방 두 번 드러내고.. 칠천오백에... 환자의 영혼에 상처가... 영혼이 아프면..",00
1118,한 푼도 빠짐없이. 이자까지 쳐서. 나중에 드릴게요.,00
1119,김간호사. 노실장 들어오라구 그러구.. 여기 환자 출입문까지 안내해드려!,00
1120,"제 목소리 더 들으셔야죠. 어디 주사실로 갈까요, 어젯밤처럼?",00
1121,직접 스타킹도 찢으시고...,00
1122,"어제 홍은경환자. 쌍거풀 누가 했어? 누가 인턴 돌리래!! 아니, 그리구 환자들 밥이 왜 그래. 내가 지금 그런 걸로 컴플레인 들어야 돼? 나가봐!!",00
1123,"누구냐, 넌?",00
1124,"난 선생님이 착한 사람이란 거 알아요. 사모님 소원대로 온몸 다 수술해줬지만 지금은 털끝하나 만지기 싫어서, 밤마다 외로워하는 분이라면 제 맘도 알아주실거라 생각해요.",00
1125,내가 폰섹스 하다가 별 지랄을 다했구나?,00
1126,"성형외과 의사는 왜 인정 못 받냐고 하셨죠? 생명을 다루진 않으니까요, 전 허영 때문이 아니라, 살고 싶어서, 하루라도 사람답게 살고 싶어서...그래서 하는 거니까...선생님이 바라시는 명분도 찾으실 수 있잖아요. 네?",00
1127,너 뭐 외우고 왔니? 너 이거 이렇게 하면 죽을 수도 있어.,00
1128,전.. 어제 이미 죽었어요.,00
1129,"너, 종아리 퇴축하면 제대로 못 뛰어. 신경 끊어놔서.",00
1130,지금도 못 뛰어요. 숨차서.,00
1131,턱 이렇게 깍아 놓으면 입도 크게 못 벌려. 음식 먹는데 지장있다고.,00
1132,어차피 줄여야 되요. 음식은.,00
1133,애 낳는 거보다 아프다.,00
1134,마음 아픈 거만 하겠어요?,00
1135,그러셔야죠. 혹시 하고 하나 더 떠와봤어요.,00
1136,이걸로 협박이 될 것 같애?,00
1137,전 이제 선생님한테 달렸어요. 이렇게 죽이시든지..살려내시든지.,00
1138,수술일정 다 갖구와!!,00
1139,시작해.,00
1140,"열부터 거꾸로 세어보세요. 자, 열, 아홉, 여덟,",00
1141,"일곱, 여섯, 다섯..",00
1142,"완전히 다른 사람? 그렇게 만들어줄게. 그런데... 그럴려면 그전에 너 자신도 완전히 버려야 해! 니 과거의 기억, 추억 모두! 싸그리 버려!",00
1143,"한나야. 회사 아작났다. 아미년 2집 녹음 전면 중단됐고 너 찾는다고 난리야. 이왕 잠수 타는 거 아예 시원하게 잠행해라, 히히. 아미년 울고불고 하는데 내가 왜 이렇게 마음이 편안해지냐? 넌 내 친구다.",00
1144,어떻게 니가 나한테까지 이럴 수 있어! 당장 연락안하면 나 진짜 실종신고 낼거야. 나 한다면 하는 거 알지?,00
1145,강한나야... 제발... 난 서운하게 한거 없잖아. 니네 아빠 생각도 좀 해야지. 제발 전화 좀 해. 나쁜 년아.,00
1146,"아미! 나야, 나. 오랄박. 그동안 어디 갔었어? 도대체 이게 얼마만이야~ 지금도 빨래해?",00
1147,"헉헉... 나 지금 급해. 아아아아~~ 미칠 것 같애. 빨래 그만하고..나 젖었어, 나 좀 말려줘. 부탁이야..자기 입김으로..어?",00
1148,하아아~~됐냐?,00
1149,압박 받아온 고통의 세월은 지났어. 이젠 니 자신과 화해하고 완전한 자유를 얻으라구. 왜곡된 거울 따윈 치워버리는 거야. 코 다시 하자.,00
1150,"여보, 나 이제 여기 못와요. 당분간은...",00
1151,정말... 저... 맞나요?,00
1152,흐엉... 울어도... 예쁘다...,00
1153,흑!! 이것도 된다!!!,00
1154,넌 어디서 이런 애들 구하냐? 공장에서 찍어내니? 꾸역꾸역. 스타일도 똑같애?? 이번엔 어디야? 필리핀부터 풀라구?,00
1155,시트콤 잘보고 있어요~시청률이 5프로 나왔대누만. 애국가 시청률이래네.. 가수는 노래를 해야지.. 왜 안나와 2집? 앨범 안낼거면 곡 만들어논거 나 좀 줘. 우리 핑크 주게.,00
1156,"웬만하면 다른걸 보시죠... 주행40만 킬로에, 미션은 거의 나간 상태고... 브레이크 상태 너무 안 좋구요.",00
1157,에어컨도 없겠네요?,00
1158,50만원짜린데요..,00
1159,심하다...팔리긴 하나 봐요?,00
1160,"그렇죠 뭐. 면허 바로 받으신 분들 있잖아요. 초보자 연습용으로 찾으시던데요..잠깐 타는 거죠. 딴 걸 보세요. 저도 팔아치우면 속편하고 좋겠는데, 양심상 정말 권할 수가 없네요.",00
1161,근데..손님에게 이런 말은 좀 그렇지만... 정말 미인이십니다. 아름다우세요.,00
1162,"잘 됐어. 잘됐어! 어차피 차 필요했잖아? 에어컨이... 야. 한나야, 오십 만원짜리잖아.",00
1163,사납금 반도 못 채웠는데 씨발. 죽어가는 애한테 완전히 청산가리를 멕이는구만. 내가 일년은 드러눕는다. 아주.,00
1164,빨리 나와요! 아줌마! 눈을 똑바로 뜨고 운전을 해야할 거 아냐! 길두 좁은데 예편네들이 집에서 밥이나...도대체가... 헉!,00
1165,도대체... 괜찮아요? 아가씨? 어디 안 다치셨어요?,00
1166,기사양반! ...피나!,00
1167,"어머, 어떡해요...",00
1168,괜찮요.. 괜찮아.. 하나도 안 아픈데. 뭐. 어유씨. 왜 이렇게 피가 나지? 하나두 안 아픈데...,00
1169,그런 거 같죠? 내가 깜빡한 거 같애. 깜빡하더라구.,00
1170,"아, 면허증 봐요! 면허증! 무면허일수도 있잖아!!",00
1171,"참내... 내가 무면허일줄 알았어. 참 편하다, 편해. 성형수수울? 아가씨, 그 병원 좀 가르켜줘봐봐? 나도 좀 하게.",00
1172,한나야!! 응? 어떻게??..,00
1173,삼겹살..삼겹살..먹고 싶어. 사줘~,00
1174,"아니, 애 뭐 좀 먹이지 그랬어요!! 그래~ 삼겹살에 밥 비벼먹자..으이구, 기집애 살 빠진거 봐.",00
1175,정민아!,00
1176,누구세요?,00
1177,한나야!,00
1178,어쩜... 너같은 애 때문에 국어사전에 “독한 여자”란 말이 나오는 거다.,00
1179,"코랑 턱은 아주 날카롭기가 종이 찢어먹게 생기셨어! 어쩜, 밑으로 그림자 하나 안 생긴다 얘. 어쭈! 이 기집애 젖퉁 봐라? 로케트다, 로케트! 잘하면 발사하겠는 걸? 보여줘!! 보여줘!! 이런 건 싼데서 하면 밥사발 된다던데. 어떡해, 어떡해!!!",00
1180,야! 엉덩이 실리콘 밀려.,00
1181,어머. 다리봐!! 이건 또 뭔 조화래냐??,00
1182,어머! 옷걸이야!!,00
1183,근데 이제 너 뭐할 거니? 기대된다.,00
1184,괜찮아. 말해? 뭐할 건데? 한나야~~,00
1185,일내내... 일내. 야! 다음 플랜도 없이 그냥 무작정 뜯어고쳤어?,00
1186,난 내가... 이렇게 예뻐질 진 몰랐지. 진짜야.,00
1187,위험하지만 가장 확실한 방법이 있긴 하지.,00
1188,"뭐? 말도 안돼. 티 나면 어떡해. 아우, 난 못해...",00
1189,아님 뭐 할건데? 결정은 니 몫이야.,00
1190,"어머~ 근데 쟤 누구니, 참 얄밉게도 예쁘다.",00
1191,"차암 때려주고 싶게 예쁘다. 이년아, 너잖아, 너!",00
1192,근데... 목소리 들으면 알지 않을까?,00
1193,바로 그거야! 제2의 강한나를 뽑는 거잖아. 그러니까 니가 딱이지. 징그럽게 좋아할거야. 아마. 똑같다고. 재밌겠다..히히.,00
1194,나 가볼데가 있어..,00
1195,왜요...?,00
1196,아주 가지가지 하는구만...,00
1197,티...나요?,00
1198,"정신집중, 정신집중! 넌 씨발 프로야, 프로!! 김수미!!",00
1199,왜 이러냐... 왜이래... 왜 당신 얼굴에서 송혜교가 보이냐고..이거 뭐야? 심은하도 보여.. 어? 누구야?... 최지우... 김태희도 보이고... 한 두 사람이 아냐... 떼로 보여... 그러게 술 좀 작작 마시지! 작작! 결국 이렇게 되는거야..우라질 ! 옘병!,00
1200,보살님 진짜 프로예요. 우라질 옘병. 헤헤.,00
1201,"그래요. 나도 많이 아파요, 귀가... 다음!",00
1202,재미교포네? 들여보내요.,00
1203,Jennie?,00
1204,한인학교 나왔으면 한국말 잘하겠네요?,00
1205,그럼 안경 벗어요.,00
1206,좀 똑바로 서볼래요?,00
1207,아마가 아닌데요?,00
1208,"바랄 걸 바래라. 씨발, 아다는 무슨...",00
1209,됐어요. 나가 계세요.,00
1210,야~ 드디어 2집 낸다~,00
1211,먼저들 나가있어.,00
1212,"형, 욕심나지 않아?",00
1213,에? 신인가수요? 저를요? 제가 무대에 선다구요??,00
1214,"너무 아까우니까. 제니씨처럼 비디오, 오디오 다 갖춘 사람들 드물거든.",00
1215,"물론, 저도 그게 걱정이긴해요. 사람들이 제 노래보단 얼굴만을 볼까봐.. 결국 제 노래보단, 제 몸에 더 열광하겠죠? 뭐 어차피 그게 세상 다니까. 누가 그러더라고..",00
1216,"제니씨, 열심히 할 수 있죠?",00
1217,잘 하는게 중요하겠죠. 열심히 하는 건 누구나 다 하니깐... 하여튼...신인가수는 좀 그래요.,00
1218,나 알죠? 난 당신 알거 같은데.,00
1219,티..나요? 티났구나..,00
1220,티나는 정도가 아니에요. 왜 솔직하지 못해요? 언제까지 속일 거에요?,00
1221,죄송해요.. 정말 죄송해요..,00
1222,"백화점, 중고차매장, 지하 주차장. 왜 날 미행했죠? 내가 모를 줄 알았어요? 정민씨가 내가 최고라 그러던가요? 왜 당당하게 나 신인가수 하고 싶다고 말을 못해요?! 나 키워달라고! 최고가 되고 싶다고! 왜 못하냐구요??",00
1223,그러니까요..할거에요! 신인가수!,00
1224,"왜 울고 그래? 넌 사람을.. 왜 울리고 그러니? 근데, 얼굴 한 두어 군데만 손보자. 눈 앞꼬리 좀 트고, 응? 코 라인 좀 세우고...",00
1225,"안돼요! 안돼!! 전 겁이 많아서 칼 대는 거 너무너무 싫구요, 그리고 성형수술 왜 해요? 그런걸? 그런 건 자기 자신에게 자신 없는 애들이 하는 거죠... 근데 지금 그 말씀은 제가 안 예쁘단 뜻인가요?",00
1226,"아니, 아니, 그런 건 아니고... 자연미인, 좋네 좋아! 이미지 메이킹하기도 좋구, 안 그래?",00
1227,진짜 수술한데가 한군데도 없어요?,00
1228,그렇쵸? 네. 그럼요.,00
1229,계약하죠.,00
1230,야! 더 잘된거야. 아예. 이제 됐어! 인제 아미 그 년만 조심해. 니가 지 자리 뺏은거 알면 독 품고 지켜 볼 거다.,00
1231,야. 너 뭐하니? 시선은 그냥 즐겨! 넌 이러면 들통나. 이쁜 년들 하는 것처럼 도도하게! 우아하게! 응?,00
1232,자. 보자. 니가 어떤 남자한테서 선물을 받았어. 그럼?,00
1233,고맙습니다?,00
1234,아니지. 아니지. 봐. “애개?”,00
1235,"자, 니가 어떤 남자의 발을 밟았어. 그럼 뭐라고 하지?",00
1236,죄송합니다.,00
1237,“아퍼?” 이쁜 것들은 일단 말이 짧단말이야. 길게가지마! 도도. 우아. 알겠지?,00
1238,정민아. 근데 비계 좀 띠고 먹어라.,00
1239,어? 그래.,00
1240,맛있니?,00
1241,먹어봐.,00
1242,좀 이상하지 않을까? 너 나같이 생긴 애들이 삼겹살 쌈 싸가지고 먹는거 봤니?,00
1243,입 가리고 먹어.,00
1244,그래.,00
1245,아예 머리에 꽃을 꽂지 그래요?!,00
1246,"얘, 그런 거 먹으면 살쪄. 그건 완전 기름 덩어리야. 몸에 들어가면 절대 안 떨어져 나간다구. 자... 이제 언니 주세요.",00
1247,빨리 줘... 이런 거 먹으면 나중에 언니처럼 된단 말야!,00
1248,정말? 그럼 먹을래!!,00
1249,히히.. 침뱉았다~침뱉았다~.,00
1250,지금 뭐해요???,00
1251,"침 뱉았다, 침 뱉았다.",00
1252,애들껄 침까지 뱉어서 뺏어먹고 그래요.,00
1253,아..그게요.,00
1254,내가 볼 때 제니씨 매력은.. 도도함.,00
1255,도도함. 그 도도함이란게 전혀~ 없다는 거예요. 이쁜 척도 안하구. 그거 잘 키워요. 이 바닥에선 참 찾기 힘든 미덕이야.,00
1256,앞으로 필요한 거 있으면 나한테 얘기해요. 나랑 매일 같이 있을 거니까.,00
1257,"정민아!!! 대박이야, 대박!!",00
1258,어쩜 상준씨랑 잘 될지도 몰라.. 앞으로 나랑 매일 같이 있고 싶대.,00
1259,야! 한상준이 스타일이 파악 안 되니? 그 사람 머리 빈 애들이랑 연애할거 였으면 아미랑 자도 수십번은 잤겠다.,00
1260,근데 그거 내 옷 아니니?,00
1261,어? 내가 너한테 무슨 도도를 가리키니? 외모만 진화하면 뭐해? 하는 짓이 크로마뇽인데...행동 조심하라고 그렇게 말해도..,00
1262,잘 생각해보세요. 진짜에요. 제니는 요새 여자애들한테는 도저히 찾아볼 수 없는 게 하나 있다니까요.,00
1263,자지가 하나 더 달렸냐? 얘 뭐가 다른거야? 좀 어색한데... 괜찮겠어? 난 지금하고 있는 아미가 난거 같은데..,00
1264,"아미는 기획 단계부터 철저히 섹시한 쪽으로 유도를 한 친구라서요, 마케팅면에서 순수나 자연스러움하고는 좀 거리가 있습니다.",00
1265,"얘, 모든 사람들이 혹할만한 완벽한 자연 미인이에요.",00
1266,니가 혹한 게 아니구? 내가 딴생각 하지 않을 다른 이유를 대봐!,00
1267,"야생화, 꾸미지 않은 신선함. 인공미보다 자연미를 선호하는 요즘 트렌드에 딱이예요. 돈으로 살수 없는 아름다움이죠.",00
1268,맞어... 그거야.,00
1269,너 얘랑 사귀지?,00
1270,끼고 잘 애가 아니에요. 돈으로 살수 없는 매력이라잖아요!,00
1271,개가 똥을 끊니? 니가 얘랑 사귀고 있다에 천만원 건다.,00
1272,아버지나 찝쩍대지 마세요!,00
1273,상준아. 그냥 앨범부터 내자. 걔 실력이면 그냥 내도 돼.,00
1274,"형, 나 오늘 여러 번 실망시킨다? 빨리 가잔 얘기야!!",00
1275,난 더 이상 저 비위 못 맞춰.,00
1276,"형, 이럴 때 보면 다른 사람 같애. 형 장점이 뭐야? 끈기 아니야? 그 좋은걸 왜 포기해, 형? 내가 누구 믿고 이러는데. 성민이형. 형도 나 믿지?",00
1277,"아, 새끼. 오늘 형 소리 꽤 한다?...또 미남계냐?",00
1278,앙탈은...,00
1279,"제니씨... 2시간째거든? 한 컷도 못 건졌어? 긴장하지 말고... 좋아하는 걸 떠올려봐요. 뭐, 새끼고양이라든가, 꽃이라든가...",00
1280,"아님, 비비안 웨스트우드 백? 마놀로 블라닉 구두? 명품 좋아하는 거?",00
1281,잠시 쉬었다 합시다.,00
1282,너 진짜 사귀지?,00
1283,"난 좋은데, 응? 난 괜찮아요.",00
1284,"얘, 너 미스코리아 같애.",00
1285,정말?,00
1286,등신. 어색하다고. 입 떨리는 거 봐라.,00
1287,그럼 어떡해. 사진이라고는 민증 사진 찍어본 게 단데.,00
1288,"가 있어요. 정민씨, 제니가 제일 좋아하는 게 뭐지?",00
1289,네?,00
1290,"제니가 집중할 수 있는 거 있잖아, 바라보기만 해도 미소가 떠오른다든가, 하루 종일 보고 있어도 볼 때 마다 좋은 그런 거...",00
1291,"저게 순수냐, 푼수냐?",00
1292,다른 걸 좋은 걸로 착각하지 마.,00
1293,너 자꾸 이러니까 다른 게 좋아지는 게 아니라 그 전 게 자꾸 싫어지는 거야.,00
1294,내가 제 발로 걸어 나가길 바라지? 나중에 후회하지 마셔.,00
1295,난 집나간 개는 안 찾는다.,00
1296,난 내 개는 지구 끝까지 뒤져서라도 찾어. 한나 내 손으로 찾고 말거야.,00
1297,한나 얘긴 꺼내지도 말랬지!,00
1298,당분간 시트콤에 전념해. 대사 좀 외워서 하고. 누가 애드립 하래.,00
1299,난 가수야!,00
1300,이제 알았니?,00
1301,"난 가수라고! 가수가 하고 싶다고!! 하고 싶다고, 하고 싶다고!!",00
1302,개... 잃어버리셨어요?,00
1303,순수... 하니까. 아까 기자들도 다들 좋아하드라. 자연미인이라고...,00
1304,순수? 알아봤어요? 수술 했는지 안 했는지?,00
1305,야! 옆방에 기자들 있다?,00
1306,했어! 확실해.,00
1307,봉숙아... 아미야.. 니 기분 모르는 건 아닌데.... 컨셉이... 자연이고...,00
1308,너! 코했지?,00
1309,어머! 아니에요.,00
1310,갈았네. 연골 갈아서 코끝에 붙였지? 식염수구나? 많이도 넣었다. 안 무겁니?,00
1311,아니...만져보면 진짜 알아? 어디..,00
1312,"자연미인 좋아하네! 두고 봐! 하여튼 밝혀내면 다시 나한테 주는 거야, 응?",00
1313,약속해요!!,00
1314,옷 진짜 이상하다? 산거 아니죠?,00
1315,이상해요? 난 좋아하는 옷인데.,00
1316,좋아해요? 어디 건데요? 누가 줬어요?,00
1317,"실력 있고, 자신감 넘치고, 자기표현 확실한 사람.",00
1318,아...아...날 좋아했어..아... 그 옷 자주 입는 것만 봐도 알 수 있잖아?,00
1319,옷이 없나보지.,00
1320,"역시 그 부적이 효험이 있었어. 아... 씨 수술 괜히 했나? 그 때 대쉬라도 해볼걸. 야, 근데 내가 그랬니? 자신감 넘치고, 자기표현 확실히 하고?? 아무튼... 그 옷 준 사람 여기있어요~상준씨.",00
1321,뭇 남성들의 눈길을 즐기며 걷고 있는 수영복차림의 한나와 정민.,00
1322,데크체어에 누워있는 한나와 정민. 하얀 속살이 훤히 드러난 비키니 차림의 한나와 긴 치마까지 둘둘 말고 있는 정민의 모습이 대조적이다.,00
1323,괜한 소릴 거야.,00
1324,너.. 질투하니?,00
1325,누굴? 너를?,00
1326,"그럼, 내가 너를 질투할까? 그건 좀 그러다. 얘.",00
1327,"쟤 봐라, 쟤. 한번 좀 봐달라고 난리 났다. 참...",00
1328,"네, 맞아요. 제가 바로 그 제니에요.",00
1329,오일 좀 발라볼래?,00
1330,내가 왜?,00
1331,어머~ 너 피부 정말 뽀얗다. 캘리포니아에서 왔다며?,00
1332,그래.,00
1333,거기서 반지하에 살았니?,00
1334,!!,00
1335,"꼭... 두부같애. 두부. 어휴, 촌빨 날려. 너 안되겠다.",00
1336,너 그거 아니? 가슴 성형수술한 애들은 여기 오면 안되는거?!,00
1337,어? 왜?,00
1338,여기 온도가 엄청 높잖아.,00
1339,응? 끓..지?,00
1340,그러니까. 그 가슴에 실리콘이 문제야...이 열 때문에 실리콘만 온도가 점점더 올라간대..계속 올라가다가.. 부글부글 끓는대네? 마지막엔 펑 터진다는데? 너무 엽기적이지 않니? 너나 나야 그럴 일은 없겠지만.,00
1341,"그.. 그래? 정말...안됐다. 아니, 그러면 뒤집지? 뒤집으면 되잖아. 가슴 열 안 받게?!",00
1342,그렇겠네. 그럼 등만 까맣게 될텐데... 근데 엉덩이에도 실리콘 넣은 애들은 그것도 안 되잖아. 어떡하니~ 그런 애들은?,00
1343,가슴이 더 먼저 터질까~ 엉덩이가 더 먼저 터질까?,00
1344,그거 다 거짓말이야. 지가 했어! 걔 걔 맞지? 그 이상한 시트콤에 나오는 애? 걘 백프로 식염수 팩이야. TV보니까 딱 알겠던데. 뭐. 그거 만져보면 되게 아파할걸? 피부 밑에 바로 넣어놨어요..식염순 또 촉감도 후져요. 그래서 내가 너 일부러 실리콘 해준 거 아니냐.,00
1345,그런거죠? 실리콘이 더 싸서 하신 건 아니죠? 그죠?,00
1346,"슬프다.. 너 이런 시련이 다 어디서 오는 건지 아니? 자신감. 몇 번을 말하니. 당당하게 행동해야 돼. 미녀는 Attitude, 오케이? 턱은 15도 각도로 살짝 들어주고 시선은 비스듬히 내려 깔고 손은 허리에 착. 그게 엔진이야. 엔진.",00
1347,이건 어떡해요?,00
1348,오랜만에 한통화만 하자...응? 그럼 그거 레이저루 어떻게 해보께. 내가.,00
1349,선생님!!!,00
1350,오늘은 그만 하지. 수고했어. 내일 봐.,00
1351,뭐가 느껴져?,00
1352,네? 네.. 취... 했네요...,00
1353,그거 말고 저 사람 노래에서 뭐가 느껴지냐구?,00
1354,누구한테 노래를 하고 있는 거 같은데... 아닌가?,00
1355,정확해!,00
1356,"저렇게 못해? 제니는 노래 부를 때 목표가 없어. 왜 남들 눈에 어떻게 보일까만 신경 써? 눈만 감지 말고 다 감아. 촉수, 세포, 뚜껑 다 닫으라구.. 아예 저렇게 취하든지, 풍덩 빠지든지.",00
1357,저 사람보다.. 제 노래가 많이 못해요?,00
1358,한참. 아주 한참.,00
1359,저기... 아까 그 뚱뚱한 여자요...꽤 관심이 있으셨나봐요? 칭찬도 하시고. 원래 칭찬 잘 안 하시잖아요.,00
1360,나한텐 소중한 사람이었어.. 제니도 그 사람 때문에 지금 노래할 수 있는 거고.,00
1361,"그래요? 음..근데 너무 민망하게 생겼던데? 어휴, 그 살들..같이 다니기 쪽팔리진 않으셨어요?",00
1362,"제니, 그만하지? 노래하는 거 배우랬지 누가 사람 생긴 거 보랬어?",00
1363,"어머, 피디님.. 왜 화를... 그 분한테 혹시 감정도 있으셨던 거에요? 아니죠?",00
1364,참나.. 물론 이뻤다면 여러 가지로 좋았겠지. 근데 그게 말이 돼? 오늘 진짜 왜 그러지? 그렇게 핵심이 파악이 안돼?,00
1365,하긴 뭐 그 정도 실력에 얼굴까지 이뻤다면 좋아할 수도 있었겠죠? 그죠? 하여튼..남자들이란.,00
1366,너.. 걸어가고 싶니?,00
1367,"뭐? 너, 미쳤니?",00
1368,"소중한 사람이었데..생각해봐? 그 강한나의 순수함에, 제니의 미모.",00
1369,참나..그래서 고백하겠다구? 지금까지 속여놓고? 막말루 넌 사기 친거야.,00
1370,그러니까 더 늦기 전에 고백해야지. 상준씨는 이해할거야.,00
1371,내가 세상엔 세 종류의 여자만 있다고 했지?,00
1372,이쁜 여자 됐으니까 된 거 아냐?,00
1373,아니. 넌 해당사항 없어. 왠지 알아? 성형한 건 여자가 아니라 괴물이거든.,00
1374,야. 박정민!,00
1375,"그래, 한상준이 다 이해한다고 치자. 그렇다고 널 사랑하게 될까? 남자들 다 똑같애. 성형한 게 뭐 문제냐고 말하지? 그치만 내 여자는 절대 안돼! 그게 남자야. 한상준도 별수 없는 한국남자고. 아님, 게이거나.",00
1376,언제부터 니가 남자 박사가 됐니? 누가 들으면 수십 년 연애해본 사람인 줄 알겠다?,00
1377,너보단 나을 걸? 적어도 난 일방통행은 안하거든?,00
1378,"오호, 불타는 연애를 하신다? 이 남자? 과연 이 남자도 로맨스를 꿈꿀까? 물건 팔아먹으려는 건 아니구?",00
1379,너 내 가방 뒤졌니?,00
1380,"남의 옷을 몰래 입었으면, 주머니는 비우는 게 예의 아냐?",00
1381,"로맨스도 좋고 다 좋은데, 절대 물건은 사지 마라.",00
1382,내가 너냐?,00
1383,"그래..나처럼, 아니 옛날 강한나처럼 너 그 남자 앞에서 괜히 착한 척, 병신처럼 다 맞춰주고 하지 마. 그래봤자 헤어질 땐 하는 말 뻔해. 성격 차이. 니가 뚱뚱하고 못생겨서 싫단 말 절대 안할걸?",00
1384,역시 경험보다 좋은 교훈은 없구나. 고백해라!!,00
1385,그 비디오.. 좀 더 보여 주시겠어요?,00
1386,"곧 있으면 첫 방송도 있고... 제가 인,물,값을 너무 하는 거 같아서요. 피디님 말씀처럼 좋은 건 배워야죠. 맨날 남한테 어떻게 보일까 생각하는 그런 태도는 고쳐야죠, 그죠.",00
1387,상준씨...할말이 있어요... 사실은...,00
1388,"어머, 이 개 발정 났나봐. 아유, 얘가 왜이래! 저리가, 휘휘-",00
1389,그만! 이 녀석... 누구한테 꼬리치는 건 처음인데...잠깐 기다려. 비디오 찾아볼 테니까.,00
1390,"어우, 드러. 개털 다 묻었네. 우리 나가요.",00
1391,저기요. 예전에 최사장님 말씀 말이에요.. 한국은 성형 많이 하나 봐요? 그냥 물어보는 건데... 피디님은 어떻게 생각하세요?,00
1392,그때 자기가 정답 말했지 않나? 성형수술 왜 하는지 모르겠다고. 그런 건 자기 자신에게 자신 없는 애들이 하는 거라고. 나도 같은 생각이야.,00
1393,"그죠, 같은 생각이네요? 근데...나쁘게만 볼 건 아니지 않나? 거기엔 다 나름대로 절박한 이유가 있을 수도 있고. 뭐..눈썹이 눈을 자꾸만 찔러서 쌍꺼풀을 했다든지-",00
1394,"콧구멍이 너무 작아 숨쉬기 힘들어 코를 높였다든지... 안경 쓰는 게 불편해서 렌즈 끼는걸 욕할 순 없단 논리겠지. 이유라고 말하지만, 핑계 아냐? 결국 예뻐져서 쉽게 살아볼려구 하는 거 아닌가?",00
1395,예뻐지고 싶다는 게 나빠요? 나쁜 걸로 치면 예쁜 여자만 좋아하는 남자들이 더 훨씬 더 나쁘죠. 그리구 요즘 성형은 화장품이나 마찬가지라고 할 정도로 유행이기도 하잖아요.,00
1396,그렇게 당당한데 왜 숨기지? 본인들이 먼저 숨기잖아. 다 비겁한 자기합리화야. 아직도 모르겠어? 이 바닥 봐 다 그렇기 때문에 자연산인 제니가 더욱 빛나는 거야.,00
1397,그리구 자기만족이라는 애들이 죽을 때까지 성형해요? 그럼 죽을때까지 자기 자신이 싫은 거야? 먹어? 자연산이야!!,00
1398,제니!! 비켜!!,00
1399,언제부텁니까. 누가 시켰어요?,00
1400,"아뇨, 아뇨... 제가 그냥... 너무 좋아서...",00
1401,"어머, 어머, 그때 그 자장면!",00
1402,"맞아요, 자장면! 기억하시네요!!",00
1403,"맘은 고마운데, 이거 사생활 침해인거 알죠? 사진 돌리면 초상권 침해고.",00
1404,아니. 나는 그냥 혼자 보려구... 지켜보기만 하려구...,00
1405,좋아한다면서 어둠 속에서 감시당하는 사람 생각은 안 해봤어요? 몰래 훔쳐보고 그걸 기록까지 하는 건 범죄야. 지금 당신 행동은 스토커나 하는 짓이라고! 이 따위 꼴사나운 짓 하는 게 부끄럽지도 않아?!,00
1406,"꼴사나운 짓이라뇨...좋아서 그랬다는데..그럴 수도 있는 거지, 나 참... 시선 받는 게 그렇게 불쾌한 거예요? 그럼 바라보는 것 밖에 아무 것도 할 수 없는 사람은 어떻게 해야 하나요? 그 사람 발자국이라도 밟아보고 싶은 마음, 당당히 좋아한다고 나설 수 없는 마음을 알기나 하냐...구요...",00
1407,....이런 말이 하고 싶었던 거죠?,00
1408,이거야. 이거... 해 봐.,00
1409,"아니, 소릴 지르지 말고, 숨으로 그냥 내뱉는다고 생각해. 소리 지르려고 하니까 자꾸 반음이 플랫되잖아. 그게 아니고, 이렇게",00
1410,아! 흉성을 못쓰는구나.. 우리 다시 해봐요~ 가슴을 이렇게 올리면서 흉성으로...이렇게.,00
1411,아니. 이게 아닌데.,00
1412,됐다!! 됐어! 됐지!,00
1413,돌팔이. 자연산이잖아..,00
1414,몰랐지? 내가 붕어라는 거.,00
1415,아니.,00
1416,뭐?,00
1417,아니. 정말 노래하는 것처럼 너무 잘 해서 전혀 몰랐다구. 정민이...정민이가 다 말해줬어.,00
1418,하긴 내가 연기는 좀 돼. 걔랑 똑같이 부르려고 얼마나 노력을 했는데... 사실 난 걔가 엄청 부러웠어. 내 립싱크 해주던 애 말야.,00
1419,정말?! 왜?,00
1420,기집애가 노래를 잘 해도 너무 잘 하는 거야. 한상준은 난 인형 취급하면서 걔랑은 진정한 뮤직의 월드네... 어쩌구 하고... 참.. 부럽더라. 걔가.,00
1421,내 생각엔... 걔도 니가 부러웠을 거야. 이쁘니까...,00
1422,"내 꼴을 보고 그런 말이 나오니? 이뻐봤자 다 한 때야, 한 때. 넌 이쁘면서 그런것도 모르니?",00
1423,너무 얄미워서 약간 놀려주려고 장난을 좀 쳤는데..,00
1424,좀 심했어. 그건. 아니 정민이 말이..,00
1425,"그랬더니 없어지대, 휘리릭! 이제라도 나타나준다면...",00
1426,왜? 사과라도 하려고?,00
1427,얘는? 나 2집 내야지.,00
1428,웃어? 걔만 돌아와 봐. 넌 찬밥이야. 니 노래는 쨉도 안돼. 춤은 내가 너보다 백배 낫고... 그때 가서도 웃을 수 있나 보자.,00
1429,"아니 뭐 내말은...할 수 있는 걸 하라구.. 하고 싶은 걸 다 하면 그게 신이지, 사람이냐?",00
1430,뭐?,00
1431,아니. 우리 아빠가 해준 말이야. 인간은 할 수 있는 일을 할 뿐이라구...하고 싶은 걸 다 하고 사는 건 하느님밖에 없대.,00
1432,넌 춤 최고잖아? 춤 하나로도 충분히 훌륭해. 간다. 나 오늘 첫방 이거든. 음정 잡히면 목욕탕에서 노래 해봐!! 효과있어!!,00
1433,이 차... 가짜에요?,00
1434,정민이가요?!,00
1435,병원엘 지금 왜 가??,00
1436,정민이가 자살 할려구 약을 먹었대요!!,00
1437,정신 차려!!.오늘이 데뷔 방송이야. 얼마나 중요 한 건지 몰라?!,00
1438,사람 목숨보다 중요한 게 어디 있어요?!,00
1439,"수면제 30알을 한꺼번에 삼켰습니다. 그 정도면 치사량인데... 환자분은 숙면을 취하고 있습니다. 참 다행스러운 일입니다만, 알파파까지 생성하고 있다는 건... 기이현상이 아닐 수 없습니다.",00
1440,제니!!,00
1441,헬씨 2000. 가정용 싸우나?,00
1442,어..수진아..어? 수정이구나...수정이..그래. 이따 수영장에서.. 오빠가 쫌 있다 전화할게~ 그래.,00
1443,너무 사랑해서 헤어지셨어요?,00
1444,너무 부족한 게 많아서 헤어지셨어요?,00
1445,네?,00
1446,"왜 벌써 헤어지셨어요, 사우나 기구 효과는 직접 눈으로 보셔야지요. 왜, 살 빼는 게 싫어서 그러셨어요? 살 빼면 오빠 화낸다, 그러셨어요? 차라리 뚱뚱해서 싫다고, 물건이나 좀 팔아달라고 솔직하게 말씀하시지... 사랑하는데 왜 헤어지니, 개자식아!! 뚱뚱하다고 바보냐, 바보야? 왜 애를 두 번 죽이세요!!",00
1447,"이 나쁜 놈아, 개새끼야! 뚱뚱한 게 죄니? 못생기면 사람도 아냐? 벌레야? 호구야? 우리도 여자야, 씨발놈아! 씨발... 할 말 진짜 많은데...손이 먼저 나간다...",00
1448,도대체 누구세요?,00
1449,"뭐야 한 패야? 니들 뭐 하는 것들이야? 나, 신고할 거-",00
1450,신고해! 이 돈 받고 조용히 입 닥치고 있던지.,00
1451,오빠가 뭐라고 그랬니? 미니스커트 입고 다니지 말라고 그랬지? 늦게 왔으면 어쩔 뻔 했어??,00
1452,근데 누구야?,00
1453,팬벨트가 끊어졌네... 끊어진 게 아니라 아예 삭았네? 보험은 들었지?,00
1454,"예, 정국장님.. 죄송합니다. 지금 도로 상황이- 정말 죄송합니다. 리허설만 빼주세요.. 예. 완벽하죠..예. 그 안에 반드시 도착하겠습니다. 예, 감사합니다. 차 왜 안와??",00
1455,이걸로 묶어보세요.,00
1456,스타킹 신으면 꼭 한 번 해보고 싶었어요.,00
1457,너..또.. 내려.,00
1458,시간 없죠?,00
1459,이렇게 그냥 갈게요.,00
1460,상준아~ 이건 너무 간거야~~,00
1461,"어차피 노래로 승부할건데요, 뭐.",00
1462,이제 시작이야. 보여줘. 제니가 누군지...저런 애들한테 질 수 없잖아. 박살내줘. 할 수 있지? 난 제니 믿어.,00
1463,컨셉 물어봤지? 우린 진짜 노래가 뭔지..그게 컨셉이야. 넌 컨셉이 뭐냐? ... 딸기우유냐?,00
1464,어유..저질. 상준씬 저질.,00
1465,뭐가? 야동 보는게? 그게 낫다니까. 난.. 여자하고는 절대 친구가 될 수 없다고 봐. 잠은 잘 수 있어도..,00
1466,야동이나 보구..다 똑같애.. 스타일 파악 됐네요.,00
1467,뭐해? 안 오고?,00
1468,날씬해지면 꼭 해보고 싶었어요!,00
1469,아..분위기 정말 이상하다. 히히,00
1470,"그냥..여긴..좀.. 아뇨, 아뇨, 엉덩이도..좀..",00
1471,그만 갈까....,00
1472,잠깐만요! 우리... 특이하게 해봐요.,00
1473,"받아요, 받아! 내가 다 알아요.",00
1474,뭐 하는 거야 지금?,00
1475,어떤 스타일이 좋아요? 간호사? 여고생? 없으면 내 식대로 할께요.,00
1476,어떡하라구 이걸?,00
1477,취향대로 하세요..다 안다니까요.,00
1478,어떻하라는거야?? 찢으라구? 신으라구?,00
1479,"뭐해요? 또, 야동 봐요?",00
1480,어? 어...,00
1481,카드 빚 있구나? 줘봐요. 내가 다 갚아주께요.,00
1482,주세요~ 나 이제 돈 많이 벌잖아요.,00
1483,어제 일 말이야. 내가 실수했어. 우리 없던 걸로 하자.,00
1484,없던거요??,00
1485,"아니, 그럼 없었던 것처럼 해줘..그렇겐 해줄 수 있지? 없었던 것처럼.",00
1486,나도 공과 사는 구분할 줄 아는데...지난 밤 일...,00
1487,좀 나가줄래? 야동 마저 봐야 되거든?,00
1488,축하해! 니 팬 왔어.,00
1489,뭐라고?,00
1490,너 무지 보고 싶어 하는 사람 왔다고!!,00
1491,아는 사람이야?,00
1492,누구 손님이야? 제니랑 나는 초대한 기억이 없는데. 그렇지? 데려온 사람들이 모셔다 드려. 따라와.,00
1493,"지난 번 그 숯검댕처럼 얼버무릴 생각하지 말고, 누구야?",00
1494,그냥... 팬이라는데요.,00
1495,내일이 콘서트다. 잘 하자.,00
1496,여기도 싸인 좀 해주실래요? 제니씨 팬이라잖아요.,00
1497,아직 안 들어갔어? 컨디션 조절하려면 오늘 일찍 자는 게 좋아.,00
1498,저.. 그 사람 알아요.,00
1499,"알아, 니 팬이잖아.",00
1500,아니. 그 사람은... 나는...,00
1501,그만해. 강 한 나.,00
1502,지금....뭐라고..하셨어요?,00
1503,걱정하지 마. 아무도 몰라. 나도 몰랐으니까.,00
1504,언제부터... 알았어요?,00
1505,그게 중요해? 넌 지금 제니잖아. 내일은 제니 첫 콘서트고.,00
1506,어떻게... 그럼..아빠란 것도 알고 그런 거에요?,00
1507,난 한나에게도 제니에게도 기회를 줬을 뿐이야.,00
1508,"우...후. 무서워요...모든 게 상품이었네요? 팔 가치 없는 강한나, 팔기 좋은 제니. 그래요? 난 상준씨 때문에... 상준씨 속이고 있다는 생각에... 되게 힘들었는데... 지금 보니까...그럴 필요 없었겠다.. 강아지..삐삐는 뭐에요? 인질 같은 거였어요?",00
1509,그만해. 내일 공연이다.,00
1510,내가 성형수술해서 더럽게 느껴졌어요? 무섭구? 그래서 날 피한 거구나..,00
1511,그만하라고. 목잠겨!!,00
1512,"공연 할 거에요. 잘 할거에요..근데 이제 이런 건 다 없애요. 더럽고, 무서운거니까..다.",00
1513,"됐어요. 안 아파. 이 까짓 건 아무 것도 아냐. 뼈도 깎고 살도 잘랐는데 뭘... 근데..그때, 그 수술대 위에서 내가 누구 얼굴을 떠올렸는 줄 알아요? 와... 이런거네요?. 그때가 젤 아픈 줄 알았는데... 마음 아픈 게 이런거구나...",00
1514,"가슴을 찢어 놓고, 휴지로 되겠어요?",00
1515,같은 사람이라서 당황스러워? 왜그래? 상준씨 답지 않게? 다 같은데..똑같은데 그전엔 못생겨서 싫어 했구나~ 그런 생각이 들어요?,00
1516,내일 콘서트 취소해. 나도 원래대로 갖다놓고.,00
1517,어디? 백댄서?,00
1518,농담 아냐. 다 까발려도 좋아?,00
1519,너 립싱크 했다는 거? 너부터 끝장일걸?,00
1520,한상준도 끝이겠지.,00
1521,이거 하나면 아주 확실하겠네? 그지?,00
1522,널 만든 게 나야. 쉽게 만들었어. 근데 망가뜨리는 건 더 쉬울 거 같다?,00
1523,강한나...사랑하는구나?,00
1524,저... 여기 걸려 있는 원피스 사고 싶은데요.,00
1525,팔린 거에요.,00
1526,오래전부터 사고 싶었던 건데.. 파세요.,00
1527,돈 받구 판거야. 나 사기꾼 만들지 말고 딴거 골라. 언닌 아무꺼나 대충 걸쳐두 이쁘겠구만.,00
1528,그 사람 아마 까맣게 잊고 있을 거예요...저한테 파세요.,00
1529,애개? 이 언니 왜이래? 저거 잠깐 맡겨 논거야. 금방 온다 그랬어. 다른 거 골라. 그럼 내 싸게 줄게.,00
1530,저기요.. 언니 할 말 있어요. 나.... 누군지 몰라요?,00
1531,어머머! 맞아. 알아! 연예인! 그 왜 화장품... 가수. 가수잖아?!,00
1532,내일 제 공연이에요.,00
1533,칠 만원?...나..내일 제사 있을걸?,00
1534,공짜에요.,00
1535,이제 이런 거 들여놓지 마세요.,00
1536,"형, 왜 그렇게 김정일스럽게 앉아있어?",00
1537,너 어떻게 나한테도 말을 안 할 수 있냐? 다 날렸구만. 자연미인 제니 프로젝트.,00
1538,누군지는 모르는 거죠?,00
1539,기사엔 일단 의혹만 이래잖니? 근데 어떤 갈아먹을 새끼냐?,00
1540,기사는 누가 냈어요?,00
1541,송기자. 이 씨발 새끼. 룸 싸롱에서 술 사줄땐 자연미인 이라고 젤 빨아주던 새끼가. 내 등에 칼을 꼽네.,00
1542,"기자회견 아니야, 새끼야. 송기자만 잡아 오라구.. 어. 정확히 3시에 한다고 그래.",00
1543,송기자 온데? 근데 걔가 송기자한테 말한다고 효과가 있겠어?,00
1544,확실히 측근이라 그랬죠? 뭐해? 안 불러와?,00
1545,?? ..정민인 어디 갔어요?..,00
1546,"부탁해, 정민씨.",00
1547,왜... 나죠?,00
1548,정민씨가 소개한 사람이잖아. 그래야 믿을 거고.,00
1549,"...그러니까, 내가, 그 측근인데, 질투 때문에, 있지도 않은 사실을 허위로 제보했다고, 얘기하면 된다?",00
1550,...했다 쳐요. 그 다음은요?,00
1551,그러니까 질투였다고? 제니는 성형 수술 같은 거 한 적 없는데?,00
1552,"당신 지금 장난해? 사람 죽이려고 작정했어? 이건 명백한 허위 사실 유포에 법대로 하면 처벌감이야, 알아?",00
1553,죄송합니다.,00
1554,근데 당신이 제보한 건 맞어? 어떻게 했는데?,00
1555,메모 남기고 퀵으로 파일 보내드렸잖아요. 봉투색깔도 말씀 드릴까요?,00
1556,정민아... 고마워.,00
1557,뭘? 콘서트는 해야지...한상준이 얼굴 봐서라도.,00
1558,공연장에 아빠도 와있더라..,00
1559,무슨 아빠? 걱정 하지마. 어제 우리집에서 주무셨어. 병원 모실까 하다가 그래도 니 콘서트는 보셔야 될 거 같애서.. 너 싫으면 다시 병원으로 모실게. 말해?,00
1560,고마워.,00
1561,선물이야. 이젠 나한텐 필요 없거든.,00
1562,오늘 회사 주가가 바닥을 쳤어. 화장품 반품 전화 땜에 직원들이 일을 못해. 마비야. 마비. 어쩔꺼야?,00
1563,다 덮었다잖아요. 이제 그만 좀 하세요.,00
1564,덮는다고 덮어지냐? 세상일이 그렇게 만만해 보여?,00
1565,죄송합니다.,00
1566,"어차피 이렇게 된 거, 누드라도 찍어서 얼른 돌려라. 그것도 약발 떨어지기 전에. 모바일쪽은 내가 다 연락해놓을 테니까 따로 연락..",00
1567,아버지!!,00
1568,시끄러! 니가 이렇게 물러 터지니까 이자식이...,00
1569,그렇게는 못 하겠는데요.,00
1570,유사시 모든 권한은 회사에 넘긴다. 알지? 위약금 니가 물거 아니면 잔말 말고 내 말대로 해!,00
1571,"회장님, 많이 늙으셨네요.",00
1572,이 자식이. 너 누가 키웠어? 감히 기어올라?,00
1573,"그 주가..누가 올려 놨는지 잊으셨나봐요? 콘서트 성공합니다, 반드시. 먼저 일어날께요. 그리고...넘기긴 뭘 넘겨요? 사람이 물건입니까? 반품 받은 화장품이나 떨이로 넘기시죠. 약발 떨어지기 전에.",00
1574,아~ 자식이. 꼭.... 휴지두 있는데...,00
1575,이거? 니가 안아프대매. 그래서 나두 한번 해봤는데... 난 아프다 야. 잘 할 수 있지? 콘서트만 제대로 해. 그럼 돼.,00
1576,다 덮었어. 넌 무대에 서기만 하면 되는 거야.,00
1577,나 잘 할 수 있을 거에요. 그죠?,00
1578,어렵게 생각마. 제니를 보여줘. 그럼 돼. 그럼 아무 일 없을거야.,00
1579,아무 일 없을 거에요.. 제니한테는. 그죠?,00
1580,"부탁이 있어요. 나요..이제 제니로..정말 멋지게 잘 할 거에요. 아니, 잘 할 수 있어요. 근데..다른 사람은 몰라도, 상준씬요. 상준씨만은 날.. 한나로 생각해주면 안돼요? 그래 줄 수 있어요?",00
1581,죄송합니다.,00
1582,저는 제니가 아니예요. 여러분 앞에 서 있는 저는...강한나에요.,00
1583,"오늘 기사, 많이 틀렸어요. 사실은 그거보다 더했거든요... 강한나는...95kg의 추녀였어요. 1년전에는...그땐 너무 못생기고 뚱뚱해서...여기 올라올 생각도 못하고...이 무대 뒤에서 누군가의 노래를 대신 불러 주고 있었어요.",00
1584,"네. 저 수술한거 맞아요...머리부터 발끝까지 싹......근데 그거 아세요? 예뻐지니까, 세상이 너무 쉬워졌어요. 한나한텐 평생 걸려도 안되던게 제니가 되니까 금방이었어요. 저 뒤에서 지금까지... 지금보니까 겨우 5m도 안되는데... 제니가 돼서...참 행복했어요. 너무 행복해서 꿈이라면 깨지 말라고...그런데...미안해요...내가 다 망쳤어요...",00
1585,"깨어보니 잃은 게 너무 많아서... 아니, 잃은게 아니라 내가 버린거예요. 전 좋아하는 친구도 버렸구요..사랑하는 아빠도 버렸구.. 언니..미안해요..",00
1586,"눈떠보니까, 강한나는..., 예뻐진 게 아니라 아예 없어져서...나도 날아가고 싶었는데...근데 이건 제 날개가 아니잖아요.....",00
1587,"네...그래요...저 저렇게 추했어요.. 근데요, 저는요, 저렇게 추했을 때보다...제니라는 껍데기를 뒤집어 쓰고 있는 지금이... 더...",00
1588,여기...제니는 없어요. 제니의 노래를 듣고 싶어서 오신 분들은...나가셔도 원망하지 않을께요...하지만...혹시 한나의 노래를 듣고 싶은 분이 계시다면...한번만...한번만 들어주세요.,00
1589,이거 꼭 쓰셔야겠어요?,00
1590,비엉신? 이런 게 바로 특종이야. 빨리 찍어!,00
1591,"객석 한구석에 자장면 스토커, 감동으로 눈시울 붉어지고",00
1592,"귀빈석의 이공학, 눈물을 닦으며 옆에 앉은 관객 쿡쿡 찌르며",00
1593,"티나요? 티나? 안나죠? 그지, 응?",00
1594,"아미, 몰래 눈물 훔치는데 현덕, 믿기지 않는다는 듯 쳐다보며",00
1595,울어?,00
1596,웃으리?,00
1597,"무대 밑으로 내려오는 한나, 눈물 범벅이 되어 아빠를 끌어 안는다.",00
1598,그렇게 제니는 망했습니다. 쫄딱. 대신 강한나는 성공했습니다. 저도 그 이유는 잘 모르겠습니다.,00
1599,물론. 안티도 많이 늘었죠.,00
1600,근데 한나는 이젠 더 이상 저를 좋아하지 않는 것 같습니다. 인정하고 싶진 않지만 말이죠.,00
1601,이젠 제가 더 좋아한다고들 하더군요. 물론 아니죠.,00
1602,어디가 그렇게 좋냐?,00
1603,몰라.,00
1604,이뻐서?,00
1605,그건 형같은 속물이 하는 얘기고.,00
1606,그럼 순수해서?,00
1607,그건 나같은 속물이 하는 얘기지.,00
1608,"다행인건, 지금껏 누구도 아미의 노래를 한나가 불렀다는 사실을 모릅니다.",00
1609,"아하하하- 참. 매스컴...신문 보고 오셨나? 뭐, 제 입으로 말하긴 뭐합니다만, 제가 그 신의 손이라 소문난 이공학이죠. 하하, 이러다 노벨상 받는거 아닌가 몰라. 어떻게... 손님도 전신으로...?",00
1610,"강가, 기차길",00
1611,강과 기차길이 내려다보이는 나무 아래,00
1612,"2년 전 바로 오늘, 그녀와 저는 이 자리에 타임캡슐을 무더씀미다. 오늘은 우리가 2년만에 다시 만나는 날이지만 그녀는 아직 나타나지 안씀미다. 전 기다립미다.",00
1613,사진관,00
1614,"하나, 둘...",00
1615,잠깐만여... 여보세요...? 네? 고모? 예... 죄송해요... 갈께요. 죄송하다고 했잖아요... 네... 간다니까여? 사진 찍고 있어요... 네.,00
1616,...부모님은 제가 딸이길 원해서 저는 어려서 부텀 딸처럼 키우셔씀미다.,00
1617,"그래서 저는 일곱 살까지 여잔줄로만 알았씀미다. 글구 목욕탕도 엄마하고만 갔씀미다. 저는 나이가 들면 꼬추가 점점 작아져서 사라지는 줄로만 알았씀미다. 근데, 정 반대더군여.",00
1618,순대집,00
1619,...저는 군대생활을 무사히 끝내고 복학을 했씀미다.,00
1620,"-야, 띱때야! 공익근무요원이 무슨 군대생활이냐? 제대 조아하네?",00
1621,"띱때야, 공익근무요원이 뭐냐? 공근이라고 불러! 공근! 이래뵈도 전방에서 근무했단말야!",00
1622,"-공근은 구파발이 전방이냐? -띱때야, 너는 제대한 게 언젠데 인제 연락하고 질알이냐? -어째뜬 견우가 무사히 제대한 것과 복학을 추카한다! ...건배!",00
1623,제 이상형임미다. 이상형이 지나가면 저는 못참씀미다. 말을 부쳐바야져!,00
1624,에이씨! 중요한 시간에 ...여보세요? 누구냐?,00
1625,니 엄마닷! 너 고모네 간다더니 지금 뭐하고 있는 거얏!,00
1626,곧 갈 껀대여? 조용히 해 띱때들아. 엉아 저나 받잖아! .\ /.,00
1627,"오늘은 꼭 좀 갔다 와라, 응? 고모 본 지 너 1년도 넘어찌?",00
1628,작년에 반나?,00
1629,고모 작년에 하나밖에 없는 자식 잃고 적적하게 사는 거 잘 알잖아... 너하구 걔 너무 닮았다 그랜는데... 고모가 너 보면 얼마나 조아하겐니?,00
1630,"닮긴 하나도 안닮았더구만... 고모 만나면 얼굴 비벼대구, 뽀뽀할려구 그래서 싫어. 고모부두 그렇구...",00
1631,너 오면 여자 소개시켜준다던데...,00
1632,고모가 소개시켜주는 여자 뻔하지. 댔다구 그러세여.,00
1633,신도림역.,00
1634,바로 그날이었씀미다.,00
1635,"앗, 자살?",00
1636,전철 안,00
1637,그녀는 제 이상형이지만 전 싫씀미다. 왜냐구여? 전 술에 취한 여자는 딱 질색입미다.,00
1638,"야, 얼른 일어나! 어른한테 자리 양보해야짓! .\ /.;",00
1639,그리구 너! 분홍색 옷 입지마! 알았어?,00
1640,0.@;;;,00
1641,자기야... !,00
1642,자기라뇨... 저 아녜요... 저 아녜요...,00
1643,모햇? 빨리 학생이 뒷처리햇!! .\ /.;;,00
1644,자기 아닌데...,00
1645,아니긴 뭐가 아냣! 이리와!,00
1646,뭘 웃어! 애인이 술에 취했다고 나몰라라 하고 있어? 빨리 어떻게 좀 해봣!,00
1647,죄송합니다... 세탁비라도...,00
1648,돼썻! 애인이나 잘 챙겻!,00
1649,부평역,00
1650,학생! 그냥 들어가면 어떠캐! 표 사야짓!,00
1651,일 구역 한 장이요!,00
1652,부평역 앞,00
1653,개똥도 약에 쓸려면 없다구 그 많던 여관이나 모텔이 오늘은 웰케 눈에 안 띠는 겁니까? ...술먹고 뻗은 여자 델구다니기 싫씀미다. 업고 다니긴 더 싫씀미다.,00
1654,억수장,00
1655,아이구... 샥시가 떡이 됐네에!,00
1656,아녜여! 왜 이상하게 보세여?,00
1657,아니긴 뭐가 아냐? 다 아는데...,00
1658,우리... 약혼했단 말예요!,00
1659,침대 방으로 줄까? 온돌방으로 줄까?,00
1660,아무거나 제발 주세요. ㅠ.ㅠ;;;,00
1661,"일층엔 없어요, 아저씨?",00
1662,4층!,00
1663,ㅜ.ㅜ;;;;,00
1664,여관 방,00
1665,숙박부 적어줘야지... 사 만원이야 학생.,00
1666,네에? 사 만원이여?,00
1667,왜? 싫으면 다른 데로 가고...,00
1668,...대써요. -_-;;,00
1669,서울 특별시 XX구 XX동...,00
1670,칠오공이공삼 일일육이육일삼... 전화번호 공일육 삼삼오에...,00
1671,아저씻! 왜 자꾸 따라 읽어요?,00
1672,--;;,00
1673,그렇게 오바이트를 했는데도 자기 몸엔 전혀 안 묻었더군요. 대머리 아저씨하고 저만 개피를 본 거심미다. 기술도 졸라 조씀미다.,00
1674,숙박계 써야지. 숙박비 삼만원 선불!,00
1675,네? 조금 아까 숙박계 쓰고 사 만원 냈잖아요!,00
1676,뭐라구? 사만원? 언제 내? 내가 받질 않았는데? ...너 무전취침으로 콩밥 먹어볼래? 엉?,00
1677,이것 봐요! 이거 제가 쓴 거란 말예요!,00
1678,"아이, 이 개새끼가 정말 죽을려고 환장을 했나?",00
1679,...네? ...아니...,00
1680,"아니, 학생 말고 내 동생 말야! 나 변소 갔다 오는 사이에 고 새끼가 또 받아 챙겼네...",00
1681,...?,00
1682,신경 쓰지말어... 우리 다섯 쌍둥이거든... 옛날에 신문에도 났었잖아. 셋째 놈이 와있는데... 아니 ...셋짼가? 넷짼가? 하여튼 이눔의 새낄 그냥!,00
1683,만원! 돌려줘야져!,00
1684,여버세여? 핸드폰 주인요? 네... 지금 자고 있는데요? 네? 여기요? 부평역 근처에 있는 억수장인대여?,00
1685,빨리 씻고 토껴야 대.,00
1686,지금 모하는 거얏! 손들엇!,00
1687,아니라니까여? 말씀 드렸잖아여! 피해자는 저라구여! ㅠ.ㅠ;;;,00
1688,내일 얘기하고 우선 들어가!,00
1689,"뜨악! 0.,O;;",00
1690,"너, 이름이 뭐냐!",00
1691,...!,00
1692,새꺄! 형님이 묻잖아! 대답안해! 엉?,00
1693,...견웁니다!,00
1694,"여긴 뭐땀시 들어왔냐, 잉!",00
1695,저... 전 아무 죄도 안지었어요. 정말이에요!,00
1696,뭐야? 그럼 우린 죄를 져서 들어왔단 말야? 엉? .\ /.;,00
1697,"아, 아니 그게 아니구요...",00
1698,"아니긴 뭐가 아냐, 이새꺄! 두글래? 엉?",00
1699,"죄송합니다! 시정하게씀미다. ㅜ.,ㅜ;;",00
1700,"-.,-;;;;",00
1701,"느, 강간으로 들어왔지, 그지!",00
1702,아닙니다! 정말 아닙니다! /_\;;,00
1703,"느, 손가락 짤리고 자백할래? 그냥 할래? 잉?",00
1704,이새꺄! 사실대로 말 해! 형님이 무짜나!,00
1705,이새끼! 형님한테 개기는 거야? 엉? 니 배때기에는 사시미 안들어갈 줄 알아? 엉? 똑바로 대답 못해?,00
1706,야! 조용히 안할래? 엉?,00
1707,"알았습미다, 형니임... 조용히 할랍니다, 형니임.",00
1708,"야, 조용히 하라고 그랬잖아!",00
1709,야 새꺄! 큰 형님이 조용히 하래잖아!,00
1710,...!,00
1711,...?,00
1712,저 억수장 주인 아저씨 동생이죠?,00
1713,그새끼 얘기 꺼내지 마! 그새낀 형도 아냐! 알겠어? 그새끼 얘기 다시 한 번만 꺼내면 니 두 손을 닭발처럼 으깨서 초장에 버무린 다음 연탄불에 살짝 구어서 술안주로 먹어버릴 거다. 뼈까지... 알겠어?,00
1714,...네!,00
1715,동. 경찰서 유치장,00
1716,"뭘봐, 새꺄! 안찌그러져?",00
1717,견우! 나와!,00
1718,"-잘가라! ^^; -연락해라, 잉? 또 보자, 잉! ^____,^ -넌 짜식아 구치소로 가는 거야! .\ /.; -또 만나면 인사 꼬박꼬박 해라, 아란냐? ^^",00
1719,"깍두기 하나씩 먹어, 알았어? 등등-",00
1720,"형님들, 안녕히 계세여!",00
1721,경찰서 앞,00
1722,견우의 집,00
1723,다녀와씀미다.,00
1724,부평 가따 완니?,00
1725,...네 가따 와써여.,00
1726,"아야! 왜 때려여, 엄마!",00
1727,"너, 이리왓! 너 어디서 자빠져 자고 와써? 고모네 집에서는 너 안왔다고 난리난는데, 어디서 고진말 시킬려고 그래, 엉? 그리고 멀쩡한 옷 입고 나가서 이게 모야? 너, 똑바로 말해! 어디갔었어! 옷은 어떻게 했고! 바른대로 말해! 군대도 가따 오고 복학까지 했으면 뭔가 달라져야짓! 너, 귀가 시간이 몇시야, 엉? 열시자나! 그러면 고모네 열 시까지는 들어갔어야짓! 어디서 외박을 해, 엉?",00
1728,엄마가 부평가따완냐고 해짜나여! 고모네 집은 안가찌만 부평엔 가따와딴 마레요!,00
1729,저 불쌍한 놈임미다. 술에 취한 여자 때문에 이게 몸미까? 정말 둑고십씀미다.,00
1730,견우의 방,00
1731,"다 아시져? 저는 복딩이임미다. 공과대에 다니고, 공부요...? 머리는 조은데 안합니다. 그건 울엄마, 아빠가 보증합니다. *^^*;;",00
1732,"너 머리는 조은데, 공부를 안하는 게 탈이야. 넌 머리가 조키 때문에 쪼끔만 공부하면 돼...",00
1733,넌 머리는 조은데 공부를 너무 안해. 넌 머리가 조키 때문에 쪼끔만 공부하면 금방 따라잡을 수 있다구.,00
1734,"여러분은 자식 낳거든 절때루 머리 좋다는 말하지 마세여... 공부 절때루 안함미다. ^______,^;;",00
1735,"글구... 취미요? 당구, 컴퓨터 깸은 고수임미다. 저한테 도전하지 마세여. 글구 저는 제 이상형을 보면 무조껀 뒤쪼차 가서 말을 검미다. 그건 본능임미다. ... 장래 희망요? 아직 생각해 본 적 엄씀미다. 알겠다구요? 마자씀미다. 저는 먹구대학생임미다. 울엄마도 저를 그러케 부름미다. --;;;",00
1736,...여보세요?,00
1737,야! 너 누구얍? 이자식앗!,00
1738,"네?? 누구세여? 0.,O;;;",00
1739,"너, 나 여관에 업어다 노코 뻘개벗고 뭐했어!",00
1740,"ㅜ.,ㅜ;;",00
1741,"너, 나와! 부평 역 앞으로! 지금 당장 나왓! .\ /.;;",00
1742,"아니, 저...",00
1743,이럴 수 있는 겁니까? 누구 땜에 유치장에 가따오구 청소기로 매까지 마잤는데...,00
1744,부평역 앞,00
1745,...저...,00
1746,너냐? .\ /.,00
1747,"네? 0.,O;;",00
1748,따라와!,00
1749,뭐하냐? 따라오지 않고!,00
1750,까페 안,00
1751,머 마실래?,00
1752,...?!,00
1753,커피 두 잔 주세요.,00
1754,전 ...콜라...,00
1755,두글래?,00
1756,...커피요.,00
1757,헷갈리게 하지 마라 잉!,00
1758,여기... 까페 마자여?,00
1759,입구에서 못봤냐? 여긴 까페가 아니라 깡패야!,00
1760,말해봐. 어제 어떠케 댄 거야?,00
1761,아니... 저... 아가씨가... 술에 취해서...,00
1762,"야, 떠듬거리지 말고 해봐! 차근차근히! .\ /.",00
1763,네... 이짜나여... 어저깨 신도림 역에서 아가씨가 술에 취해서 비틀거리고 이써꺼든요... 근데 전철이 와서 칠일 뻔 했는데... 내가 구해줘따구요... 그리고 전철을 탄는데...,00
1764,"맛있게 먹어라, 잉?",00
1765,저는 이여자가 혹시 꽃뱀 가튼 거 아닐 까 생각해씀미다. 지하철에서 술취한 척 오바이트 하구나서 얼떨결에 도와준 남자 베껴먹는게 직업인...,00
1766,내가 ‘자기야’ 그랬다 이말이지? 음...그건 생각 날 것두 같어... 여관에서는 토한 거하고 땀 때문에 목욕을 핸는데... 경찰이 왔따구? ... 너라면 믿게써?,00
1767,이런 여자한테는 반말로 받아치던지 아니면 따끔하게 한마디 해줘야 합미다.,00
1768,음 ...내가 그랬단 말이지?,00
1769,...네. -.-;;,00
1770,...어제보단 밝고 예뻐보이시네요. *^^*;;,00
1771,...너 지금 나 놀리는 거지?,00
1772,...아니... 아닌데요?,00
1773,계산은 니가 해.,00
1774,ㅜ.ㅜ;;,00
1775,소주방 앞,00
1776,머해? 들어오지 안코!,00
1777,술이 절라 쎈 여잔가 봅미다.,00
1778,소주방 안,00
1779,니가 주문해.,00
1780,...차미슬하구 ...김치찌개 주세여.,00
1781,걸뱅이 먹어!,00
1782,그럴 거면 ...자기가 시키지...,00
1783,꿍얼거릴래? 걸뱅이 주세여.,00
1784,이따가 우리 노래방 갔다가 좋은데 가자...,00
1785,"좋은데? 장여관? 돈 많아, 오빠? ...얼마 줄 거야, 오빠?",00
1786,"하는 거 봐서 주께, 걱정마.",00
1787,"0.,O;;;",00
1788,"야, 늬들 지금 원조교제 하는 거짓! 그리고 니들 왜 걸뱅이 먹어? 딴 거 머것!",00
1789,"어머머, 왜그래? 왜 참견하고 난리야?",00
1790,아가씨! 내 동생들인데 술 한 번 사는 거야! 이거 왜그래?,00
1791,"야, 동생들인데 노래방을 가따가 장여관엘 가? 니들 몇살이야!",00
1792,"술먹을 나이는 됐어요, 왜 참견해요?",00
1793,내가 지금 술멍는 거 때문에 그러는 거 가트니? 쯩 내놔봐! 너두!,00
1794,"왜그래, 정말? 경찰이라도 돼? 뭐야?",00
1795,"아가씨, 왜그래? 왜 남의 사생활에 껴들어서 참견하고 그래?",00
1796,빨리 내놔봣!,00
1797,아이 재수없어!,00
1798,"여봐, 아가씨! 대체 왜그래? 내가 뭘 잘못했어? 엉?",00
1799,아저씬 딸도 없어요?,00
1800,"없다, 왜! 니가 왜 참견이야, 엉?",00
1801,왜 반말이야! 혀빠닥이 반이야?,00
1802,그녀는 정말 깡다구 죽임미다. 전 아무리 예쁘다고 해도 저런 여자하고는 쪽팔려서 같이 못다님미다. --,00
1803,그렇게 살지들 말아요!,00
1804,크! ...나쁜 놈들!,00
1805,"0.,O;;;",00
1806,너 코같은 거 안풀어찌?,00
1807,...내!,00
1808,우는 여자를 보니까 왠지 가슴이 아픕니다. 이 여자... 가까이서 보니까 정말 더 매력적이더군여.,00
1809,저기여... 그만 우세여... 글구 손수건 제껀대여...,00
1810,나... 사실... 어제... 사랑하는 사람하고 헤어져써!,00
1811,"0,.O;;;",00
1812,술에다 약타먹연나바.,00
1813,제가 또 돈을 낼 순 없씀미다. 미쳤습니까?,00
1814,뭐야? 76년생이잖아?,00
1815,억수장,00
1816,아니 색시가 또 떡이됐잖아?,00
1817,저 있잖아여...,00
1818,"알어, 알어!",00
1819,아저씨가 주인 맞나구여!,00
1820,그럼!,00
1821,숙박계는 어저께 그대로 쓰면 대지? 삼만언!,00
1822,"...네... --;;; 근데, 아저씨! ...혹시 술 깨는 약 엄써여?",00
1823,엄써... 학생이 사다 머겨.,00
1824,억수장.,00
1825,여관방,00
1826,"어디가다 와써, 자기이?",00
1827,"0,.O;;;;",00
1828,죄송함미다.,00
1829,견우의 여관방,00
1830,이번엔 장소를 갈켜주고 곧바로 튈 생각이어씀미다.,00
1831,"0,.O;;;",00
1832,여관의 다른 방들.,00
1833,뭐야~ 나 미식거려 죽겠어! 우웩!,00
1834,견우의 여관방,00
1835,"그녀의 입술을 바씀미다. ^_,^;",00
1836,"하얀 목도 보임미다. ^____,^;;",00
1837,"그리고 가슴도 봤씀미다. *^__________,^*;;;",00
1838,저는 아기처럼 자고 있는 그녀를 보며 주제넘지만 일케 생각해씀미다. 이 여자의 아픔을 치료해 주고 싶다...,00
1839,"동. 여관방, 아침",00
1840,"야, 물좀 줘!",00
1841,--;;,00
1842,야! 내가 왜 여기서 자고 있냐!,00
1843,저... 미안하지만 어제 보니까 76년 생인 거 가튼데... 반말을 자꾸 하시면...,00
1844,"반말 하면, 뭐! 어떠카게따구! .\ /. 수건좀 줘!",00
1845,아니요... 그냥... 전 75년 이거든요. --;;,00
1846,그럼 너도 말놔라! 칫솔 두!,00
1847,그녀와 저는 참 묘한 인연임미다. 만난지 2박 3일 만에 2박을 여관에 오고 지금이 3일 쨈미다. *--*;;; 지금부터 저의 불행은 시작임미다. 아니 벌써 시작대씀미다. 츄루루!! ㅠ.ㅠ;;;,00
1848,강의실,00
1849,이형철!,00
1850,네! --;,00
1851,전미영,00
1852,네!,00
1853,강만규!,00
1854,네에! --;;,00
1855,견우!,00
1856,...,00
1857,"견우, 결석...",00
1858,"엉? ...아, 아니 견우 완는대여?",00
1859,그래? 이정민!,00
1860,예! --;;;;,00
1861,구설수!,00
1862,네에! --;;;;;,00
1863,동. 강의실,00
1864,"교수님, 쉬었다 하시죠?",00
1865,0.@;;;,00
1866,...그럴까?,00
1867,가자!,00
1868,가긴 어딜 가? 수업 아직 안끈나써!,00
1869,남자가 쪼잔하긴... 출석도 해쓸 거 아냐! 가자아~!,00
1870,안대! 이번 과목은 절대로 안대! 차라리 날 주겨!,00
1871,아라써!,00
1872,이쁘냐? 야! 아무리 이쁘면 뭐하냐? 이쁜 짓을 해야지 이쁜 거 아니냐? 으흐!,00
1873,견우가 누구지?,00
1874,"형, 교수님이 부르셔.",00
1875,"알어 띱때! 전대여, 교수님?",00
1876,"자네, 출석 인정해 줄테니까 나가봐!",00
1877,네?,00
1878,나가보라구.,00
1879,왜여?,00
1880,아까 그 여학생이 자네 친구라며?,00
1881,그러니까 나가보라구.,00
1882,감사함미다. 교수님!,00
1883,"견우 학생, 웬만하면 낳아서 길러라.",00
1884,...?,00
1885,복도,00
1886,"우와, 성공해따!",00
1887,"너, 교수님한테 뭐라고 한 거야?",00
1888,별거 아냐... 나 지금 애 띠러 가는데 니가 아빠라고 해써.,00
1889,ㅠ.O;;;,00
1890,...?,00
1891,안돼!,00
1892,놀이동산,00
1893,그 까페,00
1894,"작년까지만해도 저기 보이는 건물 옥상에서 저 여자... 토요일 해질녘이면 멋진 드레스를 입고 턱시도를 입은 남자하고 춤을 췄어... 왈츠, 탱고, 룸바... 남자는 남편이게찌?",00
1895,근데... 남자가 떠났나봐... 아님 죽었던지... 지금은 여자 혼자 남았어. 쓸쓸해 보이지?,00
1896,...!,00
1897,두 사람이 다시 만나서 춤을 추는 모습... 보구시퍼.,00
1898,...!,00
1899,사진 찍어드릴까요?,00
1900,됐어요.,00
1901,"아참, 너한테 보여줄 게 이써.",00
1902,석촌호수,00
1903,모 이래? 글씨를 못알아 보게써... 타이핑좀 하지.,00
1904,두글래? 끝까지 볼래? .\||/.;,00
1905,보께! ^^;;;,00
1906,옌날에 써논 거라 그래... 지금도 나 타이핑 속도가 엄청 느져...,00
1907,그녀는 시나리오 작가가 되고시퍼서 영화 줄거리를 쓴다고 함미다. 그걸 시놉시스라고 한담미다. 그녀는 분위기를 잡고 봐야 한다며 저를 석촌호수까지 데리고 와씀미다. 그녀의 시놉시스를 보는 것은 정말 고역임미다. 아무러케나 휘갈겨 쓴 글씨를 읽어야 함미다. 조금이라도 빼놓고 읽으면 저는 둑슴미다.,00
1908,아저씨! 담배꽁초를 여깃다 버리면 어떡케요! 빨리 집으세엿! .\ /.;,00
1909,그리고 아저씨! 왜 초록색 옷 입었어욧! 초록색 옷 입지 말아욧!,00
1910,야! 그런 넌 왜 초록색 빡스티 입언냐?,00
1911,내 옷하고 같은 색 입지 말란 뜻이라구엿!,00
1912,"재미쓰면 신씨네에 가따 줄꺼야. 이짜나 약속, 편지, 고진말 만든 영하사... 채택돼서 돈 바드면 한턱낼깨... ^_^;;",00
1913,"주인공은 터미네이터처럼 터프한 여자임미다. 서기 2137년, 그녀는 과거로 떠나는 애인에게 귀를 후벼주는 것으로 작별인사를 대신합니다.",00
1914,영화장면,00
1915,그녀는 마이크로 칩을 애인의 귀에 숨겨놓고... 그녀의 애인은 과거로 떠납니다. 하지만 미래인들이 그 사실을 알고 애인을 잡으러 과거로 쳐들어옵니다.,00
1916,영화장면,00
1917,"물론 남자주인공은 약하기 짝이 엄씀미다. 여자 주인공이 숨겨놓은 중요한 정보가 남자의 뇌 속에 있기 때문에 미래인들은 남자를 잡아다 귀에 구멍을 내려합니다. 그 순간, 여자 주인공이 쳐들어와 남자를 구함미다.",00
1918,석촌호수,00
1919,"마지막엔 키스를 해야 대! *^_________,^*;;;;",00
1920,이건 멜러드라마가 아냐! 액션영화란 말야!,00
1921,넌 뭘 모르는 거야. 우리나라 사람들은 멜러를 좋아하게 되있어.,00
1922,왜?,00
1923,우리나라 사람들이 사춘기 때 가장 감명깊게 보는 소설이 뭐냐? 황순원의 소나기 아니냐? 사춘기때 읽은 그 소설이 한국사람의 감성을 결정하는 거야. 우리나라 사람들이 슬픈 영화를 좋아하는 이유는 바로 소나기 때문이라구!,00
1924,소나기? 그게 뭐가 슬프냐?,00
1925,"야, 여자애가 죽으면서 추억이 담긴 옷을 입혀서 묻어 달라는데 안 슬프냐? 난 일주일 동안 잠도 못잤단 말야!",00
1926,뒤가 마음에 안들어! 유치해! 바꿔야대!,00
1927,어떻게?,00
1928,...,00
1929,견우의 상상,00
1930,글쎄 말이지. 이번 얜 꽤 여러 날 앓는 걸 약두 변변히 못써 봤다드군. 지금같아서는 윤초시네두 대가 끊긴 셈이지. 참 이번 기집애는 어린 것이 여간 잔망스럽지가 않어. 글쎄 죽기 전에 이런 말을 했다지 않어? 자기가 죽거든 자기를 업어줬든 그 소년을 같이 묻어 달라구... 그것두 산채루...,00
1931,무덤가,00
1932,호숫가,00
1933,산채로 묻는 거야!,00
1934,슬프게찌?,00
1935,넌...나보다 먼져 죽으면 안돼!,00
1936,...,00
1937,...난 피할 수 없나봐... 그 사람한테서... 극복할 수 없을 거야...,00
1938,...!,00
1939,얼마나 깊을까? ^^;,00
1940,글쎄...,00
1941,너 물 속에 한 번 들어가 봐. 얼마나 깊은지 보고싶어! ^^*;;;,00
1942,"왜 또 그래? 0,.O;;",00
1943,"우와, 깊구나!",00
1944,"나 수영 못한단말야! 정말이야, 살려줘! 사람살려!",00
1945,음... 되게 깊네!,00
1946,내 의식은 점점 몽롱해지고 이써씀미다. 그때여씀미다.,00
1947,술집,00
1948,"야, 견우야! 너 애인 생겨따며? 소개좀 해봔마!",00
1949,정말이야? 어때? 이뻐? 키쓰 해반냐?,00
1950,애인?,00
1951,본능이라고 하지 안아씀미까?,00
1952,"어떻게 된 거얌마! 소개 할 거야, 말 거야?",00
1953,저기 가는 저 아가씨 있지? 오늘부터 내 애인이닷! 아란냐?,00
1954,거리,00
1955,"저, 아가씨! 시간좀 이쓰세여? 저하고...",00
1956,어? 너...! 견우! ...뭐라구? 아가씨...시간?,00
1957,"야, 견우! 너 거기 안서? 엉?",00
1958,술집,00
1959,어? 예쁜 거 같은데? 너 뺨맞았냐?,00
1960,여버세여?,00
1961,야! 너 어디써! 안나타날래? 엉?,00
1962,지금 거신 전화번호는 결번이거나 사용이 중지 된 번호임미다. 다시 확인하고 걸어주시기 바람미다. 유 코러 롱 넘버 오아 더 다이얼 넘버 이즈 나린 썰비스. 프리스 코러겐... ㅜ.ㅠ;;,00
1963,--;;;,00
1964,세상에 우연중에 이런 우연이 또 이씀미까? 전 정말 돋때씀미다. 어떡하면 조을까여? 뭐라구여? ...마씀미다. 전 마자도 싼 놈 임미다. 츄르르!! ㅠ.ㅜ;;,00
1965,전철 안,00
1966,술에 취한 김에 저는 그녀에게 복수를 하기로 결심해씀미다. 부평역에서 내려 인사불성이 되 이쓰면 그녀가 저를 업고 고생 깨나 하게찌요.,00
1967,"이번 정차역은 부평역 임미다. 내리실 문은 오른 쪽 임미다. 디스 스답 이즈 부평, 부평 스테이션...",00
1968,"학생, 학생, 이러나! 다 와써!",00
1969,...여기 어딘대여?,00
1970,인천 역,00
1971,헉! @.0;;;,00
1972,"나, 여기 동인천 역이야! 30분 안에 데리러 와! 딸깍! .\ /.;;",00
1973,유치장 안,00
1974,"야, 일어나! 일어나 새꺄!",00
1975,냅도 띱때야!,00
1976,"어라, 이새끼봐라! 안일어나, 새꺄? 엉?",00
1977,"...? @,.0;;;",00
1978,"안냐세여, 형님? 형님? 형님? 형님, 안냐세여? ^^;;;;;",00
1979,뭐? 냅도 땝대야? 너 조직의 쓴 맛을 좀 봐야거따. 꼴아박아!,00
1980,"귀엽게 봐줄려고 해떠니, 뭐? 띱때? 꼴뚜기로 삼행시를 짓는다. 꼴!",00
1981,"...꼴뚜기가 뜁니다, 형님!",00
1982,뚜!,00
1983,"...뚜어바야 벼룩임미다, 형님!",00
1984,기!,00
1985,"기립하겠씀미다, 형님!",00
1986,"이새끼, 이쁘게 봐줄려고 해떠니 안대게써! 안자! 이러나! 안자, 이러나! 좌로 굴러! 우로 굴러!",00
1987,전자동!,00
1988,"야, 왜들 소란해? 조용히 못해?",00
1989,마시떠여?,00
1990,안찌그러질래 이눔의 새끼?,00
1991,저... 아저씨... 돈 이 없어서 그러는데... 사식 외상은 안대여?,00
1992,잘 자쪄? ^_^,00
1993,너어~ 또 한 번 이러면 두거!!!,00
1994,∅..O;;,00
1995,"아직 안끈나써! 뭐, 어째? 아가씨 시간좀 이쓰면?",00
1996,"∅,.∅;;;",00
1997,"또... 뭐라구? 전화 번호가 잘못대다꾸? 영어 잘 하더라, 넛!",00
1998,"ㅠ,,∅;;;",00
1999,식당,00
2000,마시쩌? ^^;,00
2001,"응, 넘넘 마시떠! ∅,.^;;",00
2002,"나 만나니까 조치? 나 한테 잘 해바, 그럼 절에 가서두 새우젓 어더 멍는 다구. ^^;;",00
2003,"∅,.-;;;",00
2004,견우의 집,00
2005,"엄마는 외박을 하면 무조껀 들고 있던 것으로 팸미다. 마당을 쓸 땐 빗자루로 패고, 청소할 땐 청소기 자루로 팸미다. 재수가 조을 땐 털이개로 맞기도 하고, 재수가 더 좋으면 오이나 가지로 마즐 때도 이씀미다. 그래서 시간을 잘 마쳐야 함미다.",00
2006,"∅,.ㅠ;;;",00
2007,견우의 집,00
2008,공부하냐?,00
2009,네... 인터넷으로 자료좀 조사하고 이써여.*^^*;,00
2010,일찍 자라.,00
2011,너 야한 그림 보는 거 아니지?,00
2012,"그럼요, 아빠아... 저를 몬미드세여?",00
2013,아라떠!,00
2014,그녀의 생일!! 얼렁뚱땅 너머가면 그녀가 저를 살해할찌도 모름미다.,00
2015,"조은 생각이 떠올라씀미다! 저는 군대 가기 전에 놀이동산에서 알바를 한 적이 이씀미다. 제가 해떤 건 우주여행이란 건데 김희선도 와써씀미다. 그녀가 내는 표를 제가 직쩝 바다씀미다. 안전벨트도 매줘씀미다. *^________,,^* 저는 고진말 안시킴미다. 헉, 말이 새씀미다! 흥분해씀미다! ...제 계획은 이검미다. 한 밤중 놀이공원에 그녀와 저 단 둘 밖에 엄씀미다. 주위는 온통 어둠이 쫘악~ 깔려 이씀미다.",00
2016,회전목마로 향하는 길목의 가로등이 하나씩 켜지면서 그녀와 저를 인도해 줌미다.,00
2017,회전 목마 앞에서 제가 하늘을 향해 두 팔을 활짝 뻗씀미다. 순간 회전목마의 불이 팍! 켜지면서 목마들이 돌아감미다. 생일추카 음악도 흐름미다! 불꼰노리도 터짐미다. 생각만 해도 환상이져? *^^*; 그녀는 입이 찌져짐미다.,00
2018,놀이동산,00
2019,"드뎌 준비는 끈나씀미다. 놀이동산에서 알바하는 친구 넘들한테 이심만언이나 써씀미다. ...띱때들 잘 해야 댈탠데... *^___,.___^*;;;",00
2020,"야, 모야? 이 밤중에 여길 왜와?",00
2021,넘어야대.,00
2022,여길 너머서 드러가자구?,00
2023,"응, 무조껀 너머야대... 나 밤중에 여기 꼭 오는 게 소원이여써.",00
2024,"야, 내 생일인데 왜 니 소원을 푸냐?",00
2025,...?,00
2026,"제발, 미친 척하구 한 번만 해보자. 내가 먼저 올라가서 잡아줄게.",00
2027,...?,00
2028,으헉!,00
2029,견우야! 견우야! 야! 대답 안해? 나 간다!,00
2030,야! 대답 안해? 너 두글래? ...겨누야! 겨누야! 너 잡히기만 해봐라!,00
2031,야! 너 뭐해!,00
2032,따라와!,00
2033,유령의 집 안,00
2034,조용히 못해?,00
2035,ㅠ.ㅜ;;,00
2036,여기 앉아! 입 벌리는 날엔 죽여버릴 거야! 알겠어?,00
2037,네!,00
2038,조용히 대답해!,00
2039,네! ㅠ.ㅜ;;;,00
2040,그거 진짜 총이에요?,00
2041,쏴보까? 응?,00
2042,대써요.,00
2043,둘이 어떤 사이야?,00
2044,그... 그냥 아무 사이도 아녜요.,00
2045,그래? 그럼 이 아가씨 내가 따먹어도 돼?,00
2046,--;;;,00
2047,따먹어? 내가 과일이야? 따먹다니 그게 무슨 말이에요? 사과하세욧!,00
2048,"좋아, 좋아, 시팔, 내가 사과하면 되잖아! 아이엠 쏘리, ...씨발!",00
2049,...,00
2050,어쨋든... 아무 사이도 아닌데 밤중에 이런델 와? ...뭐할려고 그랬어?,00
2051,그냥... 놀이 동산에 밤에 오고 시퍼써여.,00
2052,"솔찍이 얘기해, 새끼야! 뭐할려고 그랬어?",00
2053,그냥... 왔다니까... 요.,00
2054,"에라, 새꺄! 아가씬... 이런 자식 뭘 믿고 따라왔지?",00
2055,...나 믿고 와써요!,00
2056,"... 나도 애인이 있었어... 일년 동안 매주마다 빠짐없이 면횔 와써찌... 너무 행복해써서... 근데 그년이 언제부턴지 치질 걸린 위병소 하사 새끼하고 눈이 맞아버린 거야! 난 그걸 그 치질 걸린 위병소 하사 새끼가 제대 하고 나서야 알게돼써... 시팔! 게다가 나 군대에 있는 사이에 집에 있던 개새끼까지 똥개하고 눈이 맞아서 가출을 해버렸다는 거야.. 요크셔테리언데... 썅년! ...시팔, 두 년 다 죽여버릴려고 나왔는데... 시팔! 난 똥을 밟을 확률이 구십 칠 프로나 되는 좆도 재수 없는 놈이야! ... 으아아, 시팔! 오늘이 무슨 날인지 알아? ...시팔, 좆같다 정말! 으아아!",00
2057,우아아아!,00
2058,...?,00
2059,밤중에 놀이공원에 와서 탈영병 만날 확률은 얼마나 되냐?,00
2060,몰라.,00
2061,총을 입에 물고 쏘면 뒷통수다 날라간대매?,00
2062,"응, 엄청나게 큰 구멍으로 뇌가 산산조각 나면서 튀어나가는 거지.",00
2063,응... 그렇구나! 혹시 우표 수집한 거 있으면 나 주고 가요.,00
2064,야! 늬들 지금 뭐하는 거야! 엉! 이것들이 정말...,00
2065,"아이 시팔! ...어이구 시팔! 내 이런 것들한테도 멸시를 당해요, 시팔!",00
2066,그러니까 바보짓 하지 말란 말예요!,00
2067,"뭐가 바보짓이야, 시팔!",00
2068,그런다고 떠난 여자가 다시 돌아오진 않아요.,00
2069,"그래, 안와! 나도 알어! 근데... 나 죽으면 그년 가슴이 아플 거 아냐... 평생 가슴에 못박힐 거 아냐.",00
2070,...아녜요... 아픈 거... 생각보다 빨리 잊혀져요.,00
2071,경험이 있나보지?,00
2072,...그래요 ...금방 잊게 될 거예요.,00
2073,"시팔, 잡혀가면 영창가서 조뺑이 칠텐데... 뺑이 칠 때마다 떠오를 걸?",00
2074,조뺑이가 뭐냐?,00
2075,고생한다는 뜻이지 머.,00
2076,말 끊지마! 그년... 그럼 더 죽이고 싶어질 거야.,00
2077,... 총을 들고 탈영했으니까 본인이 책임지세요.,00
2078,"저, 군인 아저씨... 여자는 보내주죠?",00
2079,안된다면?,00
2080,그럼... 저라도... 보내주십시오! --;;;,00
2081,--;;,00
2082,--;,00
2083,"너 가만히 보니까 위병소 하사새끼하고 눈썹 모양이 비슷해... 하는 짓도 그렇고! 아가씬, 나가! 그리고 너 나하고 같이 죽자. 알았지?",00
2084,...네? @.0;;;,00
2085,아가씨! 이런 놈 만나지 말고 다른 좋은 남자 사겨! 알았지? 나가! 빨리 나가!,00
2086,같이 나가요. 우리 셋 다.,00
2087,안나갈래? 엉? 이새끼 죽이면 나갈래? 엉?,00
2088,"걱정하지마, 군인아저씨 나쁜 사람 아냐... 꼭 같이 나오게 될 거야.",00
2089,...나 두고 혼자 가는 거야?,00
2090,어쩔 수 엄짜나?,00
2091,혼자 가는 거 두려웠는데 같이 가게 돼서 반갑다.,00
2092,유령의 집 밖,00
2093,인질이 있다! 치직... 칙. 인질이 있다. 아직 몇 명인지 모르지만 인질 한 명을 풀어준 것 같다.,00
2094,유령의 집 안,00
2095,맞아! 여기 회전목마 쪽으로 나가는 문이 있어요. 아는 사람 별로 없어요. 나 여기서 알바 해꺼든요.,00
2096,정말이야? 나 속일려고 그러지?,00
2097,나도 남잡니다! 왜 속입니까?,00
2098,앞장서봐!,00
2099,회전목마 앞,00
2100,맞져? 내 말이 맞져?,00
2101,그래!,00
2102,저기다! 저쪽이다!,00
2103,시팔 틀렸어! 시팔!,00
2104,조종실,00
2105,"뭐야, 띠팔! 제대로 핸는데... 쉬리 투 찍나?",00
2106,회전목마 앞,00
2107,시팔! 가까이 오지 마! 죽여버릴 거야! 진짜 죽여버린다!,00
2108,인질이 가려서 위험합니다!,00
2109,"알았다 대기하라 칙 치직, 2번 저격수! 2번 저격수!",00
2110,시팔! 그년 오라고 그래! 그년 와서 나 죽는 꼴 보라고 그래!,00
2111,견우의 집,00
2112,회전목마 앞,00
2113,"한시간 안에 오라고 그래, 시팔! 안오면 인질부터 죽이고 나도 죽어버릴 거야!",00
2114,인질이 위험하지만 해볼 만 합니다!,00
2115,괜찮아! 둘 다 죽여도 돼!,00
2116,안돼!,00
2117,쏘지 말아요! 쏘지 말란말예요! 이 사람은 나쁜 사람이 아녜요! 탈영병 오빠! 오빤 좋은 사람이잖아요! 애인이 마음 변했다고 그랬죠? 정말 애인을 사랑했나요? 내가 보기엔 아닌 것 같아요! 스스로한테 물어보세요. 정말 사랑했는지 생각해 보세요. 아닐 거예요... 정말 사랑한다면 놓아줄지도 알아야 돼요. 사랑하는 사람 행복해지길 빌어야 돼요... 그렇지 않으면 사랑한 게 아녜요... 사랑하지도 않는 사람이 남한테 시집좀 가면 어때요? 그만 하세요... 그리고 당당하게 부대로 돌아가세요! 그리고 지금까지 사랑이라고 믿었던 거 다 잘못됐다고 생각하세요! 오빠 같은 사람은 진짜 사랑이 뭔지 알아야 돼요! 진짜 사랑이 뭔지 알려면 더 살아야 된단 말예요! 그건 탈영병 오빠도 그렇고 견우도 마찬가지예요... 사랑이 뭔지 알기 위해서라도 살아야 된다구요! 우리 모두 더 살아봐야 된단 말예요!,00
2118,"시팔! 오빠란 말 첨 들어봤어! 너, 저 여자 놓치지 마! 알았어? 놓치면 내가 뺏어버릴 거야!",00
2119,조종실,00
2120,지금이다!,00
2121,회전목마 앞,00
2122,생일 추카해!,00
2123,고마워! 오늘 내 생일이야! 사랑이 뭔지 배울 때까지 살아있을 게!,00
2124,뭐라구? 나하고 아무런 사이도 아니라구?,00
2125,"아냐, 널 구할려고 계획 세운 대로 한 거라...! ∅,.ㅠ;;;",00
2126,나라도 보내달라고? 너 혼자만 살겠다 이거짓!,00
2127,내가 안그래쓰면 넌 안보내 줘쓸거라...,00
2128,"...끄응 ∅,.∅;;;",00
2129,너 혼자 잘 사라바!,00
2130,저는 그녀의 생일 날 또 돋때찌만... 그래도 기분은 조씀미다. 그녀를 만나고 인는 내가 자랑스럽기 때문임미다. 글구... 제 계획이란 거 사실이니까... 미더 주셔쓰면 조케씀미다. 몬미드시게따구여? --;;,00
2131,학교,00
2132,그녀는 절 버리지 않아씀미다. 오히려 우린 더욱 가까워졌다고 할 수 이씀미다.,00
2133,마니 기다려떠? *^^*,00
2134,아니. 쬐끔...,00
2135,우리는 남들의 시선에 아랑곳하지 않고 우리만의 데이트를 즐깁니다.,00
2136,엄마가 상품권 얻어서 산 거라고 자꾸 졸르길래 신어떠니 발아퍼 주껜네.,00
2137,다리 주물러 주까?,00
2138,"아니, 갠차나... 대신 우리 신발 바꿔신자.",00
2139,헉! @.0;;;,00
2140,"왜, 싫어?",00
2141,남자가 어떻게 뾰둑구두를 신냐?,00
2142,꾸겨신어도 대.,00
2143,...아이... 어떻게...,00
2144,그래? ...알았어!,00
2145,"왜그래? 내가 운동화 하나 사주께, 응?",00
2146,대써!,00
2147,"...그럼 내 신발 신어, 난 니 신발 들고 갈게.",00
2148,넌 여자를 몰라!,00
2149,알았어! 알았어! 바꿔신으면 대자나!,00
2150,정말?,00
2151,대신 내 비밀 하나 알려주께.,00
2152,...뭔데?,00
2153,나 시험 보는 날에는 노팬티다. 근데 ...오늘 시험 바따!,00
2154,@.0;;;,00
2155,나 잡아바라!,00
2156,나 안잡으면 두거!,00
2157,넘 재밌는 거 있져? ^^;;,00
2158,전철 안,00
2159,그녀가 집에 갈 때 전 부평역까지 데려다 줌미다. 남자로서 당연히 할 도리져. 그 동안에도 우리는 재미있는 놀이를 함미다.,00
2160,지나가는 사람이 왼쪽 발로 금을 밟거나 넘어가면 내가 이긴 거구... 오른 발로 밟거나 넘어가면 니가 이기는 거야. 아라찌?,00
2161,벌칙이 뭐야?,00
2162,글쎄?,00
2163,...뽀뽀해주기로 하자! *^^*,00
2164,두글래?,00
2165,니가 정해. --;,00
2166,이기는 사람이 한 대씩 때리기.,00
2167,또... 때리기야?,00
2168,이기면 대자나!,00
2169,아라떠! ...온다! --;;,00
2170,흐흐흐흐! ^^;,00
2171,... 불공평 한 거 가태... 난 여자니까 따귀로 하자.,00
2172,안대! 그럼 나도 따귀로 할 거야!,00
2173,난 여자자낫! .\ /.,00
2174,남녀는 평등한 거얏! .\ /.,00
2175,"좋아, 그럼 너도 따귀, 나도 따귀야! 아랐지? 바주기 엄따. 만약에 너, 여자라구 바주면 두거! 아라찌?",00
2176,아라써... 너 따귀... 난 손가락... ㅜ.ㅜ;,00
2177,거바 그게 더 공평한 거지?,00
2178,으응. ㅜ.ㅜ;;,00
2179,온다!,00
2180,흐흐흐! 보나마나 오른 발이야! ^^;,00
2181,발바꿔이~ 갓!,00
2182,ㅜ_ㅜ;;,00
2183,^________^;;,00
2184,꼭 때려야 대?,00
2185,"너, 하늘이 왜 파란지 아러?",00
2186,...? ...그야... 햇빛이 공기중에 난반사돼서 흐터지니까 파장이 긴 파랑색이...,00
2187,"틀렸써! 나를 위해서야, 내가 하늘은 파란색이길 원하니까 파랑거야. 알게써? 불이 왜 뜨거운지 아러? 나를 위해서야! 내가 불은 뜨겁기를 워하니까 뜨거운 거야. 아라찌? 한국에 봄 여름 가을 겨울이 있는 이유가 먼지아라?",00
2188,...너를 위해서여꾸나...,00
2189,그래! 니가 태어난 이유가 먼지 아러? 나를 위해서야!,00
2190,야! 내가 먼저 태어난는데 어떻게 너를 위해서 태어날 수가 있냐?,00
2191,넌 예비한다는 말도 몰라? 예수님 탄생을 예비하기 위해서 베드로가 먼저 왔다! 몰라?,00
2192,알어...,00
2193,그럼 아까 군인들이 왜 지나갔는 지 아러?,00
2194,너를 위해서게찌. ㅜ.ㅜ;;,00
2195,"그러니까, 대! .\,./.",00
2196,"ㅠ,,∅;;;",00
2197,"∅,.∅;;;;",00
2198,"아가씨! 베드로가 아니라 요한이야, 세례요한. 알겠어? 교회나가, 응? 할렐루야!",00
2199,할렐루야!,00
2200,오빠아~ 꼭 때려야 대? *^^*,00
2201,"*^______,._______,^*;;",00
2202,그녀와 같이 이쓰면 하루가 어떠케 갔는지 모를 지경이람미다. ...또 우리는 건전하게 스포츠를 즐기기도 함미다.,00
2203,스쿼시 경기장,00
2204,"*@____,.____,@*",00
2205,너 어딜 자꾸 보는 거니?,00
2206,야! 넌 얼굴이 라켓이니?,00
2207,"어떠케 공이 내 얼굴로만 날아오는 걸까여? 이상함미다. ㅠ,,∅;;;",00
2208,"저는 그녀가 무슨색 빤쓰를 이번는지 알게 대씀미다. 하지만 안갈켜줌미다. *^______,ㅠ*;;; ...오늘같은 날 시험바써야 대는대...",00
2209,무슨 일을 해도 저는 지고는 못사는 섬미임미다. 저는 이길 때가지 짐미다.,00
2210,"야, 똑바로 써야짓!",00
2211,"주건나바! 목이 완전히 돌아가써! 0,.O;;;",00
2212,한판 더 할까?,00
2213,끄응!,00
2214,그 까페,00
2215,그녀가 항상 밝은 것만은 아님미다. 그녀의 가슴속에도 깊은 상처가 있습미다. 그녀에게 상처를 주었던 넘은 도대체 어떤 넘일까여?,00
2216,완니? 일찍 완네?,00
2217,...응 ...가까이 이써꺼든... 울었어?,00
2218,아냐! 내가 왜 우냐? 하품 한 거지.,00
2219,그녀는 언제나 제게 밝은 모습을 보일려고 애씀미다. 전 그런 그녀가 조씀미다.,00
2220,뭐 드시게씀미까?,00
2221,콜라!,00
2222,두글래? 커피 마셔! 전 리필 해주시구여.,00
2223,저는 암미다. 그녀가 행동은 그렇게 해도 마음속엔 슬픔이 가득 하다는 걸...,00
2224,야! 뭐해! 왜 혼자 히쭉거리고 있냐?,00
2225,아... 아냐...,00
2226,재미께찌? ^^;;,00
2227,엥? 또야? --;,00
2228,왜? 읽기 싫어? .\ /.;,00
2229,그녀가 실망하지 모르지만 ...그녀를 위해서라도 전 제 의사를 분명히 밝혀야 함미다.,00
2230,재미께다야. 읽을게... ^^;;,00
2231,...이번에는 무협영화임미다. 여자주인공이 현상금을 노리는 무사로 나옴미다. 맑은 날에도 도롱이를 쓰고 다님미다. --;;,00
2232,영화장면2.,00
2233,남자 조연은 맑은 날에도 나막신을 신고 다니며 가즌 악행은 다 저지름미다. 배경설정이 엉터리임미다. 임진왜란이 세종대왕 때 일어났씀미다. 세종대왕 아버지가 연산군이랍미다. 주인공은 화살을 수백대나 맞고도 죽지 안씀미다. 마지막엔 주인공이 황야에서 악당과 결투를 벌임미다.,00
2234,악당은 여주인공의 목을 치려고 칼을 치켜들다가 벼락을 맞아 새까맣게 타 죽씀미다. 어디에도 흐리고 비오는 날이란 말은 없씀미다. --;; 여주인공은 나중에 왕이 되는데... 정조랍니다. 그녀 역시 미래에서 온 여자입니다.,00
2235,그 까페,00
2236,어때? 재미찌? 재미써지?,00
2237,으응 --;; 근대... 왜 주인공이 항상 미래인이야?,00
2238,미래에는 과학이 더 발달할테니까 타임머신이 만들어지게찌?,00
2239,...,00
2240,미래인은 그걸 타고 과거로 여행올 거라구... 그럼 지금도 어딘가엔 미래인이 있을 거야. 우리가 몰라서 그렇지... UFO는 아마 미래인이 타고 오는 타임머신 일지도 몰라. ...난 언젠가 미래인을 만나고 말거야. 만나야 대!,00
2241,미래인 만나면 너좀 데려가 달라구 그래.,00
2242,뭐라구? 넌 이거나 신씨네 가따줘. 주인공은 시므나하구 한서뀨가 해쓰면 조케따고 그래! 전도연도 갠차나...,00
2243,.\ /.;,00
2244,"그렇게 보지마, 가따주면 마신는 거 사주께.",00
2245,정말이지?,00
2246,신씨네,00
2247,요즘엔 말야... 재미없는 시나리오만 보면 속이 메스껍고... 막 울렁거려... 꼭 폭탄주를 열 잔 마시고 나서 롤러코스트를 탄 기분이야. 시나리오 읽는 게 공포스러워!,00
2248,안냐세여? 전화받으신 분이져? 이거 비천무림애가 거든여.,00
2249,화장실,00
2250,...등 두들겨 드릴까여?,00
2251,신씨네에서는 아직까지 연락이 엄씀미다.,00
2252,분식집,00
2253,마신는 거 사준대매?,00
2254,"으응, 마신는 라면이야. 마시께찌? ^^;",00
2255,체엣~!,00
2256,왜에~?,00
2257,난 ...또...,00
2258,머글래? 뒤집어 쓸래? .\ /.,00
2259,머글래. 자알 머그께... 마시께다야 --;;,00
2260,마시찌?,00
2261,으응... 마시떠. --;,00
2262,...마시찌?,00
2263,으응... 마시따니까!,00
2264,기차길,00
2265,"그날, 전 그녀를 집 앞까지 바래다주어씀미다. 바로 그날...",00
2266,그녀의 집 앞,00
2267,잠시동안이지만 전 그녀의 뜨거운 눈빛을 읽을 수 이써씀미다.,00
2268,저기가 우리 집이야...,00
2269,우산 가따 주께 잠깐 기다려!,00
2270,갠차나! 이왕 저전는데 머.,00
2271,에이씨!,00
2272,헉!,00
2273,누군가?,00
2274,이거 돌려줄려구요.,00
2275,...뭐야? 우리 딸애껀가?,00
2276,네... 조금아까 헤어졌는데... 이걸 제가 메고 있었거든요...,00
2277,우리 딸애하고 조금 전에 헤어졌다구?,00
2278,...네.,00
2279,우리 딸애를 만났다구?,00
2280,네...,00
2281,안으로 들어오게!,00
2282,갠찬아여...,00
2283,들어왓!,00
2284,넷!,00
2285,집 내부,00
2286,자네 정말 그애하고 같이 왔나?,00
2287,그... 그런대여?,00
2288,그앤... 일주일 전에 죽었네! 남자하고 헤어져서... 고통스러워하더니... 결국... 일주일 전에 자살했단 말이야! 이 친구야!,00
2289,...네?,00
2290,...조금 아까까지 같이 완는데...!,00
2291,이승을 떠나지 못하고 있어요! 여기 어딘가에 있을 거에요. 얘야! 너 지금 어디에 있니? 엄마 아빠한테 할 얘기가 있어서 온 거니? 얘야!,00
2292,...!,00
2293,윤주야! 윤주야!,00
2294,저... 죄송합니다. 집을 잘못 찾아왔네요. 똑같이 생겨서...,00
2295,그녀의 집 안,00
2296,자네가 우리 얘의 남자친구라고 할 수 있나?,00
2297,...네...,00
2298,자넨 우리 얘를 얼마나 알고 있다고 생각하나?,00
2299,...아직...,00
2300,... 다음부터 밤늦게 다니지 말아라! --;;,00
2301,저 가보게씀미다.,00
2302,골목길,00
2303,앗차! 내 가방!,00
2304,너 엄마 마음을 너무 몰라주는 구나. 응? 오늘은 그사람 왜 바람맞춘 거야! 엉? 엄마가 만나라는 사람이 어때서 왜 매번 바람만 맞추는 거야! 내가 견운가 직년가 그애는 만나지 말라고 했지? 그런 멍청하고 미래도 없는 애를 만나서 어쩌자는 거야?,00
2305,엄마가 참견할 일이 아니잖아! 그애가 뭘 멍청하다고 그래? 엄마가 멍청하니까 멍청한 것밖에 안보이는 거 아냐?,00
2306,"너 도대체 왜 이렇게 변했니, 엉?",00
2307,아아악! 내 멋대로 살게 놔둬!,00
2308,도서관,00
2309,그 후 그녀에게서 얼마동안은 연락이 엄써씀니다.,00
2310,"견우야, 나야! 오랜만이지?",00
2311,그녀의 목소리는 아무 일 없었다는 듯 밝아보였습니다. 저도 덩달아 밝아짐미다.,00
2312,응... 잘 지내떠?,00
2313,응... 너 우리 100일 기념일 잊지 않고 이께찌?,00
2314,으응... 벌써 백일 댄나?,00
2315,넌 여자가 어떨 때 젤 이쁘니?,00
2316,몸매 쫙 빠진 여자가 옷 벗꾸 이쓸 때!,00
2317,너 지금 어디써? 기다려!,00
2318,아냐... 아냐... 난 피아노 치고 있는 여자가 젤로 이쁘더라... 물론 벗고 치면 조케찌만...,00
2319,무슨 곡 젤로 조아하는데?,00
2320,이짜나 조지 윈스턴이 친 거... 따안 따안 따안~ 일케 하는거...,00
2321,파헬벨의 캐논?,00
2322,그래... 그거...,00
2323,나한테는 안물어바?,00
2324,넌 남자가 어떨 때 젤로 이쁜데?,00
2325,난 장미 꽃 한 송이만 주면 대. @->---,00
2326,너도 역시 여자는 여자구나.,00
2327,그리고 너 고삘이 때 교복 이찌?,00
2328,왜?,00
2329,"100일 기념일날, 고삘이 때 교복 준비하고. 장미는... 나 수업시간에 강의실로 갖고와... 니가 직접! 아라찌?",00
2330,모라구? 어떠케 수업시간에... 야! 야! 그냥 끄느면 어떠케 해!,00
2331,견우의 집,00
2332,누구얏! 도둑이닷! 도둑이야!,00
2333,"헉! 0,.O;;",00
2334,"꺼억, 꺼억...! ㅠ.ㅜ;;;",00
2335,"견우아냐? 너 미쳐써, 엉? 도대체 무슨 짓을 할려고 그래! 하라는 공부는 안하고 대낮부터 어딜 털러 가는 거야? 유흥비가 부조캐서 그래, 엉? 이게 도대체 무슨 질알이야! 질알은! 그리고 너! 요즘 부평에 맨날 와따가따 하면서 고모넨 왜 안들렷! 내가 고모 때문에 귀차나 죽겠단마럇! 오죽하면 너한테 여자 소개해 주게따고 꼬시겐냐, 엉?",00
2336,ㅜ.ㅠ;;;,00
2337,견우의 동네 길,00
2338,견우학생! 그렇게 하고 어디가?,00
2339,--;;,00
2340,견우야! 엄마한테 겨울에 맞겨놓은 잠바 찾아가라고 그래!,00
2341,--;;;,00
2342,"견우학생, 쌍꺼풀 수술 했어?",00
2343,ㅜ_ㅜ;;;,00
2344,이상함미다. 다들 저를 알아보는데 하필 우리 엄마만 못알아본 거져? 진짜 엄마 마씀미까? ㅠ_ㅠ;;,00
2345,중국집,00
2346,여자 대학교 아무나 못드러가는 거 아시져? 이래뵈도 저 잔머리 잘 굴러감미다.,00
2347,그녀의 대학교 앞,00
2348,거기! 어딜가? 이리와봐!,00
2349,짜장면 배달가는대여?,00
2350,...내가 시켰어. 이리 내려놔! 단무지는 많이 가져와찌?,00
2351,으헉! ㅜ.ㅜ;,00
2352,"아차, 단무지 빼노코 와써요... 다시 가져오깨요.",00
2353,"야, 짜장면은 주고 가야지!",00
2354,저는 당당히 들어감미다. 꽃배달은 배달 아님미까?,00
2355,--;;,00
2356,그녀의 대학교 복도,00
2357,"여보~! 애가 경끼를 해! 병원에... 빠, 빠알리 가봐!",00
2358,그녀의 강의실,00
2359,키쓰! 키쓰! 키쓰! 키쓰!,00
2360,키쓰! 키쓰!,00
2361,우와아! 짝짝짝짝짝-,00
2362,오늘 수업 끝!,00
2363,그것으로 끝날 그녀가 아니어씀미다.,00
2364,지하철 역 화장실 앞,00
2365,소주방,00
2366,"야! 마셔, 마셔! 오늘 바주께! 갠차나! 야! 담배도 펴!",00
2367,"선생님이 보시면 어떻게 하라구, 걸리면 정학이야!",00
2368,"갠차나, 갠차나! 내가 이짜나 팍팍 펴!",00
2369,"너 대게 조은 하꾜 다니는구나, 조케따!",00
2370,우리는 오랜만에 아름다운 학창시절로 돌아가씀미다.,00
2371,나이트 클럽,00
2372,우리가 다녀간 이후로 그 나이트 클럽은 한 달에 한 번씩 추억의 교복 무도회를 연다고함미다.,00
2373,거리,00
2374,그녀의 집,00
2375,여보세요? ...응 그래요? 그 애가 전화를 두고 나갔는데... 견우학생 맞아요?,00
2376,거리,00
2377,미안하지만 우리 그 애 다시 만나지 않았으면 좋겠어요. 오늘... 다른 남자 만나러 갔으니까... 그런 줄 알아요.,00
2378,저는 그냥 본능에 마끼기로 해씀미다.,00
2379,여보세요?,00
2380,"나야, 오늘 일곱 시까지 그 까페로 와. 만나자.",00
2381,...왜?,00
2382,...뭐? 왜? ...나 오늘 남자 만난단마랴. ...사십 오분 내로 왓!,00
2383,...나도 여자 만난단 말야!,00
2384,까페 안,00
2385,오고 있는 거야?,00
2386,나도 여자하고 가치 이딴마랴!,00
2387,빨리와.,00
2388,이쁜 아가씨들 많아요. 꼭 오세요!,00
2389,화장실 안,00
2390,"0,.O;;;",00
2391,술 취하면 자꾸 옛날 버릇이 나와서... 서서 봐요.,00
2392,그 까페,00
2393,안냐세여?,00
2394,견우씨에요.,00
2395,...!,00
2396,차석원이라고 함니다. 반갑씀미다.,00
2397,네... 반갑습미다.,00
2398,정말 다른 여자하고 이써써?,00
2399,아니... 남자랑 이써찌! --;;;,00
2400,뭐 드시게씀미까?,00
2401,커피여.,00
2402,콜라 마셔두 대.,00
2403,...커피 마시께...,00
2404,"견우씨, 행복하겠어요? 제가 귀 따갑게 들었거든요. 아주 좋은 친구 같아요.",00
2405,... 친구!,00
2406,나 화장실좀 가따 오께...,00
2407,왜?,00
2408,...이리와.,00
2409,...석원씨 어때?,00
2410,잘 모르지만 나쁜 것 같진 않아. 너... 옛날에 헤졌다던 남자... 저사람 아니지?,00
2411,...응! 어떠케 아라써?,00
2412,새 남자 만날 땐 지난 일 잊어... 아라찌?,00
2413,...어떻게 아란냐구?,00
2414,...이 목걸이 ...헤어졌다던 그 남자가 준거겠지? 단순히 헤어진 거라면 그 목걸이 ...하고 다니지 않았을 거야... 니 성격에... 그리고 너... 가끔... 그 남자한테서... 벗어날 수 엄따고 말해찌? 그건 니가 사랑했던 사람이... 이 세상에 없다는 뜻 아냐?,00
2415,저 사람은... 그전부터 엄마가 만나보라고 한 사람이야... 엄마 등살에... 나쁜 사람같진 않지?,00
2416,응... 내 말 잘 들어... 난 갠찬치만... 잘 모르는 남자 앞에서는 성질 조금만 죽여... 남자들은 여자다운 거 더 좋아하자나... 글구... 술 절대로 세잔 이상 마시지마... 여자가 술먹고 쓰러지는 거 이용하는 남자들 많아...,00
2417,너!,00
2418,글구 ...나한텐 갠찬치만 ...다른 남자한텐 뭐든 한 번 져줘봐... 이길려고 하지 말고... 좋아할 거야... 아라찌?,00
2419,저... 제 부탁 들어주실 거죠?,00
2420,뭔데요? ...내가 할 수 있는 일이라면...,00
2421,쉬운 일이에요... 쟤한테 여자다운 거 요구하지만 않으면 대여... 그리고 술은 세잔 이상 먹이면 안되구여... 아무나 패거든여... 까페에 가면 콜라나 쥬스 마시지 말고 커피를 드세여... 글구... 가끔 때리면 안아파도 아픈 척하거나 아파도 안아픈 척 하는 걸 조아해여... 쟤. 만난지 백일이 되면 강의실에 찾아가서 장미꽃 한 송이를 내밀어 보세여... 너무 조아할 거에여... 검도하고 스쿼시는 꼭 배우세여... 짜장면은 싫더래도 다섯 그릇은 먹을 수 있어야 될 거예여... 글구 가끔 유치장에 가는 것도 감수할 수 이써야 대여. ... 가끔 죽인다고 협박하면... 진짜 죽을지도 모른다고 생각하세여... 그래야 편해요... ...가끔 다리가 아프다면 신발도 바꿔신어 주세요... 마지막으로... 쟤... 글쓰는 거 좋아하거든요... 칭찬 많이 해 주세요...,00
2422,...!,00
2423,화장실 안,00
2424,까페 안,00
2425,견우씨는... 요?,00
2426,"먼저 갔씁니다. 제가 지켜야 할 수칙을 적어도 열가지는 알려줬어요. 저 암기력 좋거든요? 외워볼까요? 첫 번째, 여자다운 거 요구하지 마라. 두 번째, 술은 세잔이상 먹이지 마라. 세 번 째, 까페에선 커피만 마셔라, 네 번째, 때리면 아파도 안아픈 척 해라.",00
2427,"다섯 번째, 백일 기념일 되면 강의실에 장미 한송이를 갖다 바쳐라. 여섯 번째, 검도하고 스쿼시를 꼭 배워라. 일곱 번째, 자장면을 최소한 다섯그릇 이상 먹을 줄 알아야 한다. 여덟 번째, 가끔 유치장에 가는 것도 감수해라, 아홉 번째, 다리가 아프다면 신발도 바꿔신어라, 열 번째, 죽인다고 협박하면 진짜 죽는 줄 알아라. 열 한 번째, ...",00
2428,...?,00
2429,거리,00
2430,전철역,00
2431,견우야!,00
2432,견우야!,00
2433,지하철 관리 사무실,00
2434,무슨 일로 오셔씀미까?,00
2435,급하게 부탁드릴게 있거든여!,00
2436,지하철 역 안,00
2437,누가 껴안으래썻!!,00
2438,ㅜ.ㅠ;;,00
2439,"0,.O;;;",00
2440,바보야! 피했어야짓!,00
2441,그날 밤 그녀는 또 망가져씀미다.,00
2442,거리,00
2443,에이즈를 예방합시다!,00
2444,전 그녀의 심정에 대해서 알 것 같기도 하고 모를 것 같기도 함미다. 그녀와 전 지금 갈래길에 서있는 것이 분명함미다. 우리는 도대체 어떤 사일까여? 지금과 같은 관계가 영원히 지속될 수 있을까여?,00
2445,그녀의 집 앞,00
2446,안냐세여?,00
2447,그녀의 집 거실,00
2448,한 잔 할래?,00
2449,아니... 대씀미다.,00
2450,... 졸업하면 뭘 할 건가?,00
2451,...사실... 아직 뚜렷하게 생각해 본 건 엄씀미다.,00
2452,...자네 주머니에 있는 소지품들을 좀 볼 수 있나?,00
2453,...예?,00
2454,이건 무엇에 쓰는 물건인가?,00
2455,...예... 에이즈 추방하는데 쓰는 거라고... 배웠는데... 아직... 못써바씀미다. ...사실은 길에서...,00
2456,됐네!,00
2457,날아라 영계가 뭐하는 덴가?,00
2458,저... 삼계탕 집인가 본데... 여? --;;;;,00
2459,... 맛을 확실히 보여준다는 뜻인거 가튼데... --;;;;;;,00
2460,우리 딸애 어떻게 생각하나?,00
2461,저는 당당히 말할 수 이써씀미다.,00
2462,아직은 친구로 지내고 이씀미다. 너무 걱정마세여... 만약에 서로 좀 더 가까워지게 된다면 꼭 말씀 드리게씀미다.,00
2463,"0,.O;;;;",00
2464,"어머, 이상하네? 술에 물을 탔는데...? 맞죠, 학생?",00
2465,네 맞는데여?,00
2466,견우의 집,00
2467,그녀는 제게 편지를 써서 가져오라고 해씀미다. 편지지에 직쩝 써야 됨미다. 저는 제 마음을 충분히 표현하기 위해서 단어들을 고르고 골라씀미다. 처음에 그녀를 만나 쓸 땐 주제넘게 그녀의 아픔을 치료해주겠다고 해씀미다만... 갈수록 그녀에게 미련이 생김미다. 우리 사이가 좀 더 분명해쓰면 하는 욕심도 생김미다. 편지에 그런 내 심정에 대해 쓰고 이씀미다. 그녀도 아마 지금 제게 편지를 쓰고 이 쓸 검미다.,00
2468,...우리는 그러케 헤어짐을 준비하고 있어씀미다.,00
2469,산,00
2470,"견우야, 저기 보이는 산봉우리 이찌? 보이지?",00
2471,"응, 보여.",00
2472,여기서 소리지르면 저기까지 들릴까?,00
2473,"들리게찌? 아니, 안들릴 꺼 가튼데?",00
2474,한 번 가봐! 내가 여기서 소리 지를테니까 들리면 대답해!,00
2475,"뭐라구? 저기까지 가보라구? 0,.O;;;",00
2476,응!,00
2477,ㅜ.ㅜ;;;;,00
2478,정상,00
2479,견우야! 들려어?,00
2480,견우야! 미안해... 나 정말... 아무래도 극복할 수 없나봐.,00
2481,견우야! ...미안해! 미안해...,00
2482,견우야! 나도 어쩔 수 없는 여잔가봐! 난... 다르다고 생각했는데... 그래애! 난 여자야! 어쩔 수 없어! 나... 극복이 안돼! 극복할 수 없어!,00
2483,동. 정상,00
2484,우와! 멀다!,00
2485,내려가자!,00
2486,좀 쉬었다 가야짓! .\ /.;;;;;,00
2487,뭐가 힘들다고 그랫?,00
2488,가치 가야짓!,00
2489,강이 보이는 나무 아래.,00
2490,너 편지 가져와찌?,00
2491,그게 모야?,00
2492,타임캡슐!,00
2493,...?,00
2494,"우리 편지를 여기따 넣어서 땅에 묻는 거야. 글구 2년 후에, 오늘 이 자리에서 만나자. 우리... 그날 다시 만나서 편지를 읽어보면 뭔가 답을 얻을 수 이쓸 지도 몰라.",00
2495,"그녀는 헤어지자는 말을 그렇게 대신했고, 저는 마음속으로 2년이란 긴 시간이 아니라고 되뇌이고 되뇌어바씀미다.",00
2496,"2년 후, 오늘 오후 2시에 열리는 거야.",00
2497,2년 후에나 우리는 다시 만날 수 있씀미다. 2년 후에 다시 만난다면 그녀와 나 모두 달라져 이 쓸 검미다. 그리고 우리는 지금보다 더 가까워지던지 아니면 아주 헤어지던지 둘 중에 하나를 선택할 수밖에 엄씀미다.,00
2498,...!,00
2499,저기 강 건너에 보이는 산 이짜나? 여기서 소리지르면 들리까?,00
2500,"0,.O;;",00
2501,인제 그만 내려가자.,00
2502,기차역,00
2503,...먼저 가.,00
2504,...!,00
2505,...우리 여기서 헤어지자.,00
2506,같이... 가야지...,00
2507,아냐... 난 다음 기차로 갈게... 그게 좋을 거 같애...,00
2508,2년 후에 만나는 거야!,00
2509,응... 2년 후!,00
2510,2년!,00
2511,잘가!,00
2512,잘가!,00
2513,견우야!,00
2514,어?,00
2515,...!,00
2516,우리는 그렇게 헤어져씀미다.,00
2517,저는 그녀와 헤어진 후 허전함을 이길 수 엄써씀미다. ...전 추억을 생각하며 인터넷에 그녀와 이써떤 일들을 올리기 시작해씀미다.,00
2518,견우의 집,00
2519,그리고 전 일케 생각해씀미다. 만약 그녀를 다시 만나면 뭔가 달라진 모습을 보여주자... 더 이상 시간을 허비하지 말자... 그녀와 내 미래를 위해서...,00
2520,스쿼시 경기장.,00
2521,"어떠케 내가 치는 공도 내 얼굴로만 날아오는 걸까여? ㅠ,,∅;;;",00
2522,수영장,00
2523,헬스 체육관,00
2524,검도장,00
2525,견우의 집,00
2526,전 매일매일 쉬지안코 통신에 그녀와의 일들을 써나가씀미다.,00
2527,피아노 학원.,00
2528,저는 2년 동안 하루하루를 바쁘게 보내씀미다.,00
2529,몽따쥬,00
2530,"저, ‘엽기적인 그녀’ 쓴 사람인데여... 오늘 만나기로 해꺼든여? ^^;",00
2531,네에?,00
2532,신씨네에서 인터넷에 뜬 내 글을 보고 그녀와의 이야기를 영화로 만들자고 제의가 와씀미다. 그녀의 꿈은 결국 제가 이루게 된 검미다. 저는 지금 당장이라도 그녀한테 알려주고 싶지만... 그날까지 참을 수바께 엄씀미다.,00
2533,그 까페,00
2534,...!,00
2535,뭐 드시겠습니까?,00
2536,콜... 커피 주세여.,00
2537,강이 보이는 나무아래,00
2538,오늘 그녀는 오지 안아씀미다. 우리의 약속은 오늘 뿐임미다. 내일이나 모래온다는 보장도 엄씀이다.,00
2539,이넘이 어떠케 들어가쓸까여? 불가사이임미다. --;;,00
2540,"견우야? ...견우야, 안녕? 나 너 만나는 동안, 너무 재밌었어. ... 엄마가 너 만나는 거 좋아하진 않았지만... 엄마도 내 고집 꺽을 수 없다는 거 잘 알아... 문제는 내 마음 속에 있었어. ...네가 알고 있듯이 나... 사랑하던 사람... 죽었어... 너와 처음 만나던 날... 그 사람이 세상을 떠난지 1년 되던 날 이었어. ...나 사실 너한테서 그사람의 모습을 찾으려고 했었어... 그럼 안되는 건데... 미안해. ...나 그사람, 너처럼 전철에서 처음 만났어. 옛날엔 나, 몸이 약했었거든...",00
2541,몽따쥬,00
2542,우린 그렇게 만났어. ...그 사람... 내가 원하는 건 뭐든지 해줬어. ...너처럼...,00
2543,날 위해서 물 속에 뛰어들 수 있어?,00
2544,우린 그 나무 아래서 미래를 약속했는데... 근데 그 남자...죽고 말았어..,00
2545,난 그 남자한테서 영원히 벗어날 수 없다고 생각했어. 나 너를 만나고 있는 동안에도 ...그 사람 어머니 가끔 만났어... 그 사람 어머니... 날 얼마나 위해주는지 몰라... 가끔 좋은 남자 있다고 소개해 주시겠다는데... 그럴 수 없잖아... 나... 너를 처음 만나던 날... 그 나무 아래에 왔었다. 나... 그 남자한테 기도했어... 너무 괴로워서 ...벗어날 수 있게 해달라고...,00
2546,"너를 만난 순간 난 생각했어... 그 사람이 견우... 널 소개해준 것이 아닐까 하고 ...근데 ...너를 만나면 만날수록 ...내 마음속에 있던 그 사람이 질투를 하고 있는 것만 같았어... 네가 좋아지는 만큼 죽은 그 사람한테 죄책감을 느껴지는 거야... 그래서... 난 ... 네가 없는 동안, 그 사람을 나 혼자서 잊어보고 싶었어... 그렇지 않고 너를 만나면 너한테도 잘못하는 거잖아, 그치? 만약 2년 후에도 내가 네 옆에 없다면 난 아직 용기가 없는 거야. 2년이 지나면 우린 어떻게 변해 있을까... 마치... 넌 미래에 살고 있고... 난 과거에 머물러 있는 느낌이야... 빨리 다시 만나서 네 편지 읽고싶어...",00
2547,"저는 그날 이후, 시간만 나면 그 자리에 찾아가씀미다. 혹시 그녀가 와따가지 아나쓸까... 올 때마다 타임캡슐을 열어봐씀미다.",00
2548,나무아래,00
2549,동. 나무아래,00
2550,저는 가끔 그녀가 했던 말을 생각해봅미다. 내가 왜 존재하는 것일까... 난 정말 그녀를 위해 존재하는 것일까... 차라리 그녀가 과거의 추억 속에 살고 있는 것이 낫지 않을까...,00
2551,동. 나무아래,00
2552,왜 자꾸만 그렇게 쳐다 보세요?,00
2553,응... 너무 이뻐서... 선녀가 올라오는 줄 알았어.,00
2554,*^^*,00
2555,...,00
2556,할아버지는 여기 자주 오세요?,00
2557,가끔 오지... 이 나무에 비밀이 있거든...,00
2558,저도... 이 나무 아래에 비밀이 있어요.,00
2559,...그래?,00
2560,삼년 전에 남자친구하고 이 아래에 편지를 묻어놨어요. ...할아버지의 비밀은 뭐예요?,00
2561,...그래서?,00
2562,...묻어놓은 편지... 작년에 만나서 꺼내 보기로 했었어요.,00
2563,...일년이나 늦었네?,00
2564,...네. ...올 수가 없었어요 ...2년은 긴 시간이 아니더라구요... 전 아무 것도 결정하지 못했어요.,00
2565,...나 사실은 이 아래에 묻힌 편지들을 봤어.,00
2566,...!,00
2567,이 나무에 비밀이 있다고 했지?,00
2568,...네.,00
2569,잘 봐... 예전에 그 나무하고 같은 나문가?,00
2570,...조금 변한거 같지만 잘 모르겠어요.,00
2571,죽은 사람과... 산 사람이 있지... 그것처럼 죽은 나무와 산 나무가 있어.,00
2572,...?,00
2573,작년에 여기에 있던 나무는 벼락을 맞았어... 두 쪽이 나서 죽었지... 근데... 그걸 가슴아파하던 젊은이가 있었어... 올 봄에...어디서 찾았는지 ... 전에 있던 나무하고 똑같이 생긴 이 나무를 옮겨와서 심었지...,00
2574,젊은이가 나무를 심고 있을 때... 나한테 물었지... 옛날 그 나무하고 똑같이 보이냐고... 나무가 죽은 걸 알면 가슴 아파할 사람이 있다면서... 누구도 눈치채지 못해야 한다고 했어.,00
2575,짜식!,00
2576,기차 안,00
2577,지금 거신 전화번호는 결번이거나 사용이 중지 된 번호임미다. 다시 확인하고 걸어주시기 바랍니다. 유 코러 롱 넘버 오아 더 다이얼 넘버 이즈 나린 썰비스. 프리스 코러겐...,00
2578,그 까페,00
2579,옥상,00
2580,...?,00
2581,누굴 찾아왔어요?,00
2582,아니요... 그냥... 언제부터 다시 춤을 추셨어요?,00
2583,"올해 초 부터...죠 ...저 까페 보이죠? 저기... 저 창문... 어떤 젊은 친구가 와서 못믿을 얘기를 해주더라구요 ...백혈병으로 죽어가는 어떤 소녀가 있는데... 토요일마다 해질녘에 저 까페에 와서 우리가 춤추는 모습을 보고 갔대요. 우리 춤추는 거 보면서 몸도 점점 좋아지고, 살려는 의욕도 아주 강해졌었는데 ...우리가 헤어지고나니까 살려는 의욕도 잃고, 몸도 더 나빠졌다고 그러더라구요. 그 말 듣고서 우리... 다시 결합했어요... 그리고 토요일 해질녘만 되면 옛날처럼 이렇게 춤도 춰요.",00
2584,그 애가 우리 다시 만나게 해 준 거예요.,00
2585,그랬군요... 저... 한가지 알려드릴 게 있어요.,00
2586,...?,00
2587,그 소녀가요... 춤추는 모습... 다시 보게 돼서... 너무 고맙고 행복하다고 전해달래요... 이제 ...하나도 아프지 않대요... 다 낫대요...,00
2588,고급 레스토랑,00
2589,어머니!,00
2590,하나도 안 변하셨네요. 건강하시죠?,00
2591,영국에 갔다 왔다구?,00
2592,예... 일년 반쯤 있었어요... 그 사람 잊을려고 많이 애 썼어요.,00
2593,그래... 이제 마음 많이 편해?,00
2594,네 ...많이요...,00
2595,정말인 거 같은데? 우리 애... 하늘나라에서 섭섭해하겠어?,00
2596,아녜요... 더 좋아할 거예요.,00
2597,그래... 그래... 나도 그걸 얼마나 바랬는지 알지.,00
2598,고모! 여권 사진 찍고 있는데 전화를 하면 어떻게 해여?,00
2599,이놈의 자식아! 이놈아 미꾸라지 같은 놈아! 이게 몇 년 만이냐? 응? 이놈아!,00
2600,"내가 말도 없이 이렇게 불렀어. 견우라고... 내 조카야... 그애하고 많이 닮았지? 난 아무리 봐도 우리 애하고 똑같은 거 같애... 너 맘 고생할 때... 몇 년 전부터 너한테 이놈 한 번 소개할려고 오라고 그랬더니, 미꾸라지처럼 요리조리 빠져 다니는 통에... 너 부평에 자주 왔었다며? 그런데도 고모한테 한 번 안들려?",00
2601,"한 번 사겨봐 ...이놈이라면 너 마음 편하게 해줄 거라고 생각했거든... 맞아, 너두 영국에 간다고 그랬지? 얘는 벌써 갔다 왔으니까 물어보면 많이 도움이 될 거다, 아마.",00
2602,이제... 안가도 대여!,00
2603,왜...? ...서로 아는 사이니?,00
2604,...?,00
2605,못 믿겠지만 ...나... 미래인 만났어! ...바로 너의 미래...,00
2606,"저긴 부부끼리, 여긴 애인끼리. 차종 빠진 게 벌써 틀리잖아요?",10
2607,"여자가 몰 거라 잔 고장 없었으면 좋겠는데, 엔진 좀 볼 수 있나?",10
2608,보닛을 열고 엔진을 확인하는 도철. 엔진 고유넘버가 보인다. 이 위로,10
2609,이 차 내 논 사모님이 원래 자기 사위 줄라고 뽑아놓고 그냥 모 셔만 놓고 있었던 차거든. 키로수 보시면 알잖아. 그런데 사위가,10
2610,"그러고 있으니까 인격에 펌핑 들어간다, 야. 요걸루 갈까?",10
2611,"시동 거는 손, 드라이브 모드로 들어가는 기어, 액셀러레이터를 밟는 발, 올라가는 RPM, 화면을",10
2612,"계약서에 서명하는 도철의 손, 결제되는 카드, 출력되는 영수증, 넘겨지는 스마트 키, 사무실 안에서 매장 업주가 도철과 미스 봉에게 서류들을 넘기고 있고, 양 실장은 밖에서 트렁크 를 열어 차량 마지막 점검을 하고 있다.",10
2613,사무실 유리에 반사되어 보이는 양 실장의 행동을 지켜보는 도철.,10
2614,출발하는 차를 향해 인사한 뒤 양 실장에게 똑같은 열쇠를 던져주는,10
2615,양 실장이 GPS 장치가 표시되는 소형 단말기를 보며 차량 이동경로를 확인한다.,10
2616,"운전대를 잡은 미스 봉이 짜증난 표정으로 가발을 벗는다. 주위를 살피며 소리치는,",10
2617,쫌 자연스럽게 연기 못하냐? 자연스럽게? 뒤에 자석 붙었는지 확인,10
2618,"야, 운전하는데 신발을... 똑바로 안 해? 앞에! 앞에!",10
2619,얌마! 중간보고하라 그런지가 언젠데 두 놈이 다 전화가 없어?!! 문자,10
2620,"붕어가 뭐야, 붕어가... 지금 전화할라 그러는데 형님이 전화먼저",10
2621,"이 새끼 또 말대답하는 거 봐, 이거... 입만 살아 움직이는 새끼가 변",10
2622,팀장님! 나 서 선배랑 이런 거 좀 묶지 마요! 진짜 안 맞아!,10
2623,"고급 차량들이 즐비하게 늘어선 주차장 안으로 스마트키를 든 손이 들어선다. 차량들을 향해 키 버튼을 누르며 앞으로 이동하는 손. 코너를 돌면 빽빽이 들어선 차량들이 나오고, 이들 사이에 섞인 고급 외제차가 삐빅 소리를 내며 열린다. 스마트키를 든 손 옆으로 다가오는 또 다른 남자!",10
2624,모자를 눌러 쓴 매장 업주와 양 실장이 차를 몰고 나가는 모습이 모 터로 흐른다.,10
2625,"집어넣던미스 봉, 모 터보고 놀라 뱉어내며 급히 전화를 꺼내든다.",10
2626,아이 씨발?... 사수하고 통화할 때뭐좀 으면서 통화하지 말라,10
2627,한 젓가락입으로 가져가는 중이다.,10
2628,고급 외제 승용차가 조용히 창고건물을 향해 간다. 전화통화를 하며 기다리던 문지기가 차량 안의 매장 업주를 확인하더 문을 열어준다.,10
2629,고급 외제 승용차가 창고 안으로 들어서자 두 명의 차량 전문가들이 기다리고 있다.,10
2630,"장비들이 세팅되어 있는 곳에 멈추는 고급 외제 승용차. 작업 중인 다른 차들도 보인다. 매장 업주와 양 실장이 차에서 내리고 문지기가 들어오자 전문가들이 일사분란하게 움직인다. 차 번호판을 떼어내고, 엔진 고유번호를 위조하고, 주행거리를 0으로 조작하고, 색깔을바꾸기위 해 창문에 종이를 덮는다.",10
2631,"매장 업주를 비롯한 모두들 ‘이 상황은 뭐지?’... 하다가 각자 손에 연장을 들고 경계 들어가는데,",10
2632,... 어?... 너쉐에키... 아까 낮에... 사장님?,10
2633,주유소?! 기름도안 넣고 상황대기하고 있었다고?... 빨랑 와.배,10
2634,"매장 업주가 든 수갑을 보고 모두 눈치를 살피는데, 양 실장은 아닌것 같다고 고개를 젓는다.",10
2635,패거리들 모두 도철을 향해 연장을 움켜쥔다.,10
2636,다가간 양 실장이 도철의 뒤를 노린다.,10
2637,"양 실장을 본다. 바닥에 떨어져 있던 쇳덩이를 밟아 발등에 올린 뒤, 뒤로 돌며 양실장을 향해 킥을 날리는 도철! 휙-퍽! 도철의 뒤를 노리고 다가오던 양 실장이 쇳덩이에 머리를 맞고바닥을 구른다. 동시에 차를 밟고 몸을 날려 문지기가 도철에게 날아들고-도철이 차 문을 열며 뒤로 빠진다. 점프했다가 열린 문 위로 푹-! 끼어버리는 문지기! 고통스러운데... 연장을 들고 다가오던 문지기가 휘리릭날아드는 번호판에 낭심을 맞고 쓰러진다. 이 뒤로 달려드는 전문가 1,2의 협공을 피하는 도철! 이때",10
2638,"매장 업주의 눈을 콕찌르는 도철. 매장 업주는 아픈것도아픈 건데 억울하고 분하다. 다시 자신을 향해 달려드는 전문가 1,2를 향해 도색용 분무기를 뿌리는 도철. 전문가 1,2가 휘청하는 사이 분무기를 들고 휘둘러 전문가 1을 때려눕힌다.",10
2639,전문가 2를 향해 휘두르는 도철. 헉! 분무기 줄이 짧다. 놀란 전문가 2가 그저 맞지 않았다는데 안심해서 한숨을 돌리는데옆에,10
2640,도철이 발을 잡고 아파한다.,10
2641,도철을 향해 연장을 휘두르는데 도철이 가볍게 피하자 중심을 잃고 휘청하며,10
2642,들이대고 선다. 중심을 잃은 매장 업주가 도철의 옷을 잡자,10
2643,매장 업주의 눈을 콕찌르는 도철. 눈을 잡고 나뒹구는 매장 업주. 이위로 들리는,10
2644,"형사가 고양이 낙법으로 구르는데-이 모습을 한심하게 보며 짜증내는,",10
2645,형님이 이러니까 똥차 소리나 듣고 승진이 안 되는 거야. 내가,10
2646,"오 팀장과 형사들이 매장 업주를 본다. 다시 일제히 도철을 보는 형사들. 도철이 실실 쪼개며 매장 업주를 향해 다가가자, 형사들 모두 전화기를 들고 딴청을피우며 각자 수갑을 채운 사람들을 끌고 밖으로 우당탕 나간다. 이상한 분위기에 둘러보는 매장 업주.",10
2647,면 내가 카바 못해 준다고. 저번에 하우스 털었을 때도 괜히,10
2648,"어, 미안해... 아니 당신 말고 서 형사... 얘가사람",10
2649,"오 팀장이 통화하는 동안 매장 업주가 얼어붙는다. 일회용 라이터를 꺼내 뚜껑을 빼서 자기 이마에 상처를 내 피를 흘리고, 머리카락까지 몇",10
2650,"뽑는 도철. 매장 업주가 멍하게 보는데, 도철이 자기 지문 안 묻게쇠파이프를 잡고, 자신의 피와 머리카락을쇠파이프에 묻혀서 매장 업주의 손에 꼭쥐어준다. 매장 업주의 다른 손까지 잡아서",10
2651,질서 없게 질문해도 질서 있게 대답하는 거 좋아한다.,10
2652,러시아? 러시아 애들이 직접현장에 와? 러시아 마피아 그런 애들?,10
2653,"할 수 있다, 할 수 있다.",10
2654,"필요 없다, 없다.",10
2655,"안했다, 안했다.",10
2656,"이 자고 있는 뒤로 심통난 얼굴로 TV 앞에서 맥주 마시며 빨래를 개고 있는,",10
2657,학교에서 애 때렸단다.,10
2658,못 참는다.,10
2659,씻구 방에 들어가!... 벌어오는 돈이나 흘리고 다니지 말지...,10
2660,이 자고 있다.,10
2661,비좁은승합차 안에 작업복을 입은 형사들이 매장 업주를 데리고 이동하고 있다.,10
2662,다친다.,10
2663,"리 굳어서 안 되지만, 니들 승진시험 때만 벼락치기로 공부하지 말고",10
2664,눈치 없이 끼어드는 매장 업주에게 살벌하게 눈빛을 날린뒤 입냄새발포하고 급 표정 변환해,10
2665,"컨테이너를 옮기는 모습을 지켜보는 서도철 옆에서 말을 건네는,",10
2666,애좀 편하게 태우고 다녀요. 뒤에 누워서 자는 자리 있더만.,10
2667,애가 내 옆에 타는 거 좋아해서... 먼저 갑니다! 수고하세요!,10
2668,"대형 러시아 선박이 세워져 있는 가운데, 고급 중고 외제차들이 실린 컨테이너들이 선적준비를",10
2669,두 노동자로 위장해 이들을 감시한다. 역시 부두 노동자로 위장한 도철이 지게차를 몰고주변을 다 며 소형 카메라로 이들의 행동을 찍고 있다. 부두 곳곳에 러시아 거래상의 부하들 다섯,10
2670,어슬렁거리고 있다.,10
2671,러시아 거래상이 만족스럽게 서류를 꺼내자 매장 업주도 준비해 온 서류를 꺼낸다.,10
2672,이쁘게 사인 끝내 주시고... 작업 시작합시다.,10
2673,"러시아 거래상과 전문가가 뒤로 물러서는데, 요란한 사이렌과 함께 형사기동대 차량들이 등장! 러시아 거래상과 전문가가 도망치고, 매장 업주와 양실장도 바로 달리기 시작한다.",10
2674,명도 사방으로 흩어져 달린다.,10
2675,"모 터로 양실장을 향해 접근하는 형사 기동대 차량과 매장 업주를 포위해 가는 미스 봉, 왕",10
2676,가 보인다.,10
2677,"뒤를 보고 달리는 양 실장. 쫓아오는 사람이 없자 앞을 보고 냅다 뛰는데, 서라고 소리치며 뒤를",10
2678,형사! 끼이익!-그의 앞을 가로막는 형사 기동대 차량! 속도를 제어하지 못한 양 실장이 형사 기동대 차량 옆면을 쿵-그대로 들이받고바닥에 쓰러진다.,10
2679,아... 왜 받구 자빠지구 지랄이여... 기냥 자빠지지... 우리가 너,10
2680,"가방을 든 매장 업주가 필사적으로 뛰는데, 이 옆으로 왕 형사가 달려들다가 아슬아슬하게 놓친다.",10
2681,힘겹게 숨을 몰아쉬고 다시 거리가 벌어진 매장 업주를 쫓는다.,10
2682,형사! 동시에 매장 업주가 눈에 보이자 몸을 날리는 미스 봉! 퍽!-간발의 차이로 매장 업주가 비켜나가고 대신 매장 업주를 향해 달려든 왕,10
2683,명의 러시아 조직원들이 온몸을 날려 달려드는 형사들에게 검거된다.,10
2684,들어온다. 러시아 거래상과 도철의 미로 속 추격이 벌어진다. 톰과 제리처럼,10
2685,람. 도철에게 쫓기던 러시아 거래상이 좁은 컨테이너 구간을 지나가는데 도철이 컨테이너 사이에 끼어있는 것을 본다.,10
2686,컨테이너 사이에 끼어있던 도철이 퍽! 러시아 거래상의 낭심을 걷어차며 컨테이너 사이에서 빠져,10
2687,못한 공격에 당한 러시아 거래상이 무너지며 도철의 어깨를 잡는데다시,10
2688,"! 컥컥대는 러시아 거래상의손목을 꺾으며 수갑을 채우는,",10
2689,"누군가 달려드는 소리. 돌아보면, 러시아 전문가가 빠루를 들고 도철을 향해 달려든다. 잽싸",10
2690,"순간, 러시아 전문가가 휘두른 빠루가 러시아 거래상을 퍽! 때리고쓰러지는 러시아 거래상의 몸을 축으로 이용해 러시아 전문가를 향해 회전 킥을 날리는 도철!!",10
2691,도철이 두 사람의 손을 수갑으로 연결한다.,10
2692,미친듯이 달리는 매장 업주 옆으로 경광등을 돌리며 따라붙는승합차. 이를 보고 울상을 지으면,10
2693,승합차 너머 러시아 거래상과 패거리들을 포해 나오는 도철과 형사들이 보인다.,10
2694,를 쫙빗어넘겼는데 이상하게 안 어울리는 오 팀장. 다른 팀원들은 범행 도구와 관련,10
2695,인물들을 앉혀놓고 리허설 중이다.,10
2696,하고 발랐어야 되는데... 그래도 체크가 유행이라 안 버리길,10
2697,"니들 보도국 카메라까지 들어오니까, 쪽팔리기 싫으면 알아서 얼굴",10
2698,"리고, 허약한 크로캅얘는... 통역 왔어? 통역왜안와?!",10
2699,자들 데려온다.,10
2700,팀원들은 헤어스타일과 옷매무새를 다듬으며 표정관리에 들어간다.,10
2701,대치중이다.,10
2702,"전 소장 어딨냐고?! 아가씨도 자꾸 이런 식으로 몰라요, 몰라요 그러",10
2703,단체가입 했다고 일방적으로 계약해지 통보하는 경우가 어딨어?! 밀린,10
2704,"악을 쓰는 사람들 뒤로 배 기사가 착잡한 표정으로 담배를 꺼내어 문다. 불을 붙이려는데, 라이터에 불이 안 붙는다. 되는 게하나도 없네",10
2705,"어느새 사람들은 모두 사라지고, 여직원도 퇴근하고, 화물차들만",10
2706,자리를 지키고 있다.,10
2707,아직도 안자?... 빨리 자야 아침에또 엄마랑 안 싸우지... 아빠 밥,10
2708,사무실 앞에 선 승용차에서 덩치 좋은 사무소장이 중개소 여직원과 낄낄대며 내린다. 이 뒤로,10
2709,내가 해지 한 거야? 본사에서 그렇게 하라는데 어떡해? 그러게,10
2710,지금 말로 하잖아? 내가 때려? 그럼 진단서 떼... 내가 몇 번을,10
2711,가방과 쇼핑백을 챙겨들고 나오던 중개소 여직원이 쓰러진 배 기사를 보고 피한다.,10
2712,뱉고 차에 타라고 손짓하자 재빨리 차에 올라타는 중개소 여직원,10
2713,전 소장의 차가 사라진다.,10
2714,"함을 본다. 꺼내보면, 서도철의 명함이다.",10
2715,도철이 매 지먼트사 대표 윤홍렬과 함께 안으로 들어간다. 안에서 지나치는 늘씬한 미녀들을 보,10
2716,드라마 자문 해준 사람이 이런 자리 와야지 누가 와?우린,10
2717,거 아냐. 내 말 들으면 자다가도 뭐가 생긴다? 떡이 생긴다.,10
2718,받지 않습니다. 다시 확인하시고 걸어주시기 바랍니다.,10
2719,걸어간다.,10
2720,"안에는 조태오와 드라마 ‘여형사 ’의 작가, 감독, 그리고 조태오의 지인 두 사람까지다섯",10
2721,선수 두 명이 팔씨름을 하고 있다.,10
2722,안의 사람들 모두 환호성을 지르며 팔씨름을 보고 있다. 테이블,10
2723,"장 올라와 있다. 홍렬이 도철을 인사시키려는데, 조태오가 먼저 환하게 웃으며 반갑게도 철과 악수를 나누고 하던 거 집중한다. 약간 썰렁해진 도철. 태오가 코를 킁킁거리는 모습을 유",10
2724,상황을 본다. 자신이 응원하던 선수가 밀리기 시작하자 태오가,10
2725,목에 핏대를 세우며 소리를 친다. 그래도 밀리자 태오가 피우던 담배를 상대 쪽,10
2726,"수 뒷덜미에 지진다. 순간, 상대선수가 놀라 힘이 빠지며 팔씨름에서 어이없이 꺾이자 모두 “에이",10
2727,장난이잖아 장난... 손님도 새로 오셨는데 자리 정리할까요?,10
2728,이번 드라마 ‘여형사 ’에서 자문 역할로 도움을 주셨던 우리의 강,10
2729,사람들이 환영하며 박수를 치자 어색하게 일어나서 인사하는 도철.,10
2730,"서 성형외과 운영하시는 김종원 박사님이시고, 옆에 형님은",10
2731,"주인공, 우리 알바트로스 엔터테인먼트의 든든한 지주! 곧",10
2732,도철이 조태오를 소개받자 약간 놀란다. 사람들 환호를 받으며 도철에게 술을 권하는 태오.,10
2733,막내와 태오 옆에 앉은다혜가 툭탁거리며 장난을 주고받는다.,10
2734,거슬린다.,10
2735,으며 쌍스런포즈를 취하는 태오. 엉망이 되어버리는 두 여배우.조태오의 이상한 광기에 사람들,10
2736,조태오 씨... 재밌게 사네... 근데 죄짓고 살지 마.,10
2737,형사랑 줄 있다고 애들한테 함부로 하지 말라 이거야? 무서워서,10
2738,윤홍렬이난처해하는 가운데 서로 기 싸움을 벌이는 태오와 도철.,10
2739,구름에 비 맞을지 모른다.,10
2740,오 팀장이 드는 벤치 프레스의 봉을 잡고 보조를 맞춰주는 도철. 딴생각 한다. 힘겹게 벤치 프레스를 드는 오팀장. 가슴으로 내리지 못하고 계속 파르르 떨며버틴다.,10
2741,"러닝머신 앞에 서는 도철과 오 팀장. 도철은 가볍게 세팅하고 걷는데, 오 팀장은 무리하게 올린다.",10
2742,옆의 젊고 몸좋은 형사들이 자연스럽게 뛰는 모습과 대비된다.,10
2743,갔다 와서... 사고... 많이 치고... 댕긴다고...,10
2744,... 사업하는... 애들... 사이서... 유... 명하...지... 아이고...,10
2745,도철의 말이 끝나기가 무섭게 오 팀장이 우당탕! 러닝머신에서 미끄러져 바닥으로 떨어져 주저앉 는다. 력단련실 안에 있던 사람들이 모두 오 팀장을 본다. 웨이트 하던 왕 형사가 달려온다.,10
2746,도철의 지시대로 일부러 그랬다는 듯앉아서 바로 스트레칭에 들어가는 오 팀장. 도철도 같이 앉,10
2747,입고 바로 사우나 하면 어떡하십니까?... 등이 부어 오르,10
2748,"상무가 보조석에 조태오가 뒷자리에 앉아있는 가운데, 경제학",10
2749,뉴스 브리핑을 하고 있다.,10
2750,지금 그게 중요한 게 아니라고... 갑자기 임원들 비상회의 소집을,10
2751,계열사 중역들이 모여든다.,10
2752,상무와 조태오가 차에서 내린다.,10
2753,"도착에 어수선한 로비. 임원들 회의 참석으로 일반사원들은 승강기 사용을 자제해 달라는 안내방송이 흐르는 가운데 조태오와 함께 빠른 걸음으로 로비를 걷는,",10
2754,각중역의 비서들이 자신이 모시는 중역들에게 패드를 건넨다. 최,10
2755,"화장실 칸에 들어간 중역들이 패드를 차고, 조태오도 패드를 착용한다. 패드를 착용하고 나오는 사람들. 조태오 바지가 꽉낀다.",10
2756,나이든 중역들과 함께 섞여있는 조태오. 태오의 누나와 형도 보인다.,10
2757,사람들 다 모아놓고 이렇게 갑자기 들어가 버리면 어쩌자는 거,10
2758,뒷좌석 모 터에 태오의 아버지 조 회장의 검찰출두 뉴스가 나오고 있다. 마스크를 쓰고지팡이,10
2759,어에 앉아 링거를 맞으며 등장하는 전형적인 재벌의 출두 모습.,10
2760,"보자고. 그게 또 주주총회도 열어야하고, 생각처럼 쉽게 넘",10
2761,받는 건데 우리 쪽엔 아무 정보가 없잖아요! 우리 정보력이 이거,10
2762,"이때울리는 태오의 전화벨. 확인해보면, ‘아파트모델’이란 이름과 함께 다혜의 사진이 뜬다.",10
2763,비원들과 실랑이를 벌이고 있는 모습이 보인다. 배기사 옆에는 배기사 아들도 있다.,10
2764,"그게 아니라, 하청업체에서 임금체불 됐다고 본사에 항의하러 왔",10
2765,지금 우리 이미지 관리 잘못하면 힘들어요. 말안새게 그냥 내 부에서 해결합시다.,10
2766,수많은 직원들의 시선을 받으며 기획조정실장실을 향해 가는 배 기사와 아들. 이 위로,10
2767,긴장한 배 기사가 응접테이블에 앉아있다.,10
2768,명의 수행원들이 문 앞을 지키고 있는 가운데 비서가 커피와 주스를 내어준다. 어,10
2769,모르며 찻잔을 받는 배 기사. 배 기사 아들에게는 사탕과 과자 선물세트를 준다. 사무실 한쪽에 태오가 키우는사냥개가 배 기사와 아들을 노려보고 있다. 리모컨으로 음악,10
2770,우리가 계약해지 한 게 아니잖아. 그쪽이 우리하고 계약했어?,10
2771,"기름값도 없어서 끼니 건너뛰면서 일하는데, 사무실에서는 본사",10
2772,손잡이가 빠졌네? 이런 상황을 어이가 없다 그래요. 황당하잖아.,10
2773,소장입니다.,10
2774,부르는 소리와 함께 전 소장과 배 기사에게 날아드는 글러브. 두 사람 모두 얼떨결,10
2775,다.,10
2776,상무가 직원들에게 손짓해 테이블과 의자들을 치운다.,10
2777,상무가 감시카메라 아래서 문자를 전송한다.,10
2778,조태오 사무실 집기들을 한쪽으로 치우는 모습이 모 터로 흐르다 꺼진다.,10
2779,합시다.,10
2780,"배 기사 아들이 놀라서 울먹이자 사냥개를 끌고 와 배 기사 아들을 안고 물러서는,",10
2781,"애 놀래잖아요... 괜찮아, 괜찮아. 어른들 다 이렇게 돈",10
2782,전 소장이 배 기사를 가로막으며 주먹을 날린다. 우당탕 쓰러지는 배 기사.,10
2783,"배 기사가 필사적으로 방어하며 잡고 늘어지자 이를 밀쳐내며 배 기사를 후려치는,",10
2784,상무가 배 기사를 일으켜 입속에 휴지 뭉치를 집어넣고 다시 전 소장에게 밀어준다.,10
2785,주저앉는다. 코와 입술에서 피가 터진 배 기사. 처참한 모습이다.,10
2786,"배 기사가 아들을 바라본다. 배 기사 아들을 데리고 가며 사람들에게 지시하는,",10
2787,도철과 오 팀장을 비롯한팀원들이 배식줄을서있다. 주변은경찰들로 시끌벅적,10
2788,의 예고편과 하이라이트가 흐른다.,10
2789,그나저나 우리 조카 땜에미치겠다. 연예인 된다고 여기저기 오,10
2790,키 너무 커도 싫더라. 요새 길거리에 그런 애들 천지에요. 오,10
2791,형사의 짧은기 싸움이 이어지는 가운데-나머지 팀원들은 아랑곳하지 않고배식 을 진행한다.,10
2792,"병원으로 거칠게 들어서는 도철. 저 멀리 의자에 앉아있는 배 기사 아들을 발견한다. 배 기사 아들에게 다가가는 도철. 배 기사 아들이 도철을 쳐다보고, 도철은 배 기사 아들이 들고 있던 자신의 명함을 본다. 배기사 아들 옆에 앉는,",10
2793,뒤편에서 경찰로 보이는 두 명의 남자와 대화를 나누던 배 기사의 처가 도철을 본다.,10
2794,경찰입니다.,10
2795,"이들 뒤로 조사하던 경찰들이 다가오자 경찰들에게 신분증 보여주는,",10
2796,메시지를 본다.,10
2797,화장실에서 입에 물었던 휴지를 빼내며 울고 있는 배 기사.,10
2798,수표를 본다. 배기사 아들은 배기사를 기다리고 있다.,10
2799,구석에서 눈물을 참으며 이를 악물고 문자 메시지를 보내는 배 기사.,10
2800,때문에 인간 이하 취급 받으면서 이렇게는 못 살겠다. 힘없는 놈,10
2801,있는 놈들 죄받게 하려면이 방법밖에 없다. 용서해라. ’,10
2802,경찰이 배 기사 가족들과 떨어져서 이야기를 나누고 있다.,10
2803,"임금체불 때문에 본사에서 항의하다가 비상계단에서 투신했는데,",10
2804,계단 난간에 몸이부딪치며 아래로 추락한다.,10
2805,왔는데 법적으로 이 양반이 신진물산하고 아무 관계가 없어요.,10
2806,하청업체하고 계약이 된건데 계약서도 임의 계약이라 애매하,10
2807,... 아빤... 나 땜에 택시도 못타고... 아빠... 잘못한 거 없는데...,10
2808,아저씨들하고... 우리 아빠 일 주는 소장님... 그 소,10
2809,기획조정실장 조태오의 프로필이다.,10
2810,울음보가 터진다.,10
2811,"개소리!... 아니, 아니... 누가 그래?! 절대 그런 거 아냐.",10
2812,애가 현장에서 다 목격을 했대요. 애도 놀라고 엄마도 놀라서 제,10
2813,라서 울기만 하더라고요. 근데어떻게 관련자진술에 그런 내용,10
2814,경찰에게 도철을 빨리 내보내라고 사인을 준다. 경찰이고 피 의자고 도철에게 약간 짜증이 나있다.,10
2815,아니 새로운 증언이 나와서도와주려고 이러는 거 아닙니까?,10
2816,식구들 손발 모자라서 이러고 있는데 사건청탁이나 하고 있고,10
2817,지금 말 다했어요?! 청탁이라니! 수사협조 해주는 거 아냐?!,10
2818,앞에 선도철. 건물이 주는 위압감에 도철이 왜소해 보인다. 계속 밀어붙,10
2819,내부를 훑어보고 있다. 이미 바닥청소가 되어있는 상태다.,10
2820,-도철이 돌아보는 시선을 따라 수술실에서 수술을 마치고 나오는 배 기사의 모습이 보,10
2821,계단을 살피는 도철. 사무실 쪽으로 가려고 문을 여는데 비상계단으로 나오던,10
2822,실장님하고 친한 사이랍니다.,10
2823,상무님이시구나... 그럼 우리 태오보다 높으신 건가?...,10
2824,안하셔도 됩니다.,10
2825,일없습니다.,10
2826,분들께서는 참고하시기 바랍니다. 다시 한 번 말씀드립니다... ”,10
2827,리겠습니다.,10
2828,"하는데 조태오가 수행원들과 함께 승강기에서 내려 로비를 가로질러 간다. 이를 발견하는,",10
2829,"조태오가 돌아보려는데, 순식간에 수행원들이 태오를 둘러싸",10
2830,"알아보고 소동에 눈살을 찌푸리며 지나간다. 도철을 말리는,",10
2831,"상무와 경비원들, 그리고 법무팀 직원들이 모두 도철을 잡는다.",10
2832,따위는 안중에도 없이 수행원들의 호위를 받으며 나가는 태오. 궁금한지 옆에 있는,10
2833,보호를 받는 태오는 다가가기 힘든 상대다.,10
2834,목을 잡고 드러눕는다. 완전히 진상부리는 도철을 들고 나가는 사람들.,10
2835,상무가 서둘러 태오를 뒤따라 나간다.,10
2836,"상무가 서둘러 밖으로 나오는데, 태오를 태운 차가 출발해버린다.",10
2837,돌아서 간다.,10
2838,한명은 매트 위에서 코치를 하며 태오를 지도해주고 있다. 상대가 잘,10
2839,"오의 결재를 받기 위해 기다리고 있고, 태오의 사냥개도 이를 지켜보고 있다.",10
2840,지금 나 무시하니? 이런 식으로 하라고 월급 주는 줄 알아?,10
2841,조태오가 움찔한다. 움찔했던조태오와 눈이 마주치는 스파링,10
2842,한다. 분이 안풀린 태오의 공격이 점점 거칠어진다.,10
2843,선수가 바닥을 치며 탭을 하는데도 계속 힘을 준다. 이를 보고 있는 사람들 모두 태오의 광기에 얼어붙는다. 우두둑-끝내 선수의 팔을 부러뜨리는 태오. 선수는 “으아악!!!”,10
2844,을 지르고-사냥개는 짖어대고-팔이 부러져 덜렁거리는 선수가 부축을 받으며 몸을 일으킨다.,10
2845,잠시 후-직원들이 대형 모 터를 끌고와 웨이트 트레이닝을 하는 태오 앞에 설치한다.,10
2846,하나는 사냥개를 돌보느라 쩔쩔매고 있다. 태오가 광고영상을 보는 동안 최,10
2847,"가 급하게 들어선다. 여자 트레이너에게 수건을 빼앗아 땀을 닦는,",10
2848,심의 일정이 촉박해서 이번만 광고 내보내고 조정하겠습니다.,10
2849,좀프레쉬한 애로 바꿉시다.,10
2850,요즘에사악한미녀들에서 막내로 나오는 애 매력 있던데...,10
2851,상무가 이들 뒤로 다가선다.,10
2852,혹시 광역수사대 서도철 형사라고 알아? 개인적으로 안다고 찾아,10
2853,조 실장하고 개인적으로 친하다고 도움 줄 일 있으면 돕겠다면서,10
2854,서 생긴 상처들이 자연스러우니까... 담당의사 소견으로는 깨어날,10
2855,여전히 산소호흡기에 의지해 누워있는 배 기사. 간호사가 환자들을 확인하고 나간다. 이 위로,10
2856,먹으며 식료품을 사들고 전화통화를 하는 도철. 병원으로 들어선다.,10
2857,상무를 만나고 있다.,10
2858,주세요. 용기 내셔야 합니다.,10
2859,의자에서 불편하게 잠든 배 기사 아들이 뒤척인다.,10
2860,서도철 경사님. 서로 조심합시다.,10
2861,나랑 나가서 얘기합시다.,10
2862,"상무의 차가 병원을 빠져나가고, 이 뒤로 도철이 달려온다. 도철을 잡고 상황을 설명하는,",10
2863,그나마 신진이니까 기업 이미지 차원에서 병원 입원도 시켜주고,10
2864,그걸 변호사가 제대로 따져서 받아야지 왜 경찰이 중간에서 다리,10
2865,변호사가 따지고 자시고 할 게 뭐가 있어요? 투신자살 시돈데...,10
2866,"서울 시내 한복판에서 사람이 투신해서 저러고 있는데, 신문 기",10
2867,왜 남에 관할에서 자꾸 소설을 써? 우리도 다 조사해서 맞춰봤다,10
2868,우리가 돈이 없지 가오가 없냐? 수갑 차고 다니면서 가오 떨어질,10
2869,여1)의 브리핑을 받고 있다. 마치 조태오가 과외학습을 받는 분위기다.,10
2870,이곳이 인도 바이입니다.,10
2871,"했을 때, 정부가 추진하는 인도와의 경제협력 기조에도 큰영향 을미치게 됩니다.",10
2872,교수가 얘기하는 동안 울리는 조태오의 휴대폰. ‘아파트모델’이란 이름과 함께 다혜의 사진이,10
2873,"하는데, 다시 울리는 태오의 휴대폰. 이어지는 말을 신경 쓰지 않고인상쓰며 전화 받는,",10
2874,창밖에서 조태오의 사무실이 보인다. 자리를 비켜주는 교수들.,10
2875,중년 남자들이 활기차게 축구를 하고 있다. 이들 사이에서 맹활약을 펼치는 관할,10
2876,"경찰과 반장, 운전비서가 조기축구회 본부석에서 축구팀 새 유 폼을 박스로 나르고 있다.",10
2877,서장과 인사를 나눈다.,10
2878,었습니다.,10
2879,서장에게 ‘오늘 구장 죽인다! ’며 감사 인사를 하고 간다.,10
2880,별말씀을... 덕분에오랜만에 선배님도 만나고. 그나저나 조 실장,10
2881,아버님 회사 일 때문에 복잡하실 텐데... 회사에서 안 좋은,10
2882,제가좀 더잘해야 하는데 많이부족합니다.,10
2883,니다.,10
2884,지금 광수대에서 개인행동을 하는 친구가 하나 있다는데...,10
2885,맙시다.,10
2886,올려놓는다.,10
2887,"주연이 할머 와 손자를 상담하고 있는 가운데 이 옆으로 다가오는,",10
2888,상무와 커피를 마시며 앉아있다.,10
2889,아서요... 그게 과연 누구한테 도움이 되는지도 모르겠고...,10
2890,수있습니다.,10
2891,서로 도움이 되는 방향을 고려해주셨으면 합니다.,10
2892,생각보다 안 들어가더라구요... 봐 이거 얼마나 되려나?...,10
2893,거린다.,10
2894,그럼 굳이 왜 여기서 주시는 거예요? 이거 영수증 드려야 되나?,10
2895,이러다 후회하십니다.,10
2896,이양반아. 내가 그인간하고 결혼하고 내 인생이 후회야. 더,10
2897,백을 던진다.,10
2898,살진 않게 해준다고 그랬지? 근데 회사까지 사람들 찾아와서나 쪽팔,10
2899,오 팀장을 비롯한팀원들 모두 주연을 보고 어색하게 인사하며 눈을 피해 뭔가바쁜척 한다.,10
2900,신진물산인가 뭐시긴가 하는데서 나 찾아왔더라. 우리 도와준다,10
2901,"그건당신이 형사니까 알아서 찾아내시고, 당신이나 나나 서로 각자",10
2902,(자신이 할 말을 끝내고 나가려다 도철이 “야! ”하고 소리치자도,10
2903,졌을때 흔들리더라... 나도 사람이고 여자야. 알았어?!,10
2904,"즐거워한다. 이러는 사이 밖에서 소란스러운 소리가 들린다. 태오가 돌아보면, 서도철이 지배인들과 실랑이를 벌이며 안으로 들어서려고 하고 있다.",10
2905,하는데 도철이 지배인을 밀쳐버린다.,10
2906,"걷어차 버리는 도철. 다른 비서들과 함께 태오옆 테이블에서 식사를 하다가 도철을 막아서는,",10
2907,상무의 손을 꺾은뒤 테이블에 꽂아버리는 도철. 와장창-테이블,10
2908,상무. 도철이 태오 앞으로 다가선다. 실내에 있던 사람들 모,10
2909,외국에서 오신 손님들 앞에서 지금 너무무례한거아녜요? 이,10
2910,"조태오, 폭행사주 처벌 얼마안해. 그냥 제대로 사과하고, 피해",10
2911,상무를 경멸어린 눈으로 본다.,10
2912,"고했는데, 다들 데스크에서 포털에안 띄웠다네. 근데 이거 그냥",10
2913,그게 아니라니까... 작업할 수 있게 조태오 관련정보증권가 찌라,10
2914,... 투신 전에 폭행사건이 있었던 것같아. 조태오가 직접,10
2915,"근데 관할서에서는 빨리종결하려고 하고, 나도 담당이 아니니까 어떻게 방법이 없네... 여론몰이하면 밀어붙일 수도 있는데...",10
2916,상무의 차가 전 소장의 아지트 입구 앞에 선다.,10
2917,부른다.,10
2918,버려진 소파에 앉아양꼬치를 구우며 소주를 마시는 전 소장에게 말을,10
2919,상황이 생각보다 복잡하게 돌아가네. 우리가 경비는 책임질 테니,10
2920,좀 쐬고 들어옵시다.,10
2921,이양반들이 또 뼈에 사무치는 소리 늘어놓고 계시네... 나도 피,10
2922,"나도 듣는 귀가 있어요, 상무님아... 나 이래봬도 맘모스 파식구",10
2923,"다이고생하는 거 아뇨?... 여기 배고프고 성실한데, 겁",10
2924,들 많아. 배타고 넘어오기 전에 지네 살던 데서도 주민등록 같은,10
2925,확실하게 없애고 나가주는 게 서로 좋지 않아요? 어차피 그 형사,10
2926,상무와 비서가 달려와 태오의 차 문을 연다. 차에서 내려 입구로 들어가는 태오의 전화벨이 울린다.,10
2927,전화를 확인하는 태오. ‘아파트모델’이란 이름과 함께 보이는 다혜의 사진.,10
2928,만나고 왔는데... 어쩌고... ’눈치 없이 보고하는 최,10
2929,그렇게 말하지 말아요. 나도 전화하고 싶어 한 거 아니니까. 나...,10
2930,다혜가 차가운 표정으로 전화기를 들고 태오의 말을 듣고 있다.,10
2931,환자가 침대에 실려 엘리베이터를 타려는데 경호원둘이 막아서고 엘리베이터 문을 닫는다. 엘리베이터에 타지 못한 사람 중에 배 기사의 처도 보인다.,10
2932,명성일보에 한동안 끊었던 광고 다시 트고 기사 막았다.,10
2933,죄송합니다.,10
2934,조 회장이 말없이지팡이를 들자 깍지까지 끼고 엎드리는 최,10
2935,지켜보고 있다.,10
2936,원이! 구타당해서 투신을 했다는데! 니들이 지금 회사 돌아가는,10
2937,죄송합니다... 책임지고 회사에 누가 안 되도록 해결하겠습니다.,10
2938,통화기록하고 이메일까지 다 확인했는데 외부 기자와접촉한 흔,10
2939,없습니다.,10
2940,‘서 형사 미안해. 데스크가 꿈쩍도 안 해. 신진에서 움직이고 있 어. 서 형사도 적당한 선에서 빠져. 위험할 것같다. ’,10
2941,(문을 잠그고 중개소 여직원 휴대폰을뒤져보니 전 소장과 함께,10
2942,까? 나한테 잘못걸려서 3대가 감옥에서 오붓하게 살고 있는 집,10
2943,케이스를 꺼내가루를 터는데 비어있자 케이스를 집어던진다.,10
2944,상무가 절룩거리며 주차장으로 다가온다. 조태오의 차를 보고 다가가는 최,10
2945,상무가 노크를 하고 차문을 연다.,10
2946,케이스를 자기 주머 에 넣고 차에 오른다.,10
2947,아요. 진행합시다.,10
2948,... 조 실장... 태오야. 그거 너무 위험한 선택이다.,10
2949,이 집안에서 버텨내려면 알아서 강해지는 수밖에 없어요. 이런,10
2950,양복입은 두 남자가 복도를 걸어가 강력팀 문을 연다.,10
2951,오 팀장이 강력팀에 와있는 두 명의 양복쟁이에게 양해를 구하며 통화를 이어간다.,10
2952,"복도로 나와 빠른 걸음으로 주위 눈치를 살피며 통화하는,",10
2953,"하는데 뒤에서 누군가 오 팀장의 어깨를 잡는다. 돌아보는 오 팀장의 전화기를 뺏어 드는,",10
2954,"팀원들이 초조하게 서성이고 있는 가운데, 오팀장이 어디론가 전화를 한다.",10
2955,"카메라가 돌고 있는 가운데 도철이 감찰반 1,2에게 조사를 받고 있다.",10
2956,PC에서 인터뷰가 흐르고 있다. 궁지에 몰리는 도철과 이를 압박하는 감 찰반들의 대결 기류가 실내를 채운다.,10
2957,"여기 멍, 멍... 이게 많이 가신 거라고. 병원에서 진단도 못 받게",10
2958,패는데... 묵비권이니 변호사 선임이니 그런 거알았으면 이러질,10
2959,경찰병원에서 러시아 전문가가 머리 상처를 카메라에 보이고 있다.,10
2960,다.,10
2961,미란다 고지고 뭐고 의식을 잃고 깨어나 보니 경찰서에 잡혀와,10
2962,때 저하고 움직이던 놈 기억하시죠? 감찰계에서 이놈을 감찰한다,10
2963,"감정적으로 이러지들 마시고. 서 형사님, 부인께서 신진물산 최대",10
2964,해서 서 형사님이 담당도아닌데 파고든다는 첩보도 있고. 우리,10
2965,낮에도 조태오 실장 찾아가서 협박했지? 당신이 신진 찔러 대서 떡고물이라도 챙기려는바람에 지금 신진물산 관할서 식구,10
2966,"한번 벗게 해줘? 당신가족들, 광수대 식구들, 한번 탈탈",10
2967,우리 청장님 직속인 거 몰라서 이래요? 청장님하고 통화하셨단,10
2968,저기... 이거 진짜 제가연락한 거라고 하시면 안돼요... 지금 소장,10
2969,"중개소 여직원의 시선을 따라 화면 빠지면, 전 소장이 보이고, 그",10
2970,살수 둘이 칼을 들고 있는 모습이 보인다. 여직원에게 손가락으로 오케이 사인을 보내는 전 소장.,10
2971,고 돌아버리는 것도 알겠는데... 지금까지 대기업 회장 라인은경,10
2972,"쫄지 마, 씨바. 안 죽어. 판사는 판결로 죽이고, 형사는 조서로 죽",10
2973,야이 새끼야! 막말로 이게 니사건이야? 서대문서 내 동기 재작,10
2974,전 소장의 아지트 골목으로 들어서는 도철. 휴대폰을 확인하며 골목 안으로 들어간다.,10
2975,전 소장의 아지트 건물로 들어서는 도철. 계단에 달린 철문을 수갑으로 채운 뒤 안으로 들어간다.,10
2976,형사가 양 옆으로 선다.,10
2977,"소리와 함께 문이 열린다. 동시에 도철이 치고 들어가려는 순간, 도철보다 먼저 튀어나온",10
2978,으로 끌고 들어가려한다.,10
2979,살수 둘이 당황해 서있다.,10
2980,도철이 벽에 걸린 거울을 집어던지며 안으로 치고 들어간다. 난감해하며 따라 들어가는 오 팀장.,10
2981,칼잡이 1을 쓰러뜨리고 수갑을 채운다. 칼잡이 2와위험한 대결을 벌이는 오 팀장.,10
2982,! 엉뚱하게 밀리자 창을 부수며 밖으로 나가는 전 소장.,10
2983,사이로 기어올라 옥상으로 향한다.,10
2984,"전 소장이 욕을내뱉고 달리며 어디론가 전화를 거는데, 전화를 받지 않자음성",10
2985,사서함에 메시지를 남긴다.,10
2986,도철이 바짝붙은건물벽을 따라 옥상으로 올라간다.,10
2987,착지! 도철이 욕을내뱉으며 뒤따라 뛰어내리는데-퍽! 전 소장이 구석에 놓여있던 빨래판으로,10
2988,전 소장이 떨어진 도철을 보고 다시 달린다.,10
2989,"속 달리는데, 퍼억!-연이어 등장한 미스 봉의 시원한 킥이 작렬 ! 전소장이 바닥을 구른다. 뒤에서 나타난 도철이 전 소장을 덮친다.",10
2990,"알았어, 알았어... 다 줄게요!!! 죽이지만 말아요!!!",10
2991,예? 형사요? 그럼 경찰이라고 말씀을 하셨어야죠! 전 저한테 돈,10
2992,전 소장의 핸드폰이 울린다. 전 소장을 꼼짝못하게 누르고 전소장의 주머 에서 핸드폰을,10
2993,앉는 전 소장. 피곤에 절은 도철이 전 소장을 노려보고 있다. 전 소장과 조선족,10
2994,수들은 바짝긴장해 취조를 받는 중이다.,10
2995,"몇 번을 말해요... 전 이 사람들한테 감금당해 있었고, 최",10
2996,살수들을 쥐어박는다. 우당탕탕 하는 사이 문이 쾅! 열리고 총경이 들어온다.,10
2997,"미스 봉이 의자를 들고 전 소장을 찍으려다 총경의 기세에 눌려 슬며시 내려놓는다. 전 소장을 알아보고 씩씩거리며 다가와 전 소장 앞에 서서 따귀를 짝-날리는,",10
2998,뭐하고 있었어?! 쪽팔리게 경찰이 이런 것들한테 당해도 돼?!,10
2999,뒤에 빽줄이 있습니다.,10
3000,"임질 테니까, 막내 수술대내려오기 전까지 사주한 새끼 내앞에",10
3001,뒤집혔다.,10
3002,화를 참지 못하겠는지 골프채를 들고 씩씩대며 때리지도 못하고 부르르 떤다.,10
3003,-눈치 없이 짓는다.,10
3004,"상무가 놀라서 움찔하고, 태오는 눈이 뒤집혀 사냥개를 패 죽인다.",10
3005,"아, 네... 제가 진작 찾아뵀어야 하는데 경황이 없어서 죄송해요...",10
3006,"아이고, 뭐가 죄송하세요. 이런 거사오지 마시지. 배기사님은",10
3007,병원에만 계시면 병나요. 이렇게 바람이라도 쐬러 나오셔야지. 바,10
3008,"사람인데... 마지막이라고 생각하고 썼다고 해도, 이 사람이 원래",10
3009,문자들을 본다.,10
3010,전에 메시지들이 확연한 차이가 난다. 계약해지 문자도 보인다.,10
3011,마지막 메시지와는 달리 얼마 안 되는 이전 메시지들은 단문 위주고 그나,10
3012,태오가 고개를 숙이고 앉아있다. 무거운 얼굴로 태오와 마주앉아 있는 조 회장. 시계를 본다.,10
3013,상무. 특실 앞을 지키는 경호원들과 인사하고 안으로 들어간다.,10
3014,응하고 있습니다.,10
3015,의외로 미소까지 지으며 차분하게 나오는 조 회장의 태도에 더욱,10
3016,"현장에 있었던 친구들도 끝까지 말을 맞추지 못하면, 자기들이",10
3017,가능한 상황입니다.,10
3018,보면 네 아버지 생각나. 우직하게 일하는 게 부자가 똑같아.,10
3019,가 너나네부친한테 면목이 없다.,10
3020,대웅아... 우리 식구지? 이번에 대웅이가 우리 식구 노릇,10
3021,상무의 표정이 어둡다.,10
3022,달러지폐가 다발로 들어있다.,10
3023,"달라로 받아서 일처리 끝나면 외국으로 튀려고 했네, 이거. 여권",10
3024,기록도 좀 필요하다.,10
3025,상무의 차가 들어선다. 홀로 차에서 내려 광역수사대로 저벅저벅,10
3026,"대웅이 니가 안아줘라. 나 담당하는 변호사들 너한테 한명도빠 짐없이 붙일 거야. 좀 피곤하기야 하겠지만, 결국집행유예로 정",10
3027,"이번 일 끝내면 신진 모터스 핸들, 대웅이 니가 잡아. 니 아버지",10
3028,상무가 오 팀장의 조사를 받고 있다.,10
3029,상태에있습니다.,10
3030,광수대 총경이 모 터로 조사실 상황을 지켜보며 메신저를 보낸다. “살살해 ”,10
3031,다.,10
3032,그래서 내가 자수하러 왔잖아요. 더크게 벌리지 않으려고.,10
3033,오 팀장이 잡은 손을 기분 나쁘게 쳐다보는 총경. 오 팀장이 놀라서 얼른 손을 놓자 총경이 문을 쾅! 닫고 나간다.,10
3034,우리가 왜 옷을 벗어? 쟤네들 쫄아서 저런 식으로 나오는데? 여 기서 손 털면 우리 진짜 쟤들한테 당하는 거 밖에 안 돼!,10
3035,시간이 보인다.,10
3036,사건이 첨부터잘못됐다니까. 하루만 시간 벌어줘. 아니면 내 집,10
3037,잘해. 당신 정말 자수 할 거야? 배 기사 폭행사주에 경찰,10
3038,이런 얘기할거면 정식으로 합시다.,10
3039,여기 내 구역이야. 까불지 말고 앉아있으라고! 당신이 뭘로 자수,10
3040,태워서보냈어. 근데 배 기사는 너무 분하고 억울했지. 그래서 다,10
3041,흥분한 배 기사가 방문을 열고 들어온다.,10
3042,"떠나지 않은 전 소장과 수행원들이 함께 있는 가운데, 배기사를 보는 최",10
3043,배 기사가 받은 돈을 뿌려버린다.,10
3044,시끄러운 상황에열 받은조태오가 사람들을 헤치며 배 기사를 폭행하기 시작한다.,10
3045,조태오는 사람들을 뿌리치며 배 기사를 잡아 거칠게 폭행하다 기술을 걸어 넘겨버린다.,10
3046,모서리에 머리를 부딪치고 바닥에 떨어지며 이중 충격을 받는 배 기사.,10
3047,의식을 잃은 배 기사를 보고 당황하는 사람들. 조태오도 어이가 없어 굳은 표정으로 웃는다.,10
3048,수행원을 노려본다.,10
3049,상무가 의식을 잃은 배 기사를 끌고 온다. 배 기사의 주머 에서 휴대폰을 꺼내 문자를 전송하고 손수건으로 지문을 닦아내는 최,10
3050,사를 아래로 떨어뜨린다.,10
3051,배 기사는 투신을 한 게 아니라 당신들이 투신으로 위장한 거야.,10
3052,에스프레소를 마시며 어지럽혀진 사무실을 청소용역들이 정리하는 모습을 보고 있는 태오.,10
3053,운동한사람들이 겁이 많아요. 저 친구 전화로 119에 1차 신고 기록이 돼있더라고. 바로 끊겨서 119가콜백까지 했는데 접수는,10
3054,선수도 있지. 지금 구치소에 같이 있는 전 소장도 먼지가,10
3055,... 생각보다 많이 순진하시네... 이 사람아. 장사꾼들은,10
3056,조 실장 내일 새벽이면 싱가폴로 떠. 출국금지 신청도 못할 텐데,10
3057,조태오가 헤어 커팅을 받고 있는 뒤로 태오의 경호책임자가 전화를 받는다.,10
3058,어떠신지 해서... 조 실장 나가면 좀 한가해지시겠네. 편할때연,10
3059,형사가 들어오는 것이 보인다. 주위를 두리번거리며 잽싸게 화장실로 들어가려는,10
3060,뺑끼 쓰지마새꺄.조태오 경호팀에 있었던 애가 다 불었어. 그,10
3061,고. 좀 알아보고 덤볐어야지. 조태오는 정식으로 결혼하기 전까지,10
3062,"형님, 진짜 전 몰랐어요. 최근에다혜가 말해서 그런가보다 하",10
3063,"맞아요, 맞는데 진짜 왜 이러시는 건데요... 연애하는 게 무슨",10
3064,여자 애들 조태오가 하는 파티에 자주 갔었지? 파티에서 애들 주,10
3065,... 형님... 저는 진짜 그 동안에 애들 소개만 시켜준 겁니다. 주사,10
3066,다 좋아. 그렇다 쳐. 근데 지금 이정도 증언 가지고는 체포영장 못 받아. 그렇다고 동네 양아치들처럼무턱대고 잡아왔다가 뒷감,10
3067,어떡하려고 그래? 당장 내일 새벽에조태오 싱가폴인가 어디,10
3068,현행범으로 체포할수있습니다.,10
3069,받았습니다.,10
3070,김종원이라고 조태오랑 친한 의사 하나가 자기 병원에서 마약성,10
3071,왔습니다.,10
3072,-펜트하우스 파티장에서 조태오와 만나 앰플을 담은 가방을건네는 김,10
3073,파티에 모인 사람들이 모두 취해있다.,10
3074,인맥관리를합니다.,10
3075,"도철이 말을 끝내고 지원요청을하듯쿡찌르자 정신 차리고 말을 잇는,",10
3076,주부 도박단처리하라 그랬다.,10
3077,"버님 상당했을 때 장지까지 따라가고, 장인 장모 상도 나하고 우",10
3078,나 있었잖아요! 나 지금도 비 오면 쑤셔서 잠을 못 자.,10
3079,니들 주부 도박단처리하라 그랬다.,10
3080,"오 팀장의 차가 지구대 주차장으로 들어선다. 차에서 내리는,",10
3081,도심에어둠이 깔리며 저녁에서 밤으로 바뀐다.,10
3082,파킹맨으로 위장해 건물을 살피고 있다. 미술관으로 사용되는 펜트하우스건물은오픈하지 않았는데도 경비가 삼엄하다.,10
3083,형사가 펜트하우스건물로 들어가는 차들을 확인하며 사진을 찍는다.,10
3084,형사의 카메라에 찍힌다.,10
3085,"팀원들과 파출소 순경들은 저녁을 시켜먹고 있다. 눈치 살피며 어렵게 말을 꺼내는,",10
3086,배를 까뒤집어 상처를 보인다.,10
3087,순경 둘의 표정이 급 침울해진다. 눈가에 눈물이 고인 채,10
3088,... 여보... 나야... 목소리 듣고 싶어 전화했어... 애는 안 보채?...,10
3089,경비원들의 안내를 받으며 주차장 쪽으로 차를 몰고 이동하는 김,10
3090,"원장의 차가 주차장으로 들어가는 것을 확인하고 무전 하는,",10
3091,확인했습니다. 주차장 진입합니다.,10
3092,빠른 속도로 펜트하우스를 향해 가는 차량 한대. 경비원들이 막아서는 것을 뚫고 주차장 쪽으로 빠르게 진입한다.,10
3093,형사. 다혜의 모습이 찍힌다.,10
3094,원장이 경호책임자와 함께 펜트하우스에 도착한다.,10
3095,원장. 사람들과 인사를 한다.,10
3096,원장이 가방을 들어 보인다. 조태오가 씨익웃으며 구석으로 안내한다.,10
3097,들어있다.,10
3098,"다른 경호원이 경호책임자에게 다가와 뭔가 보고하고, 경호책임자가 서둘러조태오에게 뭔",10
3099,다혜가 경호원과 함께 펜트하우스를 들어오고 있다.,10
3100,원장을 따라간다.,10
3101,열리며 다혜가 밀려들어온다. 문을 닫으며 인까지 걸고 서는 태오.,10
3102,막내 앞에서 주사기를 꺼내든다. 수 은 표정으로 팔을 내미는 앳된,10
3103,수 없다.,10
3104,으아아악!!! 저기... 여기 건물에서 사람이 죽어요!!! 성폭행에...,10
3105,"예? 폭력사건이요?... 예, 출동합니다.",10
3106,집에서 키우는 강아지가 거울 보면 그렇게 놀란단다. 자기가 사,10
3107,앞으로 순찰차와 오 팀장의 차가 도착한다. 경호원들이 밖으로 나와 경찰들을 맞이한다.,10
3108,형사가 길을 건너 펜트하우스건물을 향해 달려간다.,10
3109,다혜를 폭행한 조태오가 계단을 빠르게 내려간다. 다혜가저항을 했는지 얼굴에 상처가 나있다.,10
3110,"원장을 찾아 뭐라고 얘기하는데, 경호책임자가 태오에게 다가온다.",10
3111,쪽으로 향한다.,10
3112,원장이 문을 열고 들어선다.,10
3113,원장. 일단 심폐소생술을 실시한다.,10
3114,"경호책임자와 함께 건물입구에서 경찰들이 도착한 것을 확인하는,",10
3115,112 신고고 나발이고 여긴 그런 일 없다 그러고 영장 없으면 무,10
3116,"서도철이 밀치고 들어가려는데, 입구 경호원이 도철을 잡아 던진다.",10
3117,형사가 달려들어 입구 경호원을 밀쳐낸다. 동시에 “막아! ”,10
3118,"은 뭔가 꺼내려는데 경호원들에 붙잡혀 들리고, 도철은 이 와중에 빠져나가 안으로 들어가고, 윤",10
3119,소리치며 드러눕는다.,10
3120,"형사가 위기에 빠진다. 순간, 이들 뒤에서 나타나 몸을 날리며 왕",10
3121,소리에 깜짝놀라 싸우던 사람들 모두 몸을 움츠린다.,10
3122,와 형사들을 막는다. 경호원들을 상대로 싸우는 형사들. 오 팀장이 다시 권총을 꺼내려는데 입구 경호원이 오 팀장을 잡고 밀어붙이자 오 팀장이 또 권총을 빼들지 못한다.,10
3123,하고 주차장을 향해 가는 경호원들을 쫓는 도철. 이 뒤로 탕!-다시 울리는 총소리.,10
3124,결투! 화가 난도철이 경호원들의 급소를 차고 찌르고 꺾어대며 쓰러뜨,10
3125,뒤에서 쿵!-도철을 덮치는 경호책임자! 도철이 바닥을 구른다. 도철에게 고급 레스토,10
3126,승강기 문이 열리며 조태오가 주차장으로 나타난다. 태오를 보고 눈이 돌아가는 도철. 태오가 자신의 차를 향해가며 경호책임자에게 잡혀있는 도철을 보고 씨익웃는다.,10
3127,뒤로 경찰들이 들어선다. 약과 술과음악에 취한 사람들은 쓰러진 경호원과경찰들에게 아무도 관심을 두지 않는다.,10
3128,"오 팀장이 허공에탕! 위협사격을 가하는데, 사람들은 효과음인 줄",10
3129,어 던진다. 찌잉-귀를 찢는 소음. 사람들 놀라서 돌아본다. 눈,10
3130,미스 봉이 여기저기를 뒤지다가 계단 위로 올라간다. 방문을 열고 들이닥치는 미스 봉. 바닥에 쓰러진 다혜에게 인공호흡을 하는 김 원장이 보인다.,10
3131,원장의 모습이 마치 성폭행하는 모습으로 보인다. 미스 봉을,10
3132,"가까스로 경비책임자의 급소를 쳐내 밀쳐내는 도철. 마무리 공격을 힘겹게 펼쳐 경비책임자를 쓰 러뜨리고 조태오 쪽을 보는 순간, 바앙-! 굉음을 울리며 빠른 속도로 주차장을 빠져나가는 태오 의 차. 도철이 태오의 차를 쫓는다.",10
3133,"주차장 입구를 순찰차 두 대가 막아서는데, 바아앙-! 빠른 속도로 안에서 달려 나오는 태오의 차. 순찰차 안에 있던 경찰들이 달려오는 태오의 차를 보다가 멈출기색이 없자 당황한다.",10
3134,"두 대가 다가오는 가운데, 속도를 멈추지 않고 달리는 태오의 차. 앞서오던 순찰",10
3135,"오의 차를 피하며 쓰러지고, 순찰차 역시 태오의 차를 피하려다 태오의 차와 부딪치며 길가로 쳐 박힌다. 뒤에 오던 오토바이도 바닥을 뒹굴고-태오의 차는 이들을 스치며 계속 달린다.",10
3136,둘을 치고 나간다. 앞에서 차량을 안내하던 마지막 경찰관이 이를 피 하지 못하고 태오의 차에 치이며 매달린다. 경찰관을매달고 그대로 달리는 태오. 얼굴,10
3137,기괴해 보인다. 경찰관이 삼단봉을 꺼내 태오에게 휘두르자 이를 빼앗아버리는 태오.,10
3138,택시 기사들 몇몇이 차에 올라 태오의 차를 쫓는다.,10
3139,하던 차량이 태오의 차 때문에 엉켜버린다. 아슬아슬하게 엉킨,10
3140,핸들을 팍-꺾으며 택시를 위협하는 태오. 본능적으로 피하는 택시. 이때,10
3141,태오의 차를 포위하며 달린다. 피했던 택시가 앞으로 치고 달려 태오의 차를 가로막는다. 다른,10
3142,오토바이를 몰고 달려오던 도철이 후진하는 태오의 차를 향해 돌진한다. 오토바이를 쓰러뜨,10
3143,오토바이가 미끄러지며 후진하던 태오의 차 밑으로 깔린다. 태오,10
3144,오토바이를 타넘으며 끼이익-멈춘다. 바닥에서 바퀴가 떠버려 오도가도 못,10
3145,주위 상가 술집에서 늦게까지 술을 마시던 사람들이 웅성거리며 태오의 차 주위를 둘러싼다.,10
3146,"신분증을 꺼내 보이며 태오의 차를 향해 간다. 태오를 향 해가는 동안 주위 시민들과 거리 CCTV 카메라를 확인하는 도철. 태오가 삼단봉을 들고 차 밖으로 나온다. 구경하던 사람들 모두 핸드폰을 꺼내이 광경을 찍는다. 태오를 쫓던 택시기사가 태오를 잡으려하는데, 광분한 태오가 택시기사를 향해 삼단봉을 겨누고 휘두른다.",10
3147,서 불리하게 작용할수있습니다.,10
3148,"CCTV 카메라와 시민들의 카메라에 태오가 도철을 폭행하는 모습이 그대로 담긴다. 참다못해 달려들어 삼단봉을 쳐내어 막아내며 주먹을 치켜세우는,",10
3149,당했던 택시기사가 바닥에 떨어진 삼단봉을 얼른 발로 차 자동차 밑으로 숨긴다. 주위 시민들과 카메라를 보고 한숨을내쉬며 주먹을 거두는 도철. 퍽!조태오의 주먹이 도철을 때린다. 이어지는 태오의 공격,10
3150,바닥을 구른다. 쓰러진 도철을 보고 비웃으며 돌아서는 태오. 이위로,10
3151,"태오가 돌아보면, 도철이 바닥에 떨어졌던수갑을 들고 있는 힘을 다해 일어나고 있다.",10
3152,"태오가 도철을 비웃으며 빠져나가려는데, 구경하던 시민들이 태오를 둘러싼다.",10
3153,"운동복과 택시 기사 등이 카메라를 가려주고, 시민들도 카메라를 치운다.",10
3154,정당방위다.,10
3155,"태오가 휘두르는 주먹을 머리로 들이받는 도철! 빠각! 태오의 주먹이 부러진다. 머리가 아프지만,이 틈을 이용해 태오의 하 를 공격하는 도철! 휘청하는 태오를 잡아채온힘 을 다해 함께 태오를 집어 넘겨 함께 바닥을구른 뒤 태오를 짓누르는 도철. 태오가 도철과 뒤엉",10
3156,"켜 구르며 도철을 마구 폭행한다. 태오에게 너무 맞아 거의 정신을 잃을 지경인 도철. 태오가 몸을 일으키는데, 도철이 자신의 손목과 태오의 손목에수갑을 채웠다! 이 앞으로 사이렌이 울리며 순찰차가 다가온다. 사람들을 뚫고 들어오는 오 팀장과 왕, 윤",10
3157,미스 봉이 태오를 포위한다. 이들을 비웃는 태오. 도철이 힘겹게 자리에서 일어난다.,10
3158,퍼억! 태오가 미스 봉의 점프킥에 맞아 나가떨어지자 동시에 도철도 바닥을 뒹군다.,10
3159,찬 손으로 가운데 손가락을 들어 보인다.,10
3160,조태오의 모습이 보인다. 이어서 펜트하우스 마약파티에 관련된,10
3161,자막들이 이어지고-도로 CCTV 카메라와 시민들의 휴대폰,10
3162,화면도 흐른다. 계속해서 재판을 받으러 재판정에 들어가는 최대웅,10
3163,"에 수사에 참여했던경찰들이 뇌물을 받고 사건을 무마하려 했다는 의혹, 신진그룹의 추가 비자 금이 확인됐다는 보도도 이어진다. 카메라 천천히 빠지면, 배 기사 처가 아들과 함께 텔레비전을 보고 있다.",10
3164,눈을 감고 힘겹게호흡을 하는 배 기사. 호흡이 안정되어 있다. 눈꺼풀이 떨리며 천천히 눈을 뜨,10
3165,다. 다시 힘을 내어 자신의 발을 보는 배 기사. 배 기사의 발가락이 까닥하고 움직인다. 이 위로,10
3166,영화 속 등장인물들의 활약상이 화면 위로 펼쳐지며 크레디트가 떠오른다.,10
3167,...헉헉...... 헉헉.....,10
3168,"형님, ..형님.. 형님 좀 일어나 보세요.",10
3169,"형님, 저기 좀 나가보셔야 할 것 같은데요..",10
3170,"아니, 그러니까.. 됐고.. 그냥 처음에 계약했던 걸로 해주세요. 그럼 되잖아요.",10
3171,그 관은 이제 생산 자체가 안 된다고 벌써 몇 번이나 말씀드렸잖아요. 이걸로 하시죠. 이게 저번에 고르신 거 보다 사이즈도 넉넉하고 원목도 훨씬 좋은 겁니다. 저희 쪽 불찰도 있고 하니.. 15프로 빼드리겠습니다.,10
3172,"아저씨, 넓고 자시고 다 필요 없고, 그냥 계약대로 하자니까요.",10
3173,없는 걸 지금 당장 어떻게 가져다 드립니까. 사과 궤짝 만드는 것도 아니고...,10
3174,"..그냥 그걸로 할게요. 됐죠? 희영이, 넌 들어가고..",10
3175,"아, 이게 정말 좋은 거거든요. 그럼 오버차지가..",10
3176,나중에 합시다. 나중에..,10
3177,"아 예, 그럼 저희가 잘 계산해서 청구하겠습니다. 감사합니다.",10
3178,"오빠, 저 사람들 비싼 거 팔라고 일부러 그러는 거야. 딱 보면 몰라?",10
3179,엄마 복잡한 병실에 지겹도록 있다 가셨는데 이제라도 널찍한 곳에서 혼자 편히 계시면 좋잖아.,10
3180,그 관 얼만 줄 알아?! 지금 엄마 병원비 정산 안 된 것도 한참이야.,10
3181,알아서 할게.,10
3182,뭘 알아서 해. 지금 민아 유치원 특별활동비도 두 달이나 밀렸는데..,10
3183,엄마 앞에서 돈 얘기 좀 하지 말자. 곧 돈 들어 올 때가 있으니까 걱정 끊고 맥주나 하나 갖고 와봐.,10
3184,"그래, 오빠만 효자여, 나만 못된 딸이고...",10
3185,..언니가 웬일이세요?,10
3186,안 먹지?,10
3187,잘 있었어?,10
3188,..웬일이냐?,10
3189,전 며느리로써 당연히 와야지..,10
3190,너 옷이나 보고 얘기해.,10
3191,왜 왔냐?,10
3192,"..나 곧 미국 가. 민아, 미국 데려가게 해 줘.",10
3193,"..안 되는 거, 기본적인 상식과 염치가 있는 사람이라면 잘 알 거 아냐.",10
3194,"상식은 모르겠고 그냥 현실만 보이네. 남자 혼자 돈 없이 여자 애 키우는 거, 애 어른, 둘 다 힘들어져. 여기서 밤낮으로 야근하는 아빠랑..",10
3195,낮엔 야근 안 해. 오바 떨지 마.,10
3196,"..그래서, 나랑 미국 가는 게 민아한테 더 나은 조건이라 생각해. 곧 소송 들어 갈 거야.",10
3197,"장례식장까지 찾아 와서 한다는 말이.. 순간 욕 나올 뻔 했다, 야.",10
3198,..시간이 없어서. 민아를 위한 일이라 이해해줘. 나 잘 하고 싶어.,10
3199,"그래, 그래도 엄마니까 잘 하겠다는 건 좋은데, 애가 싫다잖아. 6살 먹은 애가 엄마 싫고 아빠랑 살겠다잖아. 그게 정상이냐?! .. 너 그 남자랑 미국 가서 잘 살아. 그냥 하던 대로 해.",10
3200,그럼 유치원비도 제대로 못내는 조건에서 애 키우라고?!,10
3201,나 이제 승진도 하고 돈도 있거든.,10
3202,얼마나?,10
3203,"..관두자. 이왕 온 거, 그냥 민아랑 밥이나 먹고 가라.",10
3204,나 이런 음식 안 먹는 거 알잖아. 그리고 집 내놨어. 곧 빼줘야 할거야.,10
3205,"어, 왜? 아, 진짜.. 오늘 다 왜 이러는데..?!",10
3206,"가고 있다, 자식아. 가고 있어.",10
3207,그래도 어떻게 나오셨습니다. 어디십니까?,10
3208,몰라.,10
3209,그냥 열쇠 둔 데만 알려 주시면 제가 잘 감춰둘 수 있는데 말입니다.,10
3210,열쇠가 여깄다니까. ..걔들은 언제 온대?,10
3211,한 시간 안으로 도착한다는데.. 빨리 좀 오셔야 할 것 같습니다.,10
3212,안달 좀 하지 마. 금방 가.,10
3213,그럼 빨리 오시지 말입니다.,10
3214,알았으니까.. 내 자리 건들지 마라. 야 끊어 봐. 왜?,10
3215,"오빠, 언제 와? 어른들이 상주가 자리 비웠다고 뭐라 그러잖아.",10
3216,내가 오죽하면 장례 치르다 나오겠냐.,10
3217,도대체 뭔 일인데?!,10
3218,됐고.. 금방 갈 테니까 김서방이랑 잘 좀 하고 있어. 알았지?,10
3219,효자 생색은 지 혼자 다 내시더니 자리도 안 지키고.. 빨랑 와!,10
3220,..민아는?,10
3221,오빠 새낀 잘~ 있다.,10
3222,"야, 너 죽을래?!",10
3223,야 이 새끼야 운전 똑바로 안 해!,10
3224,이런 미친 새끼.. 빨간 불에 들이 댄 게 누군데! 완전 또라이 새끼네.,10
3225,"바쁘다, 빨리 내려.",10
3226,우리 보고 내리란다.,10
3227,많이 긁혔네.,10
3228,술 드셨네?!,10
3229,관두자.,10
3230,어딜 도망가.. 뺑소니까지 하시려고?,10
3231,우짤래요? 300에 합의하던가.. 알았으. 신고하지 뭐..,10
3232,"이거 안 놔? 너 뒤진다!? 어쭈, 어쭈, 어..아, 야 새끼야, 아, 아! 아, 잘못했어. 아. 아저씨, 아, 아..",10
3233,파스나 사 붙여.,10
3234,저기요.,10
3235,술 냄새 나요?,10
3236,..좀만 더 씹으세요.,10
3237,...저기요..... 저기요.....,10
3238,여보세요?,10
3239,"아빠, 지금 뭐해?",10
3240,"..어.. 어.. 어, 왜?",10
3241,아빠 언제 오는데?,10
3242,..어.. 가야지.. ..이따가.. 이따가 가야지..,10
3243,아빠. 근데 올 때 초코렛 케잌 사줘라.. 나 오늘 과자 한 개도 안 먹었어.,10
3244,"...어, 그래야지. ..뭐라고?",10
3245,초코렛 케잌 사달라고!,10
3246,"아, 그래. 케잌..",10
3247,가.. 가..,10
3248,음주 단속중입니다.,10
3249,수고하십니다. 나 서부경찰서 강력반 고건수 경산데 급히 나오다 신분증을 두고 왔네.,10
3250,북부서 이동윤 순경입니다.,10
3251,수고해요.,10
3252,한번 불고 가시죠? 술 드셨어요?,10
3253,어머니 상중이라서 딱 한잔 했는데.. 그냥 한번 가자.,10
3254,그냥 한번 불고 가시죠.,10
3255,"야, 엄마가 돌아가셨다고, 엄마가.",10
3256,검문 불응에 도주하려고 했습니다.,10
3257,나 서부경찰서 강력반 고형산데. 내가 오늘 상을 당했거든요.,10
3258,신분증도 없고 괜히 긴장하는 게 수상합니다.,10
3259,지랄하지 말고.,10
3260,주민번호 말씀해 보세요.,10
3261,..7602071123620.,10
3262,숫자가 하나 더 있는데 말입니다.,10
3263,뭘 임마!,10
3264,열네 자리 부르셨는데 말입니다. 주민번호는 본디 열세자리지 말입니다.,10
3265,똑바로 적어. 760207..,10
3266,일단 저쪽으로 가서 확인하시죠.,10
3267,여기서 바로 확인해. 확인해 보면 될 거 아냐.,10
3268,가서 확인하시죠.,10
3269,빨리 확인 해보라고! 7602071123620.,10
3270,이러시면 곤란해지십니다. 가시죠.,10
3271,사고난지 얼마 안 된 거 같은데 말입니다.,10
3272,"건들지 마. 죽는다, 니들.",10
3273,여기 트렁크 좀 열어봐.,10
3274,아 예.,10
3275,읍!,10
3276,"조회 신청하신 분, 서부경찰서 고건수 경사 맞는데요.",10
3277,같은 경찰끼리 너무하는 거 아냐? 씨발..,10
3278,여기 책상 좀 열어 봐요. 자물쇠가 뭐 이리 많어?,10
3279,"고건수씨! 고건수씨, 여기 없어요?",10
3280,..지금 상중인데 말입니다.,10
3281,"어이, 아저씨! 댁이 그따위로 고형사 이름 부를 짬밥은 아니지 않나, 어..?!",10
3282,"짬밥 좋아하면 짬밥이나 먹지, 왜 딴 걸 처 드셨어?! 뜯어!",10
3283,안에 확인했지?,10
3284,아니 그게.. 그냥 두라고 해서.. 아.. 성격 아시잖습니까..,10
3285,"다음 나와. 14자리, 튀어 나와!",10
3286,이경 신현진...,10
3287,"함부로 아는 척 하지 마, 알았어?!",10
3288,"네, 알겠습니다.",10
3289,저기 대리 부르시는 게.. 오늘이 일제 단속이라..,10
3290,요것들 봐라.,10
3291,참.. 경찰서에다 이런 걸 보관하는 놈 대가리 속이 진짜 궁금하다.,10
3292,"오밤중에 이 난리 치는 이유가 뭐야, 어?",10
3293,고건수 어딨어?,10
3294,오늘 모친상..,10
3295,근거도 모르는 돈 몇 푼 땜에 상당한 애한테 꼭 이렇게 해야 하나? 감찰반은 사람 사는데 아냐?!,10
3296,저희도 명령받고 움직이는 거라...,10
3297,철수해. 장례 끝나고 다시 와. 뭘 멍청히 서있어? 정리 안 해?,10
3298,여기 보면 말입니다. 업소 상납금 받아 드신 분들이 줄줄이 적혀있는데..,10
3299,철수 하란 말 못 들었어?!,10
3300,"최상호 350, 남현진 150, 도희철 100...",10
3301,"만, 십만, 백만, 천..",10
3302,지금 뭐하는 거야?,10
3303,액수가 남다르십니다. 반장님?,10
3304,"왜, 또, 왜, 왜?!",10
3305,"오빠, 도대체 어디야?!",10
3306,제발 나 좀 내비둬라. 좀.,10
3307,뭘 내비 둬. 지금 엄마 입관해야 된다는데.. 아들이 있어야 할 거 아냐.,10
3308,후.. 퍼펙트하다. 씨발.,10
3309,아빠 발!,10
3310,아직 안자면 어떡해.,10
3311,아까 잤잖아. 초코렛 케잌은!?,10
3312,..어? 아..,10
3313,피..,10
3314,오빠 너무한 거 아냐? 다들 오빠 때문에 아무것도 못하고 기다리고 있었잖아.,10
3315,..그래서 왔잖아.,10
3316,"도대체 어디 갔다 왔는데, 어?",10
3317,삼가 명복을... 빕니다.,10
3318,우리 이제 다 초상 치르게 생겼다. 들었지?,10
3319,..죄송합니다.,10
3320,지금 니 사과 받자고 온 건 아니고.. 장부에 어디까지 적혀있냐?,10
3321,"..그동안 받고 나눈 거, 다요.",10
3322,그걸 왜 서랍에다 둬..,10
3323,그럼 책꽂이에 꽂아 두냐..,10
3324,"아니다. 총무 안한다는 널 시킨 내 잘못이다. 후.. 야야, 밥이나 먹으러 가자.",10
3325,지금 밥이 목구멍에 넘어가겠습니까.,10
3326,그럼 그냥 가던가..,10
3327,야- 지금 너 땜에 여기 사람들 다 잡게 생겼는데 뭔가 좀.. 책임 있는 말을 해야 하는 거 아니냐?,10
3328,"잠깐만, 혹시 나보고 독박 쓰란 얘기하러 온 거야? 초상집에? 타이밍 좋네, 잔인하고.",10
3329,미안하지만.. 니 선에서 좀 마무리하자. ..우리 다 죽을 순 없잖아. 뒤는 내가 봐줄게.,10
3330,"근데 어떡하냐, 넌 절대 못 빠져나갈 것 같은데. 너 안마접대 받는 것까지 다 적어놨어. 가을이가 지명이지?",10
3331,"너 이 새끼, 미쳤어?",10
3332,"제발 좀 미쳤으면 좋겠다, 새끼야.",10
3333,엄마 입관 들어간대.,10
3334,"..그래, 어떻게 되겠지. 어머니 장례 잘 치르고..",10
3335,봉투 준비 못했다. 어머니.. 잘 보내 드려라.,10
3336,넣으실 물품 있으시면 지금 넣으세요.,10
3337,..더 이상 없으시면 그만 덮겠습니다. 지금 넣은 것들은 고인과 함께 영원히 땅속에 묻히게 됩니다.,10
3338,제가 하는 거 보고 따라하시면 됩니다.,10
3339,억!,10
3340,저희 이제 어떻게 해야 하는 건지..?,10
3341,"뭐야, 저거?",10
3342,정신 줄 놨네.,10
3343,"반장님, 감찰반애들 후다 따죠. 같이 물어야 삽니다.",10
3344,"걔들이 뭐 나오겠냐, 명색이 감찰반인데.",10
3345,감찰반은 경찰 아닙니까? 대한민국 경찰을 한 번 믿어 보죠. ..오케이?,10
3346,민아야. 그만 울고 자자. 고모가 재워줄게.,10
3347,내 인형! 내 인형 누가 가져갔단 말이야!,10
3348,마지막으로 어머니와 단 둘이 있고 싶습니다. 부탁합니다.,10
3349,이거 참.. 이게 수칙엔 없는 일이라..,10
3350,11시까지만 이에요. 그건 뭡니까?,10
3351,딸애 주려고요.,10
3352,"엄마, 미안해.",10
3353,"엄마, ..죄송해요. ..내가 나중에...",10
3354,지금 소리 났었죠?,10
3355,"글쎄요, 안에 누구 있어요?",10
3356,"장례경비하나, 장례경비하나.",10
3357,"네, 장례경비실입니다.",10
3358,저기 모니터 하나만 확인 해주세요. 시신안치실이요. 안에서 이상한 소리가 난다고 신고 들어왔습니다.,10
3359,"어, ..왜 이래..?",10
3360,안에 사람 있어요?,10
3361,망가졌나..? 여서 안 보여. 들어가 봐야 할 것 같은데..,10
3362,열쇠 거기 있어요?,10
3363,..김씨 보고 바로 확인 해보라 할게.,10
3364,"예, 수고하세요.",10
3365,안치실에서 소리 난다고 신고 들어왔어요. 확인 부탁드립니다.,10
3366,"알았어. 에이, 참..",10
3367,"엄마, 잠깐만야. 잠깐만. 잠깐만 데리고 있어줘.. 미안해, 엄마.",10
3368,오지 마.,10
3369,..제발 전화 좀 걸지 마!,10
3370,"아, 제발 좀.. 아씨, 엄마 제발.. ..제발.. 씨발!",10
3371,이제 그만 나오셔야 될 거 같은데요.,10
3372,"저기, 잠시 만요.",10
3373,"우리 엄마, 효자 아들 덕에 리무진도 한번 타보시네.",10
3374,..왤케 무거워.,10
3375,"조심들 해, 관 뚜껑 열릴라.",10
3376,"자, 인제 들어와요.",10
3377,으아아아아-,10
3378,효자 두셨네요.,10
3379,"엄마, 곧 올게 그때까지만... 미안해, 엄마..",10
3380,"고모, 이제 할머니 못 봐?",10
3381,"아니, 나중에 고모하고 아빠가 먼저 할머니를 만나러 갈 거고, 민아는 한참 있다가 호호할머니가 되면 그때 만날 거야. 아주, 아주 나중에.",10
3382,아빠하고 고모는 할머니 빨리 보러가서 좋겠다.,10
3383,으응.. 그래.. 좋아..,10
3384,"민아야, 고모가 더 먼저 보러 갈 거야. 니네 고모, 성질이 급하잖아.",10
3385,아빠가 더 먼저 갈 거야. 니네 아빠 어려서부터 새치길 잘했거덩.,10
3386,고민아. 민아 생일날 아빠랑 여행갈까? 설악산. 거기 수영장도 있는데.,10
3387,우와.,10
3388,"희영이 너도, 영철이하고 다 가자. 회 사줄게. 시간 돼?",10
3389,"형님, 저희가 돈은 없어도 시간은 졸라 많잖습니까. 콜입니다.",10
3390,"집 말아먹고도 참 밝아.. 그 능력, 진짜 훔치고 싶다. 쯔쯔..",10
3391,얘 인형을 어떤 나쁜 놈의 시키가 훔쳐가는 바람에 병원 편의점에서 사줬어. 비싼 거 아냐.,10
3392,편의점.. ..빠르네.. 후-,10
3393,"아니, 한지 얼마 되셨다고 묘를 다시 해요?",10
3394,..터가 안 좋은 거 같아서요.,10
3395,아 참나.. 내일 어때요? 길일인데..,10
3396,그건 너무 빠르고요. ..먼저 처리할 일이 좀 있어서..,10
3397,"다시 전화 드릴게요. 아 예, 그만 끊습니다.",10
3398,아 예. 갑자기 사고가 나서요. ..다치진 않았어요.,10
3399,"사장님, 앞 유리 어떡할까요?",10
3400,갈아요. 싹 다.,10
3401,내일부터 출근하자.,10
3402,..며칠 더 쉬라면서요.,10
3403,그럴라고 했는데 감찰반애들 의외로 쉽게 걸리네. 서랍에 있던 현금만 압수되는 걸로 해서 잘 마무리 됐다.,10
3404,......,10
3405,이번에 너 살린다고 다들 진짜 고생 많았어. 역시 믿을 건 동료뿐이지?,10
3406,아이씨..,10
3407,..나한테 그런거냐?,10
3408,아니에요.,10
3409,그리고 한 가지 더..,10
3410,뭔데요?,10
3411,"..너 승진, 이번엔 안 되겠다. 다음 기회 보자. 그래도 이만한 게 다행이지 뭐.",10
3412,...최형사도 안됐어요?,10
3413,...최형사는 심사 통과하나보던데...,10
3414,..잘 됐네요..,10
3415,신임청장한테 잘 보인다고 지랄들 한다. 애쓴다 애써..,10
3416,"이번에 저희가 압수한 사제폭탄은 소량의 C4폭약이지만 폭발력이 무척 크고, 5미터 내에서 원격 조정이 가능하다는 것이 특징입니다. 이 리모컨을 누르면 2분후에 터지도록 맞춰져 있습니다. 그럼 직접 시연을 보시겠습니다.",10
3417,"한 지붕아래서 우린 초상집인데 저 새끼들은 잔치를 벌이네. 확 불발이나 되라. 잘하자, 좀..",10
3418,저기 고형사 나왔네요.,10
3419,어머닌 잘 모셨어?,10
3420,예.,10
3421,욕 봤다 여러모로.,10
3422,수고 많았다. 힘들었지?,10
3423,응. 니 땜에.,10
3424,아직도 삐졌냐..?,10
3425,꿈에 엄마가 너한테 한마디 하시더라. 좆까라고.,10
3426,그래도 최형사한테 고맙다고 절해. 이번 꺼 최형사 덕에 해결 된 거야.,10
3427,고맙지..? 한 번 쏴.,10
3428,그러지 뭐. ..가을이 잘 있지?,10
3429,아 새끼.. 쟤한테 물어봐.,10
3430,"앗, 이제 터질 거 같은데 말입니다.",10
3431,얼라들 폭죽 가지고 호들갑들은..,10
3432,"어우.. 야, 쟤들 좆됐다.",10
3433,저거.. 반장님 새로 산 차 같은데...,10
3434,이런 개새끼들이..!,10
3435,뭔데?,10
3436,미제사건하고 공소시효 얼마 안 남은 사건들인데 당분간 이거에 집중하라는데요. 징계대신 받은 거 같습니다.,10
3437,"그래도 이런 거 잘 엮으면 표창도 받고, 일 계급 특진되고 그러지 않습니까?",10
3438,이거 보고 왜 X파일이라 그러는지 아냐?,10
3439,모르지 말입니다.,10
3440,X파일에서 범인 잡힌 거 봤어? 쫓다보면 다 외계인이래. 잡을 만하며 휙 사라져. 검거율 제로. 이게 다 허공에다 뺑이 치는 일이야.,10
3441,"에이, 개새끼들.. 다들 출동 준비해. 제보 들어 왔다.",10
3442,!!!,10
3443,"야, 뭐해, 빨리 나와.",10
3444,"이광민 이놈, 유흥업소 바지 사장 하던 놈인데, 경쟁 업소 사장을 둘이나 죽인 유력한 용의자야. 이거 낚으면 근신탈출이 문제가 아니라 진급도 가능해.",10
3445,잡으면 니가 수갑 채워. 내가 몰아줄게. 졸라 고맙지?,10
3446,살인 사건 용의자니까 다들 주의하고.. 얼굴 확실히 봐둬.,10
3447,"반장님, ..이거 장난전화 아닐까요..",10
3448,"아냐, 느낌 있어.",10
3449,..이광민 여기 없을 거 같은데..,10
3450,그럼 어디 있는데.,10
3451,..몰라요.,10
3452,"야, 이 씨, 총 꺼내.",10
3453,경찰이다! 손들어!,10
3454,뭐야 이거. 없잖아.,10
3455,반장님. 여기요.,10
3456,이거 눈치 까고 튄 거 아닐까요?,10
3457,..잠복 들어가자.,10
3458,뭔 잠복을 해요. ..안 올 거 같은데?,10
3459,이 새끼.. 아까부터 왜 이래. 올지 안 올지 니가 어떻게 알아? 제보자는?,10
3460,공중전화로 와서 연락처도 모르겠답니다.,10
3461,..일단 단서 될 만한 거 없나 더 찾아보자.,10
3462,거기서 뭐하십니까?,10
3463,..중부서 이진호 순경입니다.,10
3464,..뭐냐?,10
3465,교통사고 신고가 들어와서 확인 나왔습니다.,10
3466,어? 여긴가 보네.,10
3467,..인명 사고야?,10
3468,아.. 네. 뺑소니사곤데 쓰러진 사람을 트렁크에 싣고 도주했답니다.,10
3469,...... 오늘 난 건가?,10
3470,아뇨. 며칠 됐답니다. 21일 밤인가..,10
3471,...제보자는..?,10
3472,공중전화로 사고 내용만 말하고는 그냥 끊었답니다.,10
3473,......,10
3474,"어이, 이순경!",10
3475,어? 충성!,10
3476,"감찰반 엮을 때 도와줬던 박경위 있잖습니까, 그 친구 부서예요.",10
3477,"어, 그래?",10
3478,여기서 뭐하고 있어?,10
3479,뺑소니 조사 나왔습니다. 사람을 쳤는데 트렁크에 싣고 도망갔다고 합니다.,10
3480,대담한 새끼네. 뭐 좀 나왔어?,10
3481,"전조등 조각들 하고, 저기 CCTV화면 확보되면 확인해 봐야죠.",10
3482,우리도 저거 함 보자.. 이광민 꼬리라도 나오지 않겠나.. 따라 가서 보고 와.,10
3483,"반장님, 제가 갔다 오겠습니다.",10
3484,그럴래..? ..아니다. 그냥 최형사가 가서 일마치고 박경위 술 한 잔 사주고 와. 넌 박경위 모르잖아.,10
3485,박경위님 보러 일부러 왔는데 아쉽네. 알았어요. 담에 크게 모시겠습니다.,10
3486,여긴 어쩐 일이냐?,10
3487,"어, 안녕하세요?",10
3488,이게 무슨 안 하던 행실이야?,10
3489,..뭐 좀 나왔어?,10
3490,.. 뺑소니 수사는 ..잘 돼?,10
3491,화질도 별로고 사고지역이 이쯤인거 같은데 화면에 안 잡히네요.,10
3492,"이광민이 잡으면 고형사 밀어준단 말에 감동 먹었구나, 그지?",10
3493,그냥 줄때 먹어.,10
3494,"이순경, 먹고 하자.",10
3495,예. 감사합니다.,10
3496,잠깐만. 앞으로 돌려봐.,10
3497,예?,10
3498,"화면 말이야, 화면.",10
3499,거기 정지. 다시 플레이.,10
3500,뭐 땜에 그러십니까?,10
3501,다시 돌려 봐.,10
3502,정지!,10
3503,한 컴마 앞으로. 한 컴마 더. 여기.. 브레이크 등!,10
3504,뭔데요?,10
3505,다른 차들은 다 그냥 갔는데 왜 이 차만 브레이크를 밟았을까? 한적한 직선도로에서.. 앞에 차도 없을 텐데. 밟을 일이 뭐가 있지?,10
3506,그야 뭐 누가 길을 건널 수도 있고..,10
3507,그렇지! 갑자기 뭔가 나타나서 급브레이크. ..그 다음 어떻게 됐을까? 쿵!,10
3508,너무 나가시는 거 아닌가요?,10
3509,사고 지점이 어디라고?,10
3510,이쯤인거 같은데요.,10
3511,여기서 밟고 치고 쓰러지고. 딱 말 되는데.,10
3512,"저 봐, 쟤도 뭘 보고 있잖아. 저기 뭔 일 있네. ..발생시간은?",10
3513,신고 된 날도 21일입니다.,10
3514,"회색 로체. 참, 니 차 로체지. 이거 로체 맞지?",10
3515,현장에 떨어진 전조등 조각도 로체라던데. 번호가..,10
3516,"맨 앞은 8같은데.. 맞지, 고형사?",10
3517,어? ..글쎄 ..3 같기도 하지 않나..,10
3518,"8 맞네요, 8. 앞에도 희미한 게 보이네. 딱 8이네, 8.",10
3519,"오케이, 8. 그 다음은.. 음...",10
3520,..나머진 모르겠다.,10
3521,국과수에 넘기면 나올 까요?,10
3522,"CSI 처럼 클릭 클릭하면 선명하게 보이는 거, 그건 공상과학이고.. 이정도면 거가도 안보여.",10
3523,회색 로체 8이라.. 저런 거 최소한 일 이백 댄 될 텐데..,10
3524,차량 리스트 나오면 최근에 수리한 차들 위주로 카센터 뒤져서 알리바이 확인하고 루미놀 피반응 검사하면 딱 나오겠구만.,10
3525,저희 인원으로 그거 다 하려면 한참 걸려요. 확실한 물증이 있는 것도 아니고.,10
3526,"그치, 항상 최대의 적은 내부에 있지. 인원부족. ..맛있네.",10
3527,"오빠, 이거 왔데..",10
3528,신경 쓰지 마. 괜찮아.,10
3529,그럼 됐고. 그리고 혹시 언니가 집 얘긴 안 해?,10
3530,어.,10
3531,우리 주말에 속초 가는 거지? 민아 생일.,10
3532,..가야지.,10
3533,"오빠, 내가 의논할게 있는데, 화내지 말고 한번 들어봐. 동대문 점포, 담배 가게 내보내고 우리가 토스트 가게 하게 해 줘.",10
3534,뭔 수로 계약된 사람 내보내.,10
3535,오빠 경찰이잖아.,10
3536,"야 이 씨, 경찰이 깡패냐?",10
3537,"좀 해줘, 우리도 언제까지 오빠 집에 얹혀 살 순 없잖아. 김서방 정신 차렸어. 저 사람 화초 만지던 가닥이 있어서 그런지 빵도 기가 막히게 만져. 제대로야.",10
3538,"아, 또?! 괜찮아?",10
3539,..어..,10
3540,샤워기 좀 어떻게 좀 안 되나? 너무 뜨거워. 어때? 토스트 가게.. 좋은 생각이지..?,10
3541,나중에 얘기하자. 나중에..,10
3542,"아, 근데.. 오빠.",10
3543,왜 또?,10
3544,혹시 우리 엄마 남자 있었어?,10
3545,뭔 소리야?,10
3546,어제 인생 상담하러 갔었는데 거기서 자꾸 엄마한테 남자가 있다는 거야.,10
3547,...,10
3548,"근데 근데, 지금도 옆에 같이 있대.",10
3549,..!,10
3550,"좀 섬뜩하지 않어? 딴 것도 다 맞췄어. 저 사람 꽃집 말아 먹은 거, 오빠 이혼 한 거 다 알던데.. 엄마, 진짜 남자 있었던 거 아냐?",10
3551,됐고.. 넌 교회 다닌다는 기지배가 점집 찾아 다니냐?!,10
3552,예언 목사님이거든!,10
3553,토요일 우리 변호사랑 좀 만나.,10
3554,이번 주말은 안 돼. 민아랑 여행가기로 했어.,10
3555,치사하게 재판 앞두고 뭐하자는 거야. 반칙하지 마.,10
3556,"야.. 토요일, 민아 생일이거든. 너, ..관두자.. 끊어..",10
3557,좋은 아침입니다.,10
3558,브레이크!,10
3559,"조심해야지 새끼야, 그러다 사람 치면 어떡하려고... 니가 책임질 거야? ..개새끼...후, 후-",10
3560,도형사.,10
3561,..네?,10
3562,뺑소니 자수하면... 몇 년 형이냐?,10
3563,"아니, 형사가 그것도 모르십니까?",10
3564,모른다. 몇 년이냐?,10
3565,네이버 검색해보시지 말입니다.,10
3566,"너 내려, 새끼야!",10
3567,"..고형사님, 전화 왔습니다. ..고형사님.",10
3568,"네, 고경삽니다.",10
3569,"아 예, 수고하십니다.",10
3570,"예, 누구시죠?",10
3571,"예, 이광민 그 사람 봤는데요.",10
3572,예?,10
3573,이광민 봤다구요.,10
3574,장난전화 하지 마세요.,10
3575,누구십니까?,10
3576,..궁금하면 네이버 검색해봐.,10
3577,아까.. 그 사람인거 같은데..,10
3578,자꾸 장난 전화하실래요?!,10
3579,..수배자 봤다고 제보하려는데 그게 왜 장난전화죠?,10
3580,..그럼 말씀하세요.,10
3581,제가 이광민을 봤는데요.,10
3582,지금 어딨는데요?,10
3583,제가 그걸 물어 보려고 전화한 건데.,10
3584,"장난해요, 지금?!",10
3585,"그게 아니라.. 어디로 데려 갔나요, 고형사님?",10
3586,..?!,10
3587,"하늘로 솟았나요, 땅으로 꺼졌나요. 쥐색 로체, 고건수씨!",10
3588,고형사님. ..핸드폰 받으시라는데 말입니다.,10
3589,어?,10
3590,..누구야?,10
3591,당신이 이광민 죽였다는 거 아는 사람.,10
3592,사람 죽이고도 지낼만해요?,10
3593,무슨 얘기를 하는 건지 잘 모르겠는데요..,10
3594,"고경사, 자꾸 그러면 안쓰러워.",10
3595,아무래도 사람 착각하신 거 같네요.. 예?,10
3596,"후후, 차는 깔끔하게 수리해 놨데. 바쁘셨겠어.",10
3597,"그건 엊그제 접촉사고 나서 보험처리 한 건데, 뭔가 확실히 잘못 아셨네.",10
3598,"어휴, 그새 알리바이까지 만드셨네.",10
3599,그만 끊읍시다.,10
3600,그럼 이번엔 이광민이 양자산에 있다고 신고해 볼까?,10
3601,......!,10
3602,깊숙이 묻으셨나 몰라.,10
3603,그런 적 없으니까 다신 전화하지 마라.,10
3604,"어, 어.. 끊으면 바로 신고할 건데.",10
3605,"못 끊겠지. 봐, 니가 죽였잖아.",10
3606,"야, 이 새끼야, 너 뭐야, 너 뭐하는 새끼야!",10
3607,...한 번만 더 욕해도 신고한다.,10
3608,지금은 쉽게 말 들을 것 같지가 않네. 속 좀 더 태우고 나서 그때 용건만 간단히 얘기하자.,10
3609,근데 얼굴이 생각보다 좋던데. 죄책감 안 느끼나 봐? 성격 좋네.,10
3610,..?,10
3611,그만 갈까요?,10
3612,"아저씨, 1초에 만원이라니까. 13, 14초 벌써 15만원 버셨네.",10
3613,"이순경, 운전 참 부드럽게 해.",10
3614,맨날 하는 게 이건데요.,10
3615,뺑소니 사건은 잘 진행돼?,10
3616,의심 가는 게 있는데 동일 차종이 280대나 돼서요.,10
3617,제보 또 안 오나?,10
3618,그러게 말입니다. 근데 박경위님은 일 좀 적응되세요? 마약 수사대 계시다가 교통과 하는 게 쉽진 않으실 텐데..,10
3619,생활비가 좀 많이 딸리네.,10
3620,하하.. 전 마약과 같은데서 일하는 게 꿈이었는데...,10
3621,"꿈은 잘 때나 꾸시고, 지금은 앞에 봐 앞에.",10
3622,"어이, 렉카. 차 좀 빼.",10
3623,안엔 다 확인하셨어요?,10
3624,다시 내릴까?,10
3625,"아뇨, 보셨으면 됐죠.",10
3626,"차안에 있는 사람을, 그걸 못 봤다고?",10
3627,예.,10
3628,"사람이 쥐새끼야, 안 보였다는 게 말이 돼?",10
3629,안 보이던데요.,10
3630,"사람이 죽었어, 죄책감 좀 가져 봐. 에이.. 마약반에서 쫓겨났으면 거기서 옷을 벗든가.. 왜 여기까지 굴러 와서..",10
3631,"계장님, 서장님 기다리십니다.",10
3632,"이순경, 사건경위서 어쨌냐?",10
3633,아까 계장님 책상 위에 올려놨는데요.,10
3634,없는데.. 아이 씨..,10
3635,계장님. 빨리요.,10
3636,"야, 야, 최대한 빨리 뽑아서 올려 보내. 껌 뱉어!",10
3637,"누굴까.. 양자산까지 왔다면.. ..장례지도사, 인부... 도대체 누군데..",10
3638,"넌 누구냐, 이 새끼야?!",10
3639,꿈꿨냐?,10
3640,주무셨단 말입니까? 저흰 쌔빠지게 산타고 왔는데..,10
3641,..어디 갔다 오는데?,10
3642,경기도쪽 야산..,10
3643,양자산. 너 어머니 묘소도 그쪽이지?,10
3644,근데.. 왜?,10
3645,이광민 핸드폰 최종 위치가 거기로 나와서 가봤는데 그 동넨 기지국이 중첩 돼서 위치가 정확히 나올 수 없답니다. 괜히 산만 타다 왔지 말입니다.,10
3646,..핸드폰 꺼져 있다면서 거긴 줄은 어떻게 알았어..?,10
3647,중부서에서 위치 조회했던 자료가 남아있었습니다.,10
3648,..왜?,10
3649,그건 모르지 말입니다.,10
3650,피곤하다. 소주 땡기네.. 범퍼 새로 갈았네. 사고 났었어?,10
3651,...저번에 얘기 했잖아.,10
3652,"앞에 다 갈았나보네. 안 다친 게 다행이다, 야.",10
3653,너 전화 왔다.,10
3654,"미행을 그렇게 못해서 어떡해, 형사가.. 고민 좀 했어? 이제 대화가 될라나..?",10
3655,...나 하나만 묻자. 너 내가 이광민이 묻는 건 어떻게 봤냐? 그 야밤에...,10
3656,..밤이라고 그걸 못 보나? 쓸데없는데 관심 갖지 말고..,10
3657,..너 직접 본 거 아니구나.,10
3658,..?,10
3659,이광민 어디 있는지 모르지?,10
3660,......,10
3661,"그럼 됐어. 신고를 하던, 혼자 삽 들고 지랄하던 니 맘대로 해봐. 하지만 넌 절대 못 찾아. 왜? 묻은 사실이 없으니까 개새끼야. 끊어!",10
3662,증거만 없으면 세상에 없는 일이야! 고건수. 쫄지 마!,10
3663,전화 좀 받아라. 밥이나 먹으러 갈까?,10
3664,"예, 배고파 뒤져버리겠어요.",10
3665,밥 먹자. 뭐 먹을까?,10
3666,전 그냥 들어갈게요.,10
3667,니가 살 건데 그럼 안 되지?,10
3668,담에 하죠. 피곤해요.,10
3669,교통사고 제보전화라는데 말입니다.,10
3670,교통과로 돌려.,10
3671,야..?,10
3672,"이 새끼, 장난 전화예요.",10
3673,"야, 뭔데 그래?",10
3674,피곤하면 들어가던가...,10
3675,!!!,10
3676,어? 박경위님!,10
3677,"야, 박경위!?",10
3678,니가 감히 내 전화를 씹어. 내가 입 한번 열어봐? 어?! 이런 개새끼가...,10
3679,도대체 왜이래?,10
3680,뭐야 이거.. 씨발 아니네.. 오우..,10
3681,뭐야? 잘못 본거야? 하.. 이쪽은 우리 동료야.,10
3682,형사야? 이거 정말 죄송하게 됐습니다. 난 또 내 돈 들고 튄 놈인 줄 알고..,10
3683,"반장님, 저번에 우리 도와줬던 박창민 경위님. 감찰반 정보 건네준..",10
3684,"아, 박경위? 반가워요. 그때 정말 고마웠어요. 우리 은인이잖아.",10
3685,"고형사, 은인한테 한 방 맞았네. 괜찮아?",10
3686,"아, 이분이 고건수 경사님? 아 어떻게..",10
3687,여기 피.,10
3688,정식 인사드립니다. 박창민입니다.,10
3689,둘 진짜 인연이네. 저번엔 살려 주시 더만 오늘은 잡을 뻔 하셨네.. 하하,10
3690,"인상 좋으시네요. 참, 두 분이서 우리 애들 뺑소니 찾는 거 도와줬다며? 덕분에 거의 찾은 거 같던데.",10
3691,그래? 잘됐네.,10
3692,화장실 좀 갔다 올게요.,10
3693,턱 괜찮아?,10
3694,억울하면 술 먹고 한 대 때려?,10
3695,"인간엔 딱 두 가지 유형이 있대. 강자 앞에서 바로 꼬리 내리는 인간, 꼬리 잘리고 나서야 뒤늦게 내리려고 애쓰는 인간. 고경사는 어느 쪽인 거 같아?",10
3696,경찰이었어?,10
3697,"경찰 보니 무섭지, 잡아 갈까봐.",10
3698,..원하는 게 뭐야?,10
3699,그렇지. 여지껏 니 입에서 나온 것 중에 제일 현명하고 똑똑한 말이다. 내가 원하는 거.. 간단해. 이광민이 가져와.,10
3700,..왜?,10
3701,궁금한 게 많으면 수명이 짧아져.,10
3702,..이광민이랑 무슨 관계야?,10
3703,..우리 아빠. 장례 좀 치러 줄라고.,10
3704,미안. 사실.. 우리 엄마야. 재미없지? 쓸데없는 질문하지 말고 시킨 거나 해.,10
3705,"근데 어떡하냐, 난 이광민이 어디 있는지 모르는데.. 진짜..",10
3706,한 대 더? 에휴..,10
3707,"경찰이 경찰을 막 패네. 죽겠다. 아.. 주먹에 맞아도 이렇게 아픈데, 차에 치인 우리 광민인 얼마나 아팠을까, 말도 못하고..",10
3708,..미친 새끼.,10
3709,문 열어 새끼야!,10
3710,몇 대 맞아 주니까 자신감이 불타올라? 넌 나한테 안 돼. 날 때부터 안됐고 죽어서도 안 돼!,10
3711,대화 좀 할까? 아직 아니다.,10
3712,또 아니네.,10
3713,자존심이 언제까지 고통을 막아주려나.,10
3714,요즘 장비 좋아져서 삽질 안 하고도 금방 찾는다. 수사망 더 좁혀지기 전에 가져와.,10
3715,"뭐야, 니가 원하는 게... 도대체 뭐냐고!",10
3716,!!! 이거 뭐야?!,10
3717,하아.. 씨.. 이런 개 샹놈의 새끼...,10
3718,박경위님! 계장님이 오라시는데요.,10
3719,"나 이미 퇴근 했어요, 못 봤다고 해.",10
3720,계장님이 지금 보셨는데요.,10
3721,잘못 보신 거라고 해.,10
3722,..아니..,10
3723,박봉의 박경위 투잡하러 갔다.,10
3724,하아.. 이런 개새끼가.. 하아...,10
3725,"야이 개새끼야, 왤케 연락이 안 돼?! 난 또 니가 창민한테 벌써 뒤진 줄 알았잖아!",10
3726,"거기 어디야? 야 이광민! ..이 새끼 봐라, 야.. ..너 이광민 맞아? ..너 누구야?",10
3727,알아봤어?,10
3728,"나이 38세, 이름 조능현. 전과 3개가 모두 강력 범죄입니다. 현재 위치는 대학로 근처입니다.",10
3729,일분마다 계속 위치확인하고 조능현 얼굴사진 나한테 보내.,10
3730,"..고형사님, 이거 다 불법인데 말입니다. 정식으로 서류 첨부해서 하시는 게..",10
3731,너 워드 작업하는 동안 사람하나 죽을 수 있다. 내가 책임질게.,10
3732,..근데 무슨 일이신지..,10
3733,"됐고.. 다른 사람한텐 말하지 말고 바로 연락 줘, 오케이?",10
3734,..네.,10
3735,어디래?,10
3736,그건 모르겠는데 말입니다.,10
3737,갑자기 어딜 싸돌아다니는 거야.. 참..,10
3738,이게 뭐냐?,10
3739,우리 팀 교통딱지 빼 논겁니다. 벌금 넘어가기 전에...,10
3740,내꺼도 있냐?,10
3741,고형사님 꺼 하나만 찍혔습니다.,10
3742,많이도 밟았네..,10
3743,...괜찮아?,10
3744,전 진짜 몰라요. 제가 안 갖고 있다니까요?! 진짜예요.,10
3745,....니가 뭘 안 갖고 있다는 건데?,10
3746,아니.. ...박창민이 보낸 거 아네요?,10
3747,...박창민 내사중인 감찰반 형사야. 너 잡으러 온 거 아니니까 긴장 풀어. ..창민이 찾는 게 뭔데?,10
3748,모르는데요.,10
3749,진짜 몰라?,10
3750,예.,10
3751,"아, 아! 씨발 이거 왜이래요? 난 모른다니까!",10
3752,지금 뭐하는 거예요?,10
3753,창민한테 너 여기 있다고 알려주려고.. 창민이랑 얘기해라.,10
3754,"..형사님, 저 진짜 죽어요... 아 씨발...",10
3755,창민이 찾는 게 뭐야?!,10
3756,...열쇠요..,10
3757,무슨 열쇠?,10
3758,사금고 열쇠요.,10
3759,뭐가 있는데..,10
3760,...그게...,10
3761,"처음부터, 하나하나, 똑바로, 얘기 해! 되묻게 하지 말고. 알았어?",10
3762,..박창민이 가져온 마약을...,10
3763,마약?,10
3764,"예, 그러니까... 박창민이 마약반 있을 때 압수당한 마약을 빼돌렸거든요. 세관에서 걸린 거 이런 것들 다하면.. 그 양이 어마어마하다고 하던데 그걸 팔기도 하고 클럽에서.. 아, 클럽하고 룸 몇 개를 운영했거든요..",10
3765,이광민은 그냥 바지고요 실제 소유주는 창민하고 동업자가 몇 있어요.,10
3766,"이런 거 먹어보면 딴 데 못가거든요. 한번 오면 평생 고객 되는 거죠. 진짜 대박 났죠. 야쿠자 애들까지 나서서 대리점 하나 내달라고 하는데.. 그때 딱 광민이가 튄 거죠. 돈하고 마약도 다 빼돌려서요. 박창민이, 진짜 악마 같은 새낀데.. 근데 악마보다 무서운 게 사람의 욕심이잖습니까.",10
3767,쥐새끼들처럼 몰래 모여서 뭐하시나..,10
3768,저희끼리 그냥 사우나 한 번 하는 겁니다.,10
3769,이쪽이 홍콩에서 온 사람들인가?,10
3770,FTA 됐다고 이제 깡패새끼까지 막 수입하냐. 니가 주윤발이냐..,10
3771,이제 우리 동업잔데 예의 갖추시죠. 우리물건 찾을 때까지 얘들이 약 대주기로 했습니다.,10
3772,그거 함부로 들여오다 니들 다 좆됀다.,10
3773,그런 새가슴으로 뭘 하시려고. 아 짭새니까 새가슴 맞네.,10
3774,"박경위님 때문에 그런 위험도 감수하게 된 거 아닙니까. 약 공급처에서 잘리시고 확보한 물량, 돈 다 잃어버리시고..",10
3775,뭔 애 하나 관리를 그렇게 못하셔서.. 하긴 지들끼리 서로 짜고 이러는 줄 어찌 알겠습니까?,10
3776,최사장님. 어째든 빨리 찾아서 데려 와야 할 겁니다. 저희도 박경위님만 믿고 기다릴 순 없지 않겠습니까?,10
3777,능력 안 되면 우리한테 넘기시던가.. 대한민국 경찰을 믿을 수가 있어야지..,10
3778,앞에서 똥 밟았었는데..,10
3779,"최사장, 숨 크게 들이 마셔봐. 한번 해봐. 이렇게..",10
3780,"생에 마지막 호흡인데, 하랄 때 그냥 하지..",10
3781,자기들 서로 목숨 걸어 줄 사이 아니잖아.,10
3782,"UDT 잠수 최고 기록 6분 35초, 내가 세운 건데, 기록 깨면 용서해줄게. 시간 재. 틀리면 니가 들어간다.",10
3783,"자, 계속해봐. 어디까지 얘기 했지? 누군가 날 못 믿겠다고 얘기 했던 거 같은데.. 지금도..?",10
3784,얘 봐라. 쌌다.,10
3785,"흉부압박상지거상법 할 줄 아는 사람, 손 번쩍.",10
3786,그 열쇠 지금 어디 있어?,10
3787,..광민이 갖고 있을 거예요.,10
3788,시체 갖고 와. 내 요구사항은 이게 다다.,10
3789,으.....,10
3790,"너, 이 새끼... 이게 다 뭐야! 칼 내려놔.",10
3791,"야, 최형사.",10
3792,"칼 내려놔, 새끼야!!",10
3793,야.. 너 미쳤냐..,10
3794,"아냐, 오해야. 오해가 있어.",10
3795,.....이것도 오해냐?,10
3796,"니가 차사고 났다고 말한 23일, 그 이틀 전 사진이야. 사고 났다는 날 전에 벌써 깨져 있어.",10
3797,뺑소니 사고 지점 1키로 부근에서 찍혔다... 오해냐?,10
3798,우리가 아무리 모범 경찰은 아니지만 그래도 이건 아니지.,10
3799,"..하.. 하.. 그래,.. ..그만 하자. ..내가 왜 이렇게 됐지..",10
3800,"...그만 가자. 나 이젠 좀 쉬어야겠다. 하,,",10
3801,"쉰다고.. 참 편하네.. 너 과실치사에 시신유기면 환갑 돼도 못나와.. 넌 그렇다 치고 니 딸은..? 아, 엄마 따라 미국 가면 되겠네. 소송도 안하고.. 그냥 깔끔히 해결되네. 다행이다 야..",10
3802,그럼 나보고 어떡하라고.. 어?! 나 어떡하면 되는데?,10
3803,...,10
3804,가져가.,10
3805,?,10
3806,알아서 하라고. 너 잡아넣고 내가 편하겠냐?,10
3807,......!,10
3808,난 휴가 좀 낼 테니까 그동안 잘 마무리해. 내가 옆에 있으면 너 불편할 거 아냐. ..나도 오랜 만에 엄마나 좀 보고 와야겠다. 엄마 가게 차려드린다고 약속한 지가... 먹고 사는 게 만만치 않네..,10
3809,상호야.,10
3810,고맙다는 말은 하지 마라.,10
3811,나 좀 도와줘.,10
3812,...?,10
3813,"난데, 옆에 최형사 있지?",10
3814,...그래.,10
3815,밖으로 나와 봐. 중요한 얘기야.,10
3816,지금 말해.,10
3817,나와서 들어. 니들 목숨이 달린 얘기니까.,10
3818,나왔어. ..너 어디야?,10
3819,오른쪽에 다리보이지? ..그 쪽으로 열 발자국만 걸어 와봐.,10
3820,뭔 수작이냐.,10
3821,너 손해 볼 일 아니니까 안심해.,10
3822,갔어?,10
3823,..그래. 갔다.,10
3824,확실히 갔냐?,10
3825,지금 뭐하자는 건데?,10
3826,으아.. 아....,10
3827,트럭 운전한 친구 어때? 홍콩에서 온 앤데 깔끔하던가?,10
3828,......,10
3829,더 이상 말로 안 한다고 경고 했었잖아.,10
3830,내일 오전 6시까지 이광민 꺼내와.,10
3831,..너 어떻게... 왜?!...,10
3832,"고건수, 그딴 전 인류애적인 감상은 개나 주고 일 해야지.",10
3833,"..다 필요 없어.. 끝내자. 나.. 자수한다. ...너도 이제 끝이야, 개새끼야.",10
3834,..너가 그러면 장르가 점점 세지잖아.. 에이 쯧.. 고양시 덕양구 행신2동 휴먼시아 2단지 1502호. 맞지?,10
3835,..너 이 새끼 지금 뭐하는 거야!,10
3836,잠깐만..,10
3837,누구세요?,10
3838,좀 전에 전화 드린 박창민 경윕니다. 고형사 친구요.,10
3839,야이 개새끼야! 그만 둬!,10
3840,안녕하세요.,10
3841,"오빠, 아직 안 왔는데..",10
3842,"곧 올 거에요. 너가 민아구나.. 안녕, 이거 아저씨 선물..",10
3843,"..우와, 총이다!",10
3844,오셨어요?,10
3845,왔어? 밥은?,10
3846,..누구 오지 않았어?,10
3847,아까 오빠 친구가 왔다가 민아 장난감 주고 바로 갔어. 조만간 다시 온대.. 누구야?,10
3848,..민아는?,10
3849,자. 방금 잠들었어.,10
3850,예약 돼 있으니까 내일 먼저 가 있어.,10
3851,오빠는.. 같이 안가?,10
3852,일마치고 뒤따라갈게.,10
3853,언제 올 건데?,10
3854,..최대한 빨리..,10
3855,..안 좋은 일 있는 건 아니지?,10
3856,..갈게.,10
3857,"형님, 이거 좀 드시고 가시죠?",10
3858,맨날 라면이냐.. 딴 거 시켜 먹던가.. 민아 좀 잘 돌봐주고..,10
3859,조심히 다녀오세요.,10
3860,"공포탄 5개 회수됐고, 실탄 5발 나갑니다. 여기 싸인 좀 해주세요.",10
3861,이런.. 잠시 만요.,10
3862,"그래, 돌려준다.",10
3863,더 이상 오지 말고 멈춰.,10
3864,내려서 가져와. 차문 다 열어두고.,10
3865,실어.,10
3866,고작 이거 챙기느라구 늦었냐?,10
3867,뭐 또 숨겨 둔 거 없어?,10
3868,잘 찾아보면 폭탄 하나 나올 거야.,10
3869,아직 생생하네. 수맥 있는데다 묻었었나 봐.,10
3870,잘 갖고 있네.,10
3871,그 총탄 자국!..... 니가 죽였냐?,10
3872,총 맞고 바로 차에 깔리면 그건 누가 죽인 걸까. 너야? 나야?,10
3873,......,10
3874,하긴 누가 죽인 게 무슨 상관이야. 너가 그때 신고만 했어도 여기까지 안 왔을 텐데. 억울할 거 없어. 니가 선택한 거잖아.,10
3875,그래.. 내가 그때 옳은 선택 했다면 너 같은 악마새낀 안 만났겠지.,10
3876,악마는 좀 그렇고 그냥 악당 정도면 인정.,10
3877,..그럼 이제 끝난 거지? 완전히..,10
3878,확인서 써 줄까.,10
3879,앞으론 다신 보지 말자. 잘 가라.,10
3880,잠깐만..,10
3881,그래도 내가 형사 짬밥이 10년인데 달랑 권총하나 들고 왔겠나.,10
3882,......,10
3883,"7시에 예약된 메일 하나가 경찰서로 날아 가. 너가 그동안 마약 빼돌려 팔아 처먹은 거, 유흥업소 불법 운영한 거, 이광민 살인 및 최형사 살인 교사까지.. 니가 행한 못된 짓 중 아마 극히 일부겠지만 이것만으로도 최소 무기징역 나온다에 십팔 만원 건다.",10
3884,공부 많이 했네. 볼수록 나랑 비슷해.,10
3885,아니 난 너랑 달라. 넌 존재자체가 악이야. 쏠 거 아니면 폼 잡지 말고 치워. 시간 간다.,10
3886,오버했네. 나 고형사 안 죽여. 써먹을 때가 많은데 왜 죽이겠어. 어차피 한 배 탔으니까 앞으로 애들 푼 돈 뜯지 말고 내가 시키는 일 좀 해.,10
3887,......,10
3888,열심히 일해야지. 민아 키우려면... 늦겠다. 가봐.,10
3889,"해장국 잘하는데 있는데, 같이 갈까?",10
3890,너나 많이 먹어.,10
3891,진짜 맛있는데..,10
3892,"..이제 출발하려고. 서너 시간 걸리지 않겠나.. 민아는? ..그래, 이따 봐.",10
3893,!!!,10
3894,"놀랬구나, 나도 놀랬다야.. 들어가자.",10
3895,니가 나를 죽여? 감히 나를? 씨발,10
3896,"아, 쓰라려..",10
3897,"내가 니 땜에 기록경신 했다, 이 개새끼야..",10
3898,좆도 아닌 새끼가 감히.. 열쇠 어디 있어? 열쇠 어디 있냐고?!,10
3899,"씨발, 강원도까지 가야되잖아.",10
3900,"꿀이라도 숨겨 놨냐, 곰 새끼야?!",10
3901,"어쭈, 너 뭐하냐, 안 풀어?!",10
3902,"뭐야, 씨발. 날았어?!",10
3903,으악!,10
3904,그냥 내 물건 돌려받겠다는 것뿐인데 왜 이렇게 힘드냐.. 하.. 씨발 내가 잘못 걸린 건가.. 열쇠 좀 내놔라.,10
3905,...나도 몰라... 없어졌어..,10
3906,..니 죽이고 강원도나 가야겠다.. 하아..,10
3907,아아악-,10
3908,넌 나한테 안 돼.,10
3909,이거 덮자.,10
3910,예?,10
3911,"현직경찰 마약 절취 및 밀매, 불법유흥업소 운영, 경관살해, 살인교사, 뺑소니, 사체유기, 폭발물 절취.. 이거 알려지면 우리 다 죽는다. 마약하고 폭탄은 범죄조직간 이권싸움으로 엮고 박창민이는 업무상 순직으로 처리해. 나쁜 놈의 새끼, 국립묘지 가겠네.",10
3912,저 친구는 어떡할까요?,10
3913,..사실 고경사는 피해자이기도 한데...,10
3914,그래도 한 짓도 있고 하니 지방전출 정도는 보내야지 않을 까요?,10
3915,후- 청장님 새로 취임하자마자 이게 뭐냐.. 장반장이라 그랬나?,10
3916,"예, 그렇습니다.",10
3917,이거 죽을 때 까지 묻어둘 수 있겠나? 자네나 저 친구를 위해서..,10
3918,"예, 무덤까지 가겠습니다.",10
3919,"그래, 우리 무덤까지 가자.",10
3920,"기분은 알겠는데, 기분으로 인생사냐. 공기 좋은데 가서 한 1년 푹 쉬고 있으면.. 그거 금방이다.",10
3921,지겨워요. 이제 정말 쉴게요.,10
3922,"너, 퇴직금 받아 최형사 어머니 가게 차려주려 한다며..? 생각은 기특한데.. 에휴.. 경찰 관두면 뭐하게, 어?",10
3923,"우리나라에 직업이 만 이천 가지가 된다는데, 할 일 없겠어요?",10
3924,그래도 임마.. 너까지 가면.. 이젠 아무도 없잖아.,10
3925,"..건수야, 너 경찰 됐을 때 그때 다짐, 기억하냐? 반드시 이루겠다는 너 목표..",10
3926,..정년퇴직하는 거요.,10
3927,"그래, 우리 같은 공무원들 최대목표, 정년퇴직하기. 우리 초심 잃지 말자. 사표처리 안하고 기다릴 테니 빨리 돌아와라.",10
3928,봉분 테두리로 해서 둘레 석을 좀 단단히 쌓아주세요. 파헤쳐지지 않게..,10
3929,무슨 왕릉도 아니고.. 누가 파헤치겠습니까.,10
3930,..암튼 튼튼히 해주세요.,10
3931,이럴 거면 처음부터 합장을 하던가.. 엄마 이사 다니시려면 귀찮으시겠다.,10
3932,"그래도 아버님 옆으로 가시는 거니까 좋아하실거예요. 어머님이 자제분들을 아주 잘 키우셨네요. 요즘 세상에 부모님 묘소, 이렇게 돌보는 자식들이 어디 있나요. 내가 저번부터 주욱 보니까 이분 꽤 효자네, 효자.",10
3933,"직장도 관두더니, 그나마 월세 좀 받아먹던 점포에단 동료 엄마 가게나 차려 주고. 그 가게 나한테 넘겼으면 월세는 냈을 거 아냐.. 쯧..",10
3934,..자리 잡으시면 다 받을 거야. 걱정 말아.,10
3935,"영철이 너, 조그만 중고 트럭 좀 알아봐.",10
3936,예?,10
3937,"토스트장사, 일단 스넥카로 시작해보자. 경찰서 앞에다 펼쳐놓고, 짬밥에 지친 애들한테 팔아보자.",10
3938,오라버니...,10
3939,"형님, 경찰서엔 짭새들이 얼마나 살아요? ..몇 분 계세요?",10
3940,..의경 애들까지 하면.. 한 삼백 칠팔십 명?,10
3941,"그럼 보자.. 토스트 하나에 1500원, 곱하기 이백 오십만 잡아도.. 하루에.. 오우...",10
3942,얼마야?,10
3943,몰라. 나 문과잖아.,10
3944,난 내일부터 서울 떠난다. 민아랑 같이 캠핑도 하고.. 좀 쉬다 올게.,10
3945,지금 여행 다닐 때야.. 직장 안 구해?! ..직장 없으면 양육권 소송서 불리해질 수도 있다며...,10
3946,내가 왜 직장이 없어. 토스트 가게 사장은 나다. 당분간만.. 그만가자. 나 짐 싸야 돼. 민아야. 할머니에게 인사하고 집에 가자.,10
3947,"할머니, 안녕히 계세요! 조만간 아빠가 할머니 만나러 간데요. 나는 아주 나중에 호호할머니가 돼서 가께요. 아빠랑 잘 놀고 계세요.",10
3948,"쟤가 오빠 닮아 참 똑똑해. 민아야, 고모랑 손 닦자. 손 탁탁 털어.",10
3949,우리 꺼 맞는데요.,10
3950,모셔다 드려.,10
3951,신분 확인 안 해도..,10
3952,그거 확인 하면 우리 장사 못한다. 찾아가시는 건가요?,10
3953,..예..,10
3954,얼마나?,10
3955,"..다요, 전부 다.",10
3956,금고주인이 제대로 안 가르쳐 주셨나 보네.,10
3957,번호 누르시고 들어가시면 됩니다.,10
3958,!!!,10
3959,"트럭 한 대 불러드릴까, 아니면 안전한 수표로 만들어 드릴까.. 7프로 띠고..",10
3960,"오빠, 난데.. 진짜 돈 얘기해서 미안한데... 바빠?",10
3961,..아냐.. 계속해봐.,10
3962,..한 300백 정도 빌려줄 수 없나.. 더 이상 카드 돌려막기가 안 되네...,10
3963,..헛.. 헛..,10
3964,"..오빠, 화났어? ..미안해. ..오빠? 오빠, 술 마셔? 오빠?",10
3965,조폭. 이강희 논설주간과 오랜 공생관계.,10
3966,수도일보 논설주간. 일국당 장필우 의원을 유력한 대권후보로 키운 킹메이커.,10
3967,"서울지검 특수부 검사. 물라면 물고 놓으라면 놓고, 조직에 충성하는 사냥개.",10
3968,일국당 유력 대권후보. 이강희 논설주간과 고등학교 동창.,10
3969,미래자동차 회장. 이강희 논설주간과 장필우 의원의 든든한 후원자.,10
3970,청담동 룸살롱 얼굴마담. 조폭 안상구가 관리하던 예전 걸그룹의 멤버.,10
3971,문방섀시 대표. 조폭 안상구의 심복.,10
3972,오회장의 해결사. 조폭 안상구를 폐인으로 만든 장본인.,10
3973,일국당 대권후보를 두고 장필우와 경쟁한다.,10
3974,우검사의 직속상관. 차기 대권을 주시하며 줄타기에 정신없다.,10
3975,부장검사의 선배. 김석우 의원 라인에 줄을 대고 있다.,10
3976,월간수도 검찰청 출입기자.,10
3977,중부경찰서 정보과 팀장. 장필우 의원의 지시로 안상구를 감시한다.,10
3978,야당 최고의원. 우검사의 대학교 스승.,10
3979,"그럼, 시작하겠습니다.",10
3980,이유가 뭔가요? 이런 선택을 하신 진짜 이유가 있을 거 같은데.,10
3981,"기자양반, 영화 좋아허요?",10
3982,예.. 뭐...,10
3983,빠빠빠... 빠빠빠.. 빠라라~,10
3984,?,10
3985,예전에 토요명화 허벌나게 봤구만.. 이 음악만 나오면 가슴이 벌렁벌렁했지..,10
3986,"질문에 좀 집중하죠. 정의심 때문입니까? 아님, 복수?",10
3987,그 얘기는 난중에 하기로 허고..,10
3988,"저, 영화 얘기는 나중에 하고요. 내가 지금 영화 보러온 것도 아니구..",10
3989,"어이, 사람 말하는데 톡톡 자르지 말고 끝까지 들어.",10
3990,...,10
3991,"여튼, 잭니콜슨 코가 아주 십창이 나거든...",10
3992,...?,10
3993,이 도시 사람들 절반이 그 사실을 은폐하려는 것,10
3994,그니까 이유가 뭐냐고요? 이런 선택을 하신 이유가 있을 거 아닙니까?,10
3995,...,10
3996,"정의심, 복수 그거야 난 상관없소. 하지만 기자양반, 빌어",10
3997,아무래도 검찰의 수사는 피할 수 없겠습니다.,10
3998,주여.. 혜안을 주소서...,10
3999,"예, 까라면 까고 덮으라면 덮는 서울지검 특수부 검사 우장훈입니다.",10
4000,이 새끼가.. 지금 어디야?,10
4001,낚시하는데요.,10
4002,지금 물고기 잡을 때냐?,10
4003,휴가 가라면서요?,10
4004,너 임마 장필우 잡고 싶다며!,10
4005,잡지 말라면서요?,10
4006,안상구가 기자회견을 한다잖아!,10
4007,그럼 물고기 그만잡고 장필우 잡으러 들어갑니다?,10
4008,당장 들어와서 브리핑부터 해!!,10
4009,"주간님, 가판마감입니다. 원고 어떻게 되셨습니까?",10
4010,문 닫아요.,10
4011,국장님께서 빨리 마감해달라셨습니다.,10
4012,문 닫습니다.,10
4013,꼭 오게 만드시네... 또 어떤 단어가 연필을 멈추게 했습니까?,10
4014,“의도했다”와 “의도를 의심케 했다”,10
4015,의도했죠...! 단체행동이 어딨습니까.,10
4016,“의도했다”라면 좀 더 밝혀져야 합니다. 아직은 러프해요.,10
4017,우린 “의도했다”입니다.,10
4018,우린.. 우리 신문은... 그렇죠!,10
4019,예!,10
4020,됐습니다.,10
4021,에이~ 주간님도 참.. 세상 어느 논설주간이 상의하고 단어를 써요.,10
4022,미안하지만 회사에 반하는 글을 쓸 수 있나요.,10
4023,본받아야해! 본받아야해!,10
4024,물건은?,10
4025,갈팡질팡하는데요.. 술만 먹고.,10
4026,이 씨발놈 술을 처먹어도 아주 비싼 데만 골라요..,10
4027,오빠가 대학 다닐 때 최루가스 엄청 맡았거든.. 돌멩이도 좀 던졌고...,10
4028,비자금? 그게 뭔데?,10
4029,거 마누라 몰래 조금 슈킹하는 게 있어.. 그래야 부모님 용돈도 드리고...,10
4030,우리 오빠 증말 힘들겠다..,10
4031,그 맘 제가 다 이해하죠.. 정의심 땜에 잠 한숨 못 주무시,10
4032,물론 정의를 위해서 내가 희생을 하는 건 올라잇!! 근데.. 가족을 생각하자,10
4033,"야, 니들 좀 나가있어.",10
4034,"왜, 분위기 좋은데?",10
4035,씨발.. 나가 있으라고.,10
4036,"야, 어디가? 이리와~",10
4037,뭐야! 씨발!!,10
4038,"어이, 대한민국 검사가 좆으로 보여?",10
4039,...,10
4040,"똑바로 앉아, 씨발놈아!!",10
4041,얼마나 빼돌렸어? 1억? 십억?,10
4042,무슨 말씀이신지..,10
4043,"어이, 똑똑히 들어. 미래차가 한결은행서 3천억을 받아서 비자금을 조성하고",10
4044,...,10
4045,"날 찾아왔으면 비즈니스를 해야지. 왜 술만 처먹고 지랄이야, 지랄은.",10
4046,...,10
4047,"어떡할래? 나랑 같이 검찰로 갈래, 아님 물건 넘기고 집으로 갈래?",10
4048,... 잠깐 화장실 좀..,10
4049,너무 세게 몰아붙이신거 아닌가 싶네요..,10
4050,"그럼, 병신처럼 저 새끼 술이나 사주고 밑이나 닦아줄 거 그랬나?",10
4051,뭐.. 그건 아니죠... 근데 비자금에 손댄 건 어떻게 아셨어요?,10
4052,검둥개 멱 감는다고.. 원래 구린 놈들은 아무리 씻어도 구린내가 가시질 않,10
4053,씨발.. 잘못 걸렸네...,10
4054,밟으면 지렁이도 꿈틀댄다고? 조까고 있네.,10
4055,그래서 사랑하는 여자까지 죽였어요? 대한그룹의 사위가 되려고.,10
4056,... 너 지금 나 협박하냐?,10
4057,"... 아니, 당신을 죽여 버릴 거야!!",10
4058,... 컷!!,10
4059,"사장님, 어때요?",10
4060,우리 혜진이 많이 늘었구만..,10
4061,정말?,10
4062,힘만 좀 빼면 좋겄는데.. 대사는 다 익혔고?,10
4063,대사야 다 외웠죠.. 근데 감독님이 날 캐스팅할까?,10
4064,그딴 건 걱정 말고 넌 캐릭터나 연구혀. 나머진 내가 알아서 할 테니까.,10
4065,3분만 있다가 들여보내. 감독 왔다.,10
4066,우리도 감독님이랑 작업하고 싶은 맘이 없는 건 아닌데.. (반가운 얼굴로 눈,10
4067,박감독이 아주 난리가 났구만..,10
4068,박감독 누구?,10
4069,박영철감독이라고.. 왜 지난번 깐에서 감독상 받고.. 요즘 잘나가데..,10
4070,"예, 장민호라고 합니다. 반갑습니다.",10
4071,근데 박감독이 왜?,10
4072,왜긴 뭐.. 김스타 좀 보자는데.. 책도 없이 얼굴 봐서 어쩌,10
4073,책은 봤어?,10
4074,... 밟으면 지렁이도 꿈틀댄다고? 조까고 있네.,10
4075,그래서 사랑하는 여자까지 죽였어요?,10
4076,너 지금 나 협박하냐?,10
4077,"... 아니, 당신을 죽여 버릴 거야!!",10
4078,...?,10
4079,책은 잘 봤습니다. 인사들 하세요. 여긴 내가 데꾸있는 신인배우.,10
4080,...? 김스타는 언제 오나?,10
4081,김스타는 곧 옵니다. 차가 좀 막혀서.. 감독님 우리 혜진이 어때요?,10
4082,그거야 뭐.. 당혹스럽네..,10
4083,혜진이는 그만 나가있고.,10
4084,"감독님, 그럼 담에 뵐게요.",10
4085,부담은 갖지 마시고.. 내가 뭐 꼭 우리 혜진이를 써야 김스타를 박겠다는..,10
4086,...?,10
4087,하하하.. 우리 안대표 참.. 하여튼 유머감각이 남달라... 하하하..,10
4088,웃겨? 내가 웃기냐고?,10
4089,...? 아니.. 그게 아니고.. 난 그냥...,10
4090,쫄기는.. 그냥 뭐 저야 감독님헌테 정중히 부탁드리는 겁니다.,10
4091,"우리 안대표님, 영화 잘 아시네.. 전문가야.. 영화과 나오셨나?",10
4092,"...? 그려, 어떻게 됐냐? 지금 미팅중이니",10
4093,내가 소싯적에 토요명화 죽돌이여.. 빠빠빠... 빠빠빠.. 빠라라~,10
4094,밥들은 먹었고?,10
4095,예!!,10
4096,물건은?,10
4097,아직.. 죄송헙니다.,10
4098,오늘 마누라 생일이라며?,10
4099,"형님, 고맙습니다.",10
4100,짜식.. 고마우면 잘혀.. 알겄냐?,10
4101,예. 목숨을 바치겠습니다.,10
4102,지랄허고자빠졌네.. 목숨은 니 마누라헌테 바치고 시키는 일이나 잘하라고.,10
4103,예..,10
4104,사.. 살려 주세요... 전 아무것도 몰라요...,10
4105,...,10
4106,거 담배 좀 끊으쇼.. 나이도 있는데..,10
4107,짜식.. 넌 임마 장가 안가냐? 나이도 있는데?,10
4108,가면 뭐합니까? 형님처럼 기러기 아빠로 살라고?,10
4109,휴~,10
4110,거 고만하고 애들이랑 형수 들어오라고 하쇼.,10
4111,아휴.. 혼자 살아.. 어차피 인생 도꾸다이다.. 근데..,10
4112,눈까리 백 개 있어 봐요. 내가 겁내나.,10
4113,왜 이리 신났어?,10
4114,"확장성, 머시냐 호환성이 좋다고 해야 할까?",10
4115,뭔데 그래?,10
4116,"나중에 형님 정계, 재계, 학계 진출 시 요긴한 자료가 되고... 지도 역시 빠",10
4117,그니까 뭐냐고?,10
4118,한결은행서 3천억을 받아갖고 장필우한테 3백억을 쐈습디다.,10
4119,...!!,10
4120,미래자동차 오너님 비자금 파일! 흐흐흐...,10
4121,뭐?,10
4122,형님께서 맡아주쇼. 나중에 요긴하게,10
4123,이런 여우같은 곰을 봤나..,10
4124,미래자동차 재무팀장이었던 문일석한테 받은 겁니다.,10
4125,"오현수 회장 별장에서 성접대가 있었다고 하는데, 사실입니까?",10
4126,성접대에 동원된 여성들은 누구죠?,10
4127,"오회장과 장의원으로부터 보복을 당했다고 주장했는데,",10
4128,...,10
4129,에헤~ 그러다 아그들 얼굴 뚫어지겠구만..,10
4130,특에이로다가 캐스팅했으니까 걱정 붙들어 매쇼. 들어들 가.,10
4131,연장 끄내니까 바루 토해냅디다.,10
4132,그리고 나 한마디만 헙시다.,10
4133,...?,10
4134,나두 이제 나이도 있고.. 이것저것 비즈니스도 한둘이 아닌데..,10
4135,...,10
4136,웬만허면 조상무가 알아서 허쇼. 지집아들도 알아서 구하시고.,10
4137,달 참 밝다.. 달아달아,10
4138,빨갱이 섀퀴들...,10
4139,...,10
4140,우째됐건 참 좋은 일이데이.. 언론사와 기업이 마케팅 파트너,10
4141,예..,10
4142,"회장님, 늦어서 죄송합니다.",10
4143,괘안타. 약속한 시간에 정확히 왔다 아이가.,10
4144,노는 게 귀찮으면 죽어야죠.. 헤헤...,10
4145,비정규직관련법안은 어케 됐노?,10
4146,저 장필우가 목숨 걸고 막고 있으니까 걱정 마십쇼.,10
4147,"그럼, 한잔 해뿌까?",10
4148,마 장의원 클럽이 아주 실하데이.. 드라이버다.. 드라이버...,10
4149,파 5홀에서 홀인원...?,10
4150,이를 우짜노? 고마 핀 앞에서 섰부렸네?,10
4151,이럴 땐 제가 나서지요..,10
4152,"안상구 사장. 사장, 사장 해주이께네.. 다 똑같은 사장으로 비요?",10
4153,...,10
4154,사이즈가 다르잖소. 청소를 시켰으면 청소만 해주지 와 쓰레기를 훔치요?,10
4155,...?,10
4156,...!! 도청했냐?,10
4157,복사본 또 있어예?,10
4158,...,10
4159,갖고 온나.,10
4160,여 하나 썰고..,10
4161,여기요?,10
4162,거 말고 여기 썰라고.,10
4163,...?,10
4164,"우리 상구씨, 이제부터 바보로 삽시데이.",10
4165,...?,10
4166,"고마 썰어버리고, 정신병원으로 보내뿌라!",10
4167,조상무!! 조상무!!! 너 이 씨벌럼아...,10
4168,병신은 됐지만.. 날 바보로 만들진 못허지...!,10
4169,정신병원엔 얼마나 갇혀있었죠?,10
4170,1년 허고 6개월 정도 있었는데 매일 두 번씩 약이 나옵디다.,10
4171,밥을 먹지 않아도 허기지지 않고.. 허벌나게 잠만 오드만...,10
4172,참말로 바보가 되겠구만 싶어서.. 약이 안 넘어갑디다.,10
4173,병원에서는 어떻게 나왔습니까?,10
4174,경영악화로 병원이 문을 닫드만.. 그래서 뭐.. 걸어 나왔습니다.,10
4175,"그럼, 안상구씨는 복수를 원해서 이러는 겁니까?",10
4176,복수 같은 그런 달달한 거로다가 몰고 가면 머시냐..,10
4177,2년 전 미래자동차 재무팀 팀장 문일석으로부터 제보를 받고 증거자료를 넘,10
4178,안상구는 뭐하는 사람입니까?,10
4179,... 건달입니다.,10
4180,깡패?,10
4181,예.,10
4182,인사드려.,10
4183,안상구라고 합니다.,10
4184,최근 해철이파라고 신흥조직입니다. 조장을 맡고 있습니다.,10
4185,어려 보이는데.,10
4186,그만큼 똘똘한 친구요.,10
4187,주먹 쓰는 친구가 똘똘하기까지 하면 사고치는 거 아뇨?,10
4188,사고 칠 머리까진 없습니다.,10
4189,올해 대선에서 큰 역할을 해줄 것으로 기대하고 있습니다.,10
4190,첫 수저 뜨는 일이니만큼 폐 끼치지 않게 열심히 하겄습니다.,10
4191,... 한잔 하시오.,10
4192,"힘 빼고, 고개 들지 말고. 팔로우를 끝까지.",10
4193,쪼간한 게 내 맘 같지 않구만...,10
4194,힘으로만 치려고 하니까 그렇지.. 공도 안보고..,10
4195,본거 같은데..,10
4196,빠따만 꽉 쥐고 있지 말고 공을 보란 말이야.. 그래야 니가 원하는 걸 얻지.,10
4197,...?,10
4198,검정고시 봐서 전문대라도 들어가.,10
4199,저 공부 싫은데요..,10
4200,너 깡패 왜 됐냐?,10
4201,뭐.. 그냥... 서울 와서 그짝으로 풀렸는데요..,10
4202,그래서 그냥 양아치로 살래?,10
4203,...,10
4204,너도 성공하고 싶으니까 나한테 온 거 아냐?,10
4205,...,10
4206,앞으로 내가 시키는 대로만 할 수 있겠어?,10
4207,예. 시켜만 주십쇼.,10
4208,... 좋아. 지금부터 넌 내가 주는 밥그릇만 받아먹는다.,10
4209,...?,10
4210,괜히 주인밥상에 숟가락 얹지 말라고.,10
4211,...,10
4212,"이정재, 김화수, 유지광, 정치깡패들이 왜 죽었는지 알지?",10
4213,...,10
4214,감당할 수 없으면 지금 빠지고.,10
4215,...,10
4216,10분만 있다가 지집아들 넣어주고.,10
4217,예.,10
4218,"상구야, 요즘 검찰 장난 없다.",10
4219,그래도 저희가 애쓴 건 알어주시겠죠.. 설마 모가지 자를까요?,10
4220,내가 월간수도 기자들 라인으로 보니 야당이 가만있지 않을 것 같아.,10
4221,지가 달려 들어가면 이짝도 걸릴 것 투성인데..,10
4222,너 연예기획사 갖고 있지? 지금 몇몇 PD 작살내고 있거든.,10
4223,...,10
4224,장필우 믿어봐. 그 친구가 너 보고만 있지 않을 거다.,10
4225,...,10
4226,장필우고 나발이고 전 형님만 보고 갑니다.,10
4227,"내 줄이 니 줄이야, 임마.",10
4228,오현수 회장과 장필우 의원은 어떻게 알게 됐습니까?,10
4229,수도일보 논설주간 이강희를 통해 소개받었습니다.,10
4230,이강희 논설주간과는 어떤 관계죠?,10
4231,... 그건 스토리가 좀 기니까.. 검찰에 출두해서 밝히겠습니다.,10
4232,후~ 재주는 곰이 넘었는데.. 떼놈이 누구냐...?,10
4233,미래자동차와 장필우 의원의 비자금을 폭로한 안상구씨가 조금 전 검찰에,10
4234,이제 시작해볼까요?,10
4235,어디서부터 하면 되겄소?,10
4236,정신병원에서 나온 뒤부터 시작해보죠.,10
4237,후~ 병원서 나와 보니까.. 나 말고 장필우를 노리는 자가 또 있드만..,10
4238,그게 누굽니까?,10
4239,"아따, 고게 누굴란가?",10
4240,...,10
4241,수도일보 이강희한테 연락해가 밥이나 함 묵자 해라.,10
4242,"예, 알겠습니다.",10
4243,"이기.. 글이고, 똥이고?",10
4244,음식이 어떻습니까? 간이 좀 맞습니까?,10
4245,"예, 뭐 그럭저럭.. 먹을 만합니다.",10
4246,여도 많이 변했어요.. 예전에는 간이 딱 맞았는데... 하기사 우리 주간님도,10
4247,"김의원님, 실례지만 양념은 그만 치시고 지금 어떤 요리를 하시는지 말씀해",10
4248,장필우의원이 검찰뺏지 빼고 금뺏지 단 게 20년입니다.,10
4249,어허.. 김의원님 오늘 로타리만 도실 겁니까?,10
4250,미래자동차. 장의원과의 관계에 대해 들어보신 적 있으십니까?,10
4251,...,10
4252,"한식구라 쉬쉬하고 있기는해도, 내 감으로 보건데 스톱워치는 눌러졌습니다.",10
4253,무슨 말씀을 하시고 싶은 겁니까?,10
4254,시한부 인생이란 겁니다. 지금이야 석명관 은행장이 해외도피중이라 잠잠하,10
4255,...?,10
4256,그럼 검찰도 뒷짐만지고 있지는 못할 거고...,10
4257,...,10
4258,오늘의 요지입니다. 스테션 풔 트렌스퍼. 차를 갈아탈 때가 왔다 이겁니다.,10
4259,저 같은 글쟁이가 무슨 힘이 되겠습니까?,10
4260,장의원을 캐스팅해가 여의도에 데뷔시킨 게 이주간님 아입니까?,10
4261,...,10
4262,당장은 내한테 이런 실 하나 걸쳐주십사..,10
4263,... 짜네.. 음식이 무척 짜군요..,10
4264,"이번 건은 팀워크 맞춰보는 정도라고 생각하시고,",10
4265,"그럼요, 그럼요. 맘 같아선 자재비만 빼고 다 드리고 싶죠.",10
4266,예끼.. 누굴 도둑으로 만들어.. 하하하..,10
4267,"그래, 박사장도 이참에 금줄 잡았으니 확 일어서시게.",10
4268,감사합니다. 명심하겠습니다.,10
4269,지금 상황에서 이게 중요해?,10
4270,글쎄요..,10
4271,저무는 거라고.. 요게 다시 발딱 서나?,10
4272,힘들죠. 임기가 1년도 안 남았는데..,10
4273,그니까! 중요한 건 다음인데... 어차피 야당 애들은 포기하는 눈치고...,10
4274,가만 안두겠죠.,10
4275,그리고 김석우가 너 고등학교 선배라며?,10
4276,국민학교로 알고 있는데요.,10
4277,그니까!! 나랑은 대학동기야. 그림이 좋잖아?,10
4278,나쁘지 않죠.,10
4279,그쪽이랑은 얘기 다 끝냈으니까 장필우만 확실히 잡어.,10
4280,알겠습니다.,10
4281,칼잡이가 누구야?,10
4282,"우장훈이라고 특수부 에이슨데, 잠깐 오라고 했습니다.",10
4283,족보는?,10
4284,지방대 출신이라 족보는 없는데.. 그래서 꼬리 자르기도 좋구요.,10
4285,근데 어떻게 여기까지 왔어? 족보도 없이.,10
4286,연수원 성적이 탑입니다.,10
4287,애는 어때?,10
4288,얄짤없습니다. 한번 물면 미친년 빤쓰까지 털어내죠. 충성도도 높고.,10
4289,"어, 왔어. 인사드려. 여긴 17기 오명환 선배님. 지금은 민정수석으로 계시고.",10
4290,우장훈입니다.,10
4291,앉지.,10
4292,몇 기?,10
4293,33깁니다.,10
4294,연수원 탑이었다구?,10
4295,예.,10
4296,근데 뭐하러 검찰에 왔어? 로펌에 가서 돈이나 벌지.,10
4297,... 검사가 제 길이라고 생각했습니다.,10
4298,거 별로 좋은 길도 아닌데.. 요즘 검사 누가 알아주나...,10
4299,선배님이 검찰을 선택하신 이유와 크게 다르지 않을 겁니다.,10
4300,"... 이 친구 제법이구만.. 자, 한잔 받지.",10
4301,"예, 알겠습니다.",10
4302,"아이고, 김장관님, 전화를 다 주시고..",10
4303,...,10
4304,전 지금 옥류당에서 식사중인데.. 그래요? 알겠습니다.,10
4305,누군데요?,10
4306,김장관이 여기 왔다네.. 나 잠깐 갔다 올게..,10
4307,앞으로 기대가 커. 잘해보라구.,10
4308,예.,10
4309,아흐.. 속 쓰려... 이제 이 짓도 못해먹겠다...,10
4310,조금만 더 시간을 주십쇼.,10
4311,타이밍 놓치면 좆되는 거야. 니가 아무리 잡고 싶어도 못 잡아요.,10
4312,예.,10
4313,그리고 이번 인사말이야..,10
4314,양프로가 대검으로 가게 됐다.,10
4315,... 저 이번에 물먹으면 삼수에요.,10
4316,나두 힘들다.. 누군 삼수생 두고 싶겠냐..,10
4317,솔직히 까놓고 얘기해서 저만큼 조직에 충성하는 놈 있습니까?,10
4318,없지..,10
4319,"그럼, 양프로가 저보다 실력이 뛰어납니까?",10
4320,"실력이야 당연 니가 에이스지.. 근데, 양프로 걔 장인이 청와대 라인이잖아..",10
4321,...,10
4322,어쩌겠냐? 좆같아도 대한민국 실력보다 줄인데.,10
4323,...,10
4324,그래서 하는 얘긴데... 장필우만 잡아. 그럼 줄이고 빽이고 다 필요 없어.,10
4325,...,10
4326,"예, 선배님. 알겠습니다.",10
4327,...,10
4328,내 말 명심하고.,10
4329,씨발..,10
4330,"피니시가 안 좋아, 내가. 공이 뻗질 않아.",10
4331,채가 맘에 안 드시는 건 아닌가요?,10
4332,혼마라면 나도 있지.,10
4333,별이 다섯 개!,10
4334,혼마 5스타?,10
4335,월간수도는 어때?,10
4336,수도일보 있을 때가 좋았죠.. 어차피 뭐 월간수도야 수도일보 따까린데...,10
4337,그러게 왜 돈을 받고 글을 쓰고 그래.. 기자가..,10
4338,요즘 누가 뭐 그냥 쓰나요.. 기자가..,10
4339,죄송합니다.,10
4340,요즘도 검찰청 출입하나?,10
4341,그럼요. 그나마 제가 검찰통이라 요렇게 빌어먹고.. 혹시 필요하신 거라도..?,10
4342,검찰이 장필우를 물고 있다고?,10
4343,아직 확증은 없는데.. 그냥 물고만 있는 거죠 뭐...,10
4344,누구야?,10
4345,우장훈 검사라고 특수부소속인데.. 좀 재수가 없죠.. 그 새끼가...,10
4346,거기 캡이 누구지?,10
4347,최충식 부장검사라고 지검장 직계죠.,10
4348,민정수석라인이네?,10
4349,김석우쪽이라고 봐야죠.,10
4350,... 우장훈 걔는 고향이 어디야?,10
4351,경상도요.,10
4352,광어야?,10
4353,잡어에요. 실력이야 최곤데 족보에 밀려서 이번 인사 때도 물먹었거든요.,10
4354,캐릭터는?,10
4355,좆같죠. 기자들이랑 사이도 안 좋고.. 지 혼자 잘났죠 뭐..,10
4356,...,10
4357,스고이!!,10
4358,별이 다섯 개!,10
4359,"고기자, 수도일보로 다시 와야지?",10
4360,불러만 주시면 목숨을 바치겠습니다.,10
4361,그럼 내가 부탁 하나만 해도 괜찮겠어?,10
4362,분부만 내려주십쇼.,10
4363,너 우장훈 걔랑 술 한 잔 해라.,10
4364,예?,10
4365,...?,10
4366,...?,10
4367,"야 임마, 너 화장실 청소는 다 했냐?",10
4368,골프채 닦아놓고. 사무실 청소 좀 해라. 알겄냐?,10
4369,후~,10
4370,달라고 할 땐 언제고..,10
4371,"장필우의원 후원회 회장 송만섭이라고 리버건설 대표로 있는데,",10
4372,건설사 대표가 후원회 회장이라?,10
4373,그렇더라구요. 장의원 처남의 둘째가 그 회사 이사로 있구요.,10
4374,... 누구에요?,10
4375,"문방섀시라고 섀시만드는 회사의 대푠데, 자세한 건 지금 파악 중입니다.",10
4376,건설사대표랑 섀시업자라.. 궁합도 좋고..,10
4377,요즘 회사도 안 나오고 집에만 있다는데요. 장의원이랑은 접촉도 없구요.,10
4378,그 양반 간이 쉽게 쪼그라드나.. 검찰을 똥으로 아는데..,10
4379,근데 검사님.. 괜찮으세요?,10
4380,뭐가요?,10
4381,양검한테 밀리셨다고.. 어떻게 오늘 소주 한잔 하실래요?,10
4382,물을 하두 처먹어서 술맛도 안 납니다.,10
4383,...,10
4384,일단 문방섀시가 어떤 회산지 자세히 알아보세요.,10
4385,네.. 근데 우리가 잡을 수 있을 까요? 워낙 강적들이라...,10
4386,뭐라도 좋으니 썩은 동아줄 하나라도 들고 오세요.,10
4387,밥은 먹었냐?,10
4388,아직 안 먹었습니다.,10
4389,붙어서 한 젓가락 거들어.,10
4390,아닙니다. 형님 드십쇼.,10
4391,왜? 병신이 끓인 거라 드럽냐?,10
4392,아.. 아닙니다.. 형님 드시기에도 부족해 보여서요..,10
4393,콩 한쪽도 나눠 먹으라 했다. 언능 와서 거들어.,10
4394,예.,10
4395,공사는?,10
4396,오늘 큰 거루다가 5장 넘겼습니다.,10
4397,자리 한 번 더 만들어라. 그짝도 간보는 건 끝났을 거여.,10
4398,안 그려도 조만간 장의원을 직접 보기로 혔습니다.,10
4399,깨끗허게 세탁한 겁니다. 위치추적도 안되고요.,10
4400,"형님, 엮은 다음엔 물 먹이는 것만 남은 겁니까?",10
4401,누굴?,10
4402,장필우 의원요.,10
4403,장필우를 물 먹여?,10
4404,"예, 아닌가요? 시방... 그거 구상하시는 거 아닙니까?",10
4405,아.. 이... 써글놈들....,10
4406,죄송헙니다.,10
4407,담배 있냐?,10
4408,예.,10
4409,후~ 장의원 낙마해서 우리가 얻는 게 뭐여? 쾌감? 복수?,10
4410,...,10
4411,"복수는 그런 게 아니다. 우린 장의원한테 고마운 사람, 감사한 사람이 돼야",10
4412,예...,10
4413,난 작은 것 하나만 해주면 되는거여. 마음 속 종을 울려주기만 허면 된다고.,10
4414,문방입장에선 한두푼 이익보자고 이런 거물한테 붙은 건 아닐 테고...,10
4415,...,10
4416,뭐에요?,10
4417,안상구라고.. 일개 조직에서 자라 얼마 전까지 회장소리 듣던 자에요.,10
4418,깡패라고?,10
4419,"예, 조회를 좀 해보니까..",10
4420,연예쪽도 관련 있어요?,10
4421,"건설사에 대부업체, 연예기획사, 나이트, 룸살롱 완전 문어발이에요.",10
4422,방송PD 로비사건은 면피용이다?,10
4423,제 직감으론 그렇습니다. 그리고 문방사장은 안상구 심복이었구요.,10
4424,그 정도로 손상을 주지 않으면 안 되는 사,10
4425,누구요?,10
4426,... 잘나가던 정치깡패가 자신의 부하를 통해서 장필우의 빨대를 물었다.,10
4427,그러게요.. 하던 사업이면 뇌물먹일 때나 비밀스러우면 되지.. 나머진 시스템,10
4428,위장하고 있는 겁니다.,10
4429,위장이요?,10
4430,이 자식들 공사치고 있구만..,10
4431,"화끈한 오빠들이랑 한번 붙여드릴까? 아님, 나두 좋구..",10
4432,...?,10
4433,"아저씨, 나 좀 급해서 그러는데.. 화장실 좀 쓸 수 있어요?",10
4434,...?,10
4435,여자화장실이 꽉 차서.. 팁은 두둑하게 드릴게..,10
4436,고마워요..,10
4437,...?,10
4438,꼴이 그게 뭐야? 밥은 먹고 다녀요?,10
4439,좋아 보인다.,10
4440,나야 뭐 죽지 않았지.. 근데 꼭 이렇게까지 해야 돼?,10
4441,바보로 살라는데.. 바보로 살어야지 별수 있겄어?,10
4442,무섭네.. 병신 만든 것도 모자라서 엿듣기까지 해..,10
4443,무섭지.. 그거 몰랐다가 요 꼴 됐구만..,10
4444,근데 웬일이세요?,10
4445,너 나랑 영화 한편 허자.,10
4446,장르는?,10
4447,복수극으로 가자고.. 화끈허게.,10
4448,누군데 그래요?,10
4449,장필우 빠는 거여.,10
4450,"회장님, 왜 불을 들고 빗속으로 뛰어드세요.",10
4451,선금3억. 마무리되면 7억.,10
4452,선금5억. 마무리되면 5억.,10
4453,오케바리. 넌 일단 정사장 만나서 프로필 넘겨. 파티하나 잡아달라 허고.,10
4454,근데 나 혼자 뛰는 건가?,10
4455,원톱으로 되겄어?,10
4456,누구에요?,10
4457,박사장이라고 넌 모르는 애여.,10
4458,언제 한번 봐야 되는 거 아닌가?,10
4459,뭐하러? 눈 맞아갖고 바람나 도망가려고? 갸는 원톱으로 알고 있어.,10
4460,내가 뛰는 걸 모른다?,10
4461,믿을 놈이 없어서.,10
4462,회장님은 날 믿어요?,10
4463,그래서 앞이나 보이겄어? 왕년에 주은혜를 누가 기억이나 할란가?,10
4464,...,10
4465,라이방이나 좀 벗어봐. 간만에 시선 한번 맞춰보자고.,10
4466,...,10
4467,나 배신하면 확 분질러놀란게.. 알아서 혀.,10
4468,어디까지 나왔어?,10
4469,"검찰청 보도 자료에 따르면 직접 낙서에 참여한 사람은 총 여섯 명,",10
4470,그러게 왜 쥐새끼를 그리고 지랄이야.. 우리가 따로 취재했던 거 있지?,10
4471,"예, 검찰 시각과 다소 다른 점이 있습니다.",10
4472,킬 해! 기사는 검찰 보도 자료를 베이스로 조지라고!,10
4473,예.,10
4474,이번 건은 검경을 좀 빨아줘야 돼. 주간님도 같은 생각이시죠?,10
4475,그럼요. 회사방침이 분명한데요. 인류에 기여하는 창조적 예술적 그래피티의,10
4476,적절하군요. 3일 정도 때려주세요. 다음.,10
4477,횡령혐의를 받고 도주한 석명관 은행장이 귀국한다는 얘기가 있습니다.,10
4478,...?,10
4479,"근데, 이 양반이 오면 크게 다칠 사람이 있다고 하네요..",10
4480,노인네 오줌 싸듯 찔끔거릴래?,10
4481,석명관이 한결은행 은행장으로 있을 때 미래자동차한테 불법으로 대출을 해,10
4482,확실해?,10
4483,김석우 의원쪽에서 고춧가루 뿌리는 겁니다.,10
4484,...?,10
4485,경선은 다가오고 지지율은 계속 떨어지니까 뭐든 물고 보자는 거겠죠.,10
4486,그냥 무는 거 같진 않구요.. 최근에 SNS를 통해서 꽤 믿을 만한 소스들이..,10
4487,아무런 팩트도 없이 지껄여대는 키보드 워리어들!,10
4488,...?,10
4489,걔들이 노는 데가 SNS아닙니까? 이러니 나라의 기강이 바로,10
4490,창이 내부를 향하고 있습니다. 검찰도 김석우쪽으로 기우는 눈치고...,10
4491,차를 갈아타자는 말입니까?,10
4492,그냥 종점 왔으니 갈아타는 거지..,10
4493,...,10
4494,석명관이 들어오면 장의원도 어쩔 수 없습니다.,10
4495,이봐 김기자. 니가 그 자리에 앉아있는 게 누구 때문이라고 생각해?,10
4496,...?,10
4497,내가 지금 병신처럼 장필우보고 이래?,10
4498,...,10
4499,장필우가 들어가면 미래차도 퍼지는 거야. 물론 오회장이야 엔진 갈아 끼고,10
4500,...,10
4501,"우린 장필우의 생존이 아니라, 미래차의 생존을 지키는 거라구!",10
4502,... 죄송합니다. 제 생각이 짧았습니다.,10
4503,"에이.. 참.. 이거 어색하게... 자, 다 잘해보자고 이런 거니까..",10
4504,다이조부데스.,10
4505,그리고 석명관 그 양반은 곧 들어오긴 할 겁니다.,10
4506,"그럼, 어쩌죠?",10
4507,어쩌긴요.. 죄지은 사람은 법대로 처벌받으면 되는 거지..,10
4508,이 검사라는 게.. 정의를 실현하기 위해서 졸라 고독할 수밖에 없거든... 크..,10
4509,그래서 어떻게 하셨습니까?,10
4510,어쩌긴.. 씨발... 고독한 정의의 승부사가 잡아 처넣었지!,10
4511,빌라로 들어갔는데요.. 그냥 빌라 같지는 않구...,10
4512,얼마나 됐어요?,10
4513,두 시간 정도 됐습니다. 그리고 뉴페이스가 하나 떴는데요.,10
4514,뉴페이스?,10
4515,하여간 검사장을 구속시키니까 조직에서 날 완전히 똥으로 보더라구...,10
4516,그래서 어떻게 하셨습니까?,10
4517,뭘 어떡해.. 나가라는데... 검찰뺏지 던지고 나왔지..,10
4518,"... 쟤가 날 여의도에 입봉시켰지. 강희야, 늦었다?",10
4519,우리 장의원님 좀 되셨네요..,10
4520,얼마 안 먹었는데요.. 새끼.. 불알친구끼리 징그럽게 말끝마다 요는...,10
4521,처음 뵙겠습니다. 박종팔이라고 합니다.,10
4522,...,10
4523,뭔데?,10
4524,그냥 뭐.. 간만에 얼굴이나 보고 술이나 한잔 하면서,10
4525,중요한 정보가 있다며 사람 불러놓고 이게 뭐야?,10
4526,그럼 나랑 밥 먹었겠어?,10
4527,"아이고, 우리 고기자님 왜 이래? 우리가 뭐 밥 한 끼 못 먹고 그럴 사인가?",10
4528,양검한테 밀렸다며?,10
4529,씨발.. 안 그래도 열 받아 죽겠는데.. 지금 나 약 올리려고 부른 거?,10
4530,"아이고, 왜 이러시나... 내가 평소에 우리 영감님을 얼마나 생각하는데...",10
4531,다들 알다시피 우검 실력이야 당연 최고지.. 근데 이게 다 족보 때문이거든..,10
4532,지금 나 가르치는 거야? 족보도 없는 쌍놈이라고.,10
4533,에이 참... 자격지심 보이고 그러지마.. 추하니까..,10
4534,...?,10
4535,"아이고, 오셨네. 여기 서울지검 우장훈 검사님.",10
4536,...?,10
4537,여긴 조양건설 조양식 사장님. 인사들 하세요.,10
4538,안녕하세요. 조양식입니다.,10
4539,...,10
4540,"에이, 왜 그래? 그냥 술 한 잔 하자는 건데...",10
4541,이런 씨발..,10
4542,지금 나보고 스폰두라는 거야?,10
4543,에이 참... 스폰이 아니라.. 그냥 알아두라는 거지.. 가끔 술도 한잔하구..,10
4544,"어이, 돈 처먹다 수도일보에서 짤린 고상철기자님.",10
4545,...,10
4546,내가 먹은 건 내가 계산 했으니까 나중에 딴소리 하면 죽는다.,10
4547,...,10
4548,잘났다.. 씨발놈아...,10
4549,아흐.. 취한다...,10
4550,얼마나 먹었어?,10
4551,폭탄 몇 잔 했다.,10
4552,그거 말고.,10
4553,... 몰라.. 송대표가 알아서 하는 거지..,10
4554,잡상인이 주는 거 먹다가 체하면 나두 모른다.,10
4555,그럼 어쩌라구.. 빅 이벤트가 한둘이냐.. 가야할 길이 짧지도 않구.. 굵기도,10
4556,... 석명관 부르자.,10
4557,불러서?,10
4558,태울게 있으면 빨리 태워버리자구. 더 축축해지면 불도 안 붙는다.,10
4559,...?,10
4560,...,10
4561,"수도일보 이강희 논설주간인데, 장의원이랑 고등학교 동창이더라구요.",10
4562,수도일보 최대 광고주가 미래차아니에요?,10
4563,그렇죠.,10
4564,"재벌과 대권후보, 그리고 언론이라... 정의롭다.. 정의로워..",10
4565,그리고 장의원이 검찰에서 쫓겨났을 때 당시 여론이 뜨거웠잖아요...,10
4566,당시에 이강희 주간이 정치부 부장이었습니다.,10
4567,장필우를 설계하고 미래차 스폰까지 붙여준 게 이강희다?,10
4568,"왁구가 좋잖아요? 스타, 돈, 언론. 게임 끝났다고 봐야죠.",10
4569,...,10
4570,안상구는 어때요?,10
4571,아직 뭐.. 별다른 움직임은 없습니다.,10
4572,...,10
4573,겉으로 드러난 조직이랑 재산은 2년 전에 모두 공중분해 됐구요.. 숨겨둔 재,10
4574,... 안상구랑 이강희 사이에 혹시 컨넥션이 있는지 한번 알아보세요.,10
4575,뭐 별거 있으까요? 깡패랑 언론인이라.. 그림이 잘 안 그려지는데..,10
4576,"계장님, 좀 시키는 대로 합시다. 그림은 내가 알아서 그릴 테니까.",10
4577,네..,10
4578,"예, 서울지검.. 예, 알겠습니다. 부장님이신데요.",10
4579,"예, 부장님. ...!! 알겠습니다. 지금 바로 올라가겠습니다.",10
4580,무슨 일이에요?,10
4581,손님이 온답니다.,10
4582,예?,10
4583,재밌게 돌아가네..,10
4584,계속 묵비권만 행사한다구?,10
4585,"예, 횡령이랑 배임만 자백했습니다.",10
4586,열녀 났구만... 그래서 어쩔거야?,10
4587,...,10
4588,"너 임마, 자신 있다며? 석명관 저렇게 그냥 독박 쓰게 놔둘 거야?",10
4589,아뇨. 쇼당쳐야죠.,10
4590,10분만 있다가 나한테 전화해요.,10
4591,...?,10
4592,다시 묻겠습니다.,10
4593,예.,10
4594,여신한도를 초과해서 대출한 건 인정합니까?,10
4595,예.,10
4596,왜 그랬어요?,10
4597,...,10
4598,좋습니다. 횡령 및 업무상 배임으로 기소하겠습니다. 불만 없죠?,10
4599,예.,10
4600,"그룹에 자리 하나 봐둔다고 했어요? 아님, 아들 명의로 땅덩어리 하나 떼어",10
4601,...,10
4602,장필우가 경선에서 떨어진다는 생각은 안 해봤습니까?,10
4603,...?,10
4604,어떻게 됐어요?,10
4605,뭐가요? 전화하라고 하셔서 했는데요..,10
4606,그래요? 증거서류 검토해서 바로 영장청구하세요.,10
4607,누굴요?,10
4608,...?,10
4609,장필우가 떨어지면 대통령특사도 없을 테고..,10
4610,...?,10
4611,미래자동차 재무팀 팀장 문일석 아시죠. 2년 전에 나한테 증거서류를 넘기,10
4612,...?!!,10
4613,"지금 내가 전화를 받았는데, 그 복사본을 나한테 주겠답니다.",10
4614,...!!,10
4615,"석명관씨, 혼자서 독박 잘 쓰시고,",10
4616,잠깐만요!,10
4617,...,10
4618,협조하면 형량을 반으로 줄여드리겠습니다.,10
4619,...,10
4620,...?,10
4621,잘 전달했제?,10
4622,"예, 뭔 얘긴지 잘 알아들었을 깁니다.",10
4623,석명관 가가 심장이 약해가 많이 놀랐을 낀데...,10
4624,이게 마 우리의 보험이다.. 평생보장 종신보험.. 흐흐흐...,10
4625,고민 있으십니까?,10
4626,후~ 이 나이에 고민이야 뻔하지 않습니까.,10
4627,"고민 있으시네. 출가시켜 애도 없고, 주식도 없고, 애인도 없는 양반이..",10
4628,...? 이게 뭡니까?,10
4629,에헤... 아직 다 쓰지도 못했는데... (자리에서 일,10
4630,기사가 무슨 일기예보도 아니구... 혹시...!!,10
4631,언제여?,10
4632,이번 주 토요일요.,10
4633,몇이여?,10
4634,4명이요.,10
4635,글빨 하나는 기똥차구만..,10
4636,...?,10
4637,"박사장아, 시계 밥 줘야겠다.",10
4638,"이건 송대표님 차시고요, 요건 의원님께 갖다드리세요.",10
4639,아니 뭘 나까지 다 챙기고...,10
4640,"너 이 새끼야, 일을 이따구로 할래?",10
4641,죄송합니다.,10
4642,"아, 씨발... 좆됐네...",10
4643,어쩌죠?,10
4644,어쩌긴 씨발.. 고개 숙이고 들어가야지..,10
4645,장필우가 받아줄까요?,10
4646,... 넌 우장훈 걔나 확실히 정리해.,10
4647,예?,10
4648,꼬리나 확실히 자르라고. 나머진 내가 알아서 할 테니까.,10
4649,...,10
4650,앗 뜨거!! 에이 씨발.. 좆나 뜨겁네..,10
4651,감찰부는 갔다왔냐?,10
4652,예.,10
4653,"좆같지? 나두 너 만할 때 한번 갔다 왔는데,,",10
4654,...,10
4655,휴가 좀 갔다 와라. 밥도 먹구.,10
4656,"부장님, 여기서 그냥 덮자구요?",10
4657,그럼 어쩌자고? 관 두껑 열어서 대질신문이라도 할래?,10
4658,...,10
4659,"감찰부에 얘기해서 겨우 정직은 면했으니까, 휴가나 갔다 와.",10
4660,갔다 오면요?,10
4661,...?,10
4662,적당히 굴러먹다가 지방으로 가라고요. 어차피 족보도 없는 새끼 꼬리자르,10
4663,너 지금 나한테 개기는 거냐?,10
4664,제가 언제 부장님한테 개긴 적 있습니까?,10
4665,...,10
4666,"부장님, 딱 한번만 정말로 마지막으로 한번만 기회를 주시면.. 제 손으로 반",10
4667,...,10
4668,솔직히 까놓고 얘기해서 석명관이 첨부터 들어온다고 할 때부터 저 새끼들,10
4669,후~,10
4670,병신처럼 또 당하진 않습니다. 이번엔 반드시 잡아옵니다.,10
4671,... 까라면 까고 덮으라면 덮는 게 대한민국 검사야.,10
4672,...,10
4673,불러주셔서 감사합니다. 회장님.,10
4674,먼 길 오느라 수고가 많았데이. 인사들 하그레이.,10
4675,수도일보 이강희라고 합니다.,10
4676,좋은 글 잘 읽고 있습니다. 오명환입니다.,10
4677,"오랜만이요, 오수석. 어떻게 내 주머니는 다 털었고?",10
4678,"아이고, 선배님 오해십니다.. 제가 어떻게 선배님을 털겠습니까? 그 검찰에",10
4679,... 앞으로 잘해봅시다.,10
4680,감사합니다. 앞으로 잘 부탁드리겠습니다.,10
4681,정치라는 게 희한해. 사람을 늙을 수 없게 만들거든.,10
4682,맞데이. 정치판에서 날고 긴 사람들 고마 은퇴하는 순간 몇 년 치 확 소급,10
4683,리히텐베르크가 이런 말을 했지요.,10
4684,그럼.. 그럼..,10
4685,그래서 우리가 젊게 사는 거 아이가? 하하하...,10
4686,고마하고 한잔 해뿌자. 장의원 드라이버 준비해라.,10
4687,알겠습니다. 회장님.,10
4688,잠깐 눈 좀 붙이시지..,10
4689,잠은 집에서 자야지...,10
4690,근데 커진 거 맞아?,10
4691,그런 거 같은데...,10
4692,...?,10
4693,명품이거든요.,10
4694,여보세요!,10
4695,"주간님, 고기잔데요, 저번에 말씀하신 문방섀시건으로 전화 드렸습니다.",10
4696,뭐 좀 나왔어?,10
4697,회사는 오픈한지 3개월밖에 안됐고요. 거기 대표가 건달출신인데요.,10
4698,깡패라고?,10
4699,상구파 넘버3까지 갔답니다.,10
4700,...? 상구파?,10
4701,"예, 안상구라고 전라도 출신 깡패가 회장으로 있던 조직인데..",10
4702,박종팔이 안상구 똘마니라고?,10
4703,...!!,10
4704,안상구랑 박사장에 대해 좀 더 알아보고...,10
4705,왜 그러세요?,10
4706,... 나중에 다시 얘기하자구.,10
4707,...?,10
4708,"형님, 오랜만이요.",10
4709,...!! 잘 지냈냐?,10
4710,눈치 채셨소?,10
4711,...?,10
4712,동생이 형님한테 묻는데 왜 대답이 없소?,10
4713,뭐하자는 거야?,10
4714,우리 보고 얘기헙시다.,10
4715,... 어디냐?,10
4716,아직 안 죽었구나.,10
4717,혼자 죽을라니까 억울해서요.,10
4718,... 문방섀시 박사장. 자네 사람이지?,10
4719,티 납디까?,10
4720,이 친구.. 어설프게 공사 치다간 골로 가는 수가 있어.,10
4721,내가 준 건 잘 갖고 있소?,10
4722,나두 그것 땜에 죽다 겨우 살았어.,10
4723,고 손모가지는 멀쩡하구만 뭐..,10
4724,내가 배신했다고 생각하냐?,10
4725,... 세월 참 겁나불게 빠르구만.. 형수랑 애들은 여작정 미국에 있소?,10
4726,...,10
4727,걔들 유학경비도 내가 다 부쳐주고.. 분당에 아파트도 내가 사주고..,10
4728,지금 나한테 협박하는 거냐?,10
4729,그럴 리가요.. 그려도 옛정이라는 게 있는데..,10
4730,원하는 게 뭐야?,10
4731,예전에 형님한테 골프라는 걸 첨 배울 때 나한테 했던 말 기억허요?,10
4732,...?,10
4733,상구야 힘을 빼고 공을 봐라. 그래야 공을 치지. 니가 원하는 대로.,10
4734,...,10
4735,"형님, 내가 힘을 빼고 딱 공을 보니까.. 인제 조금 알겠소.",10
4736,...,10
4737,도와주시면 경기도 인근 수만 평의 명의가 형님께 갈 겁니다.,10
4738,... 원한을 갖고 살면 자신에게 칼이 돌아온다는 걸 잊으면 안 돼.,10
4739,새 팔이 솟아나면.. 없던 일로 합시다.,10
4740,"상구, 저들은 괴물이야. 물리고 뜯기면 뜯길수록 더 거대한 괴물이 된다구.",10
4741,씨부럴.. 모르겠고.. 그냥 디질 때까지 싸워볼란께.. 형님은 빠져계쇼.,10
4742,... 복사본 갖고 있냐?,10
4743,... 내 손모가지가 요래서 골프는 못 치겠지만.. 예전처럼 같이 목욕은 허고,10
4744,...,10
4745,"형님한테까지 피 묻히기 싫으니까, 알아서 잘 판단하쇼.",10
4746,...,10
4747,뭐여?,10
4748,이강희가 술을 쏟았어요.,10
4749,이런 씨부럴... 사우나는 섭외했냐?,10
4750,스케줄 확보혔습니다. 낼 등산 끝나고 바로 로열호텔로 이동한답니다.,10
4751,반드시 빼와야헌다. 알겠냐?,10
4752,"예, 알겄습니다.",10
4753,이강희는 뭐래요? 장필우한테 얘기 안할까요?,10
4754,쉽게 말하진 못허지.. 지도 캥기는 게 있는데...,10
4755,그래도 결국 장필우한테 갈걸요.,10
4756,... 일단 약은 쳤으니까.. 쪼까 시간은 벌겠지..,10
4757,여당에선 괴담으로 부르겠지만 세간에선 정설로 회자되는 많은 이야기가 있,10
4758,검찰에서 이미 수사가 끝난 걸 가지고 아직까지 그런 괴담과 음모이론을 만,10
4759,괴담이라기엔 디테일이 풍부합니다.,10
4760,원래 괴담과 음모이론은 디테일을 먹고 성장합니다. 그러나 많은 경우 디테,10
4761,어구.. 시원타... 우리 김석우의원한테도 한 바가지 먹이고 싶구만..,10
4762,물 먹이시겠다?,10
4763,허허허.. 농이 아주 적절하십니다. 그렇지 않아요. 물맛이 좋다는 거지.,10
4764,"의원님, 안상구가 없어졌습니다!",10
4765,...?,10
4766,... 안상구 이 개새끼.. 감히 날 협박해...,10
4767,뭔가 물고 있는 건 확실한데.. 무작정 깔 수는 없고..,10
4768,얼마나 됐어요?,10
4769,호텔 사우나로 들어 간지 1시간쯤 됐습니다.,10
4770,안상구랑 접촉은 없었구요?,10
4771,"예, 아직요. 검사님, 근데 부장님한텐 뭐라고 할까요?",10
4772,전 지금 공식적으로 휴가 중입니다. 뭔 얘긴지 알죠?,10
4773,예.. 저거 장필우의원 같은데요?,10
4774,...?,10
4775,죄송합니다...,10
4776,당장 가서 그 개새끼 잡아와!!,10
4777,알겠습니다.,10
4778,병신 같은 새끼...,10
4779,"아이고, 박사장! 사우나 여기 다녀요?",10
4780,"나 수도일보 이강흰데, 장의원 지금 어딨나?",10
4781,"이강희 주간님인데, 급한 일이시랍니다.",10
4782,뭐? 확실해?,10
4783,"안상구가 광주에 호텔을 하나 갖고 있는데, 거길 맡아서 관리하던 놈이야.",10
4784,이런 씨발새끼들...,10
4785,"흥분하지 말고, 지금부터 내가 시키는 대로만 해.",10
4786,... 다 씻었어요?,10
4787,예...,10
4788,"그럼, 우리 어디 가서 맥주나 한잔 합시다. 시원하게!",10
4789,우째됐노?,10
4790,아직 안 불었습니다.,10
4791,빙신같은 새끼들.. 뭐하고 자빠짔노! 퍼뜩 갖고온나!!,10
4792,"여 하나 썰고, 여, 여,",10
4793,잠깐!!,10
4794,와요? 뭐 할 말 있어예?,10
4795,...,10
4796,...!! 안상구 어데 숨었노?,10
4797,어떻게 됐냐?,10
4798,시계는 확보혔습니다.,10
4799,"...!! 그려, 싸게 갖고 와라.",10
4800,내가 디질때.. 느그들은... 백골이 되어 있을 것이여!!,10
4801,박사장이 털린 거 같은데요.,10
4802,조심히 따라 붙으세요.,10
4803,...?,10
4804,"형님, 주무세요?",10
4805,"예, 잡았습니다.",10
4806,도망가? 어떻게 했길래 놓쳐? 닥쳐! 이 병신새끼야!!,10
4807,손에 쥔 카드가 남아있으면 연락이 오겠지..,10
4808,동영상도 빼앗겼는데.. 깡패새끼가 주먹 말고 뭐 있겠어?,10
4809,안상구 그 놈이 워낙 여우같은 구석이 있어서.. 주먹만 쓰는 놈도 아니구...,10
4810,씨발.. 그러게 첨부터 깡패새끼랑 엮이는 게 아닌데...,10
4811,...?,10
4812,니가 키운 개새끼니까.. 니가 알아서 죽이라고.,10
4813,그게 지금 말이냐 똥이냐?,10
4814,...?,10
4815,나잇살을 그 정도 드셨으면 지 똥구멍은 지가 좀 닦자.,10
4816,"안상구땜에 잘못되면, 나 혼자 안 죽는다. 알지?",10
4817,"... 알지. 아니까 내가 지금까지 니가 싼 똥도 치우고,",10
4818,"그니까, 계속 닦아달라고. 똥도 치우고. 그래야 장관도 하고 총리도 하지.",10
4819,...,10
4820,어차피 세상의 주인공은 타고 나는 거야.,10
4821,...,10
4822,먼저 가니까 나중에 나와라.,10
4823,...,10
4824,"아, 씨발.. 똥 좆나 안 나오네...",10
4825,...?,10
4826,거 깡패가 손모가지 좀 잘렸다고 싸움을 그리 못하면 쓰나..,10
4827,너 뭐냐?,10
4828,나 서울지검 우장훈검사.,10
4829,...,10
4830,나 아니었으면 골로 갈 뻔했어.,10
4831,시방 검사라고 초면에 개아리트는 거여? 어린노무쇄끼가...,10
4832,다 죽은 놈 살려놨더니.. 고맙다는 말은 못하고...,10
4833,지랄허고자빠졌네..,10
4834,"어이, 몇 대 맞더니 감이 안 잡혀?",10
4835,나두 검사들 인간취급 못하지.. 권력의 개잖아... 멍멍 개..,10
4836,내가 지금 그걸 못해서 이러고 있는 거야. 똥도 못 싸고.,10
4837,...?,10
4838,단도직입적으로 말할 테니까 잘 들어.,10
4839,...,10
4840,2년 전에 그 양반이 나한테 미래차 비자금 파일을 넘기려고 했거든.,10
4841,"어이, 지금 뭐하자는 거여?",10
4842,그거 갖고 장난치다가 이렇게 됐잖아? 그 손모가지도 잘리고.,10
4843,...,10
4844,니가 원하는 복수. 내가 도와줄 테니 한번 해보자.,10
4845,...,10
4846,"넌 복수를 원하고, 난 정의를 원한다. 그림 좋잖아?",10
4847,와하하하! 검사양반 참말로 웃긴 데가 있구만..,10
4848,...?,10
4849,정의? 대한민국에 여작정 그런 달달한 게 남아있긴 하나?,10
4850,...,10
4851,그딴 거 갖고 놀고 싶거든 혼자서 잘 갖고 놀라고. 난 관심 없으니까.,10
4852,"하여튼, 좋은 말로 하면 꼭 삑싸리를 타요.. 자, 이제부터가 진짜야.",10
4853,...?,10
4854,만일에 협조하지 않으면 문일석 감금폭행으로 구속한다.,10
4855,...?,10
4856,선택해. 원하는 게 뭔지.,10
4857,...,10
4858,어떻게 지금 바로 부킹해드릴까요?,10
4859,"어, 부킹은 친구들 오면 하자구. 내가 잠깐 마누라랑 통화를 좀",10
4860,필요하시면 고 옆에 버튼 살짝 눌러주시고요.,10
4861,"예, 검사님. 지금 들어왔습니다.",10
4862,오른쪽에서 두 번째요.,10
4863,예. 올라왔는데요.,10
4864,바로 위 천정보이죠. 그 안에 있어요.,10
4865,잠깐만요.,10
4866,...,10
4867,예. 찾았습니다.,10
4868,오케이! 조심해서 갖고 오시고..,10
4869,소주나 한 병 사오라고 혀.,10
4870,들어올 때 소주나 한 병 사와요.,10
4871,이슬로 사오라고 혀. 후레시로.,10
4872,...? 깡패가 이슬이 먹고 싶답니다. 후레시하게.,10
4873,한 가지만 묻자.,10
4874,뭔데?,10
4875,어떻게 알았어? 내가 문일석한테 비자금 파일 빼앗은 것을.,10
4876,그냥 찍었는데.,10
4877,찍어?,10
4878,뭐 앞뒤 조각 다 맞춰보면 뻔한 거 아닌가..,10
4879,시나리오작가나 되지 그랬어? 상상력도 좋고 대성했겠구만..,10
4880,...?,10
4881,...?,10
4882,만수야 오랜만이다.,10
4883,니가 여긴 뭔 일이여?,10
4884,상구형님 시방 어딨냐?,10
4885,어떻게 좀 쓸 만한가...?,10
4886,오회장은 아예 빠져있고.. 장필우도 빠져나갈 구멍이 많고...,10
4887,파일은 어딨어?,10
4888,캬.. 거 다 빼앗겼다니까..,10
4889,정말 없어?,10
4890,시방꺼정 사람 말을 똥구멍으로 들었구만..,10
4891,이강희를 그 정도로 믿었다? 복사본도 만들어 놓지 않고.,10
4892,그 형님이랑 나랑은 거시기하제.,10
4893,거시기 뭐?,10
4894,형님 동생 하는 특별한 사이라고 할까..,10
4895,언론인과 깡패가 형님 동생 하는 특별한 사이라.. 얼마나 줬어?,10
4896,...?,10
4897,"뭐 그런 거 아닌가.. 이강희한테 이것저것 받을 거 받고, 줄 거 주는,",10
4898,"근데, 오현수랑 장필우가 어떻게 알았을까?",10
4899,이강희가 날 배신했다.. 뭐 그런 거여?,10
4900,아니야?,10
4901,"아이고, 검사양반 시나리오 다시 써야겠구만..",10
4902,...?,10
4903,어차피 이 판에 영원한 적도 친구도 없는 거고.. 이강희 그 양반도 장필우랑,10
4904,...,10
4905,내가 아무리 생각을 해봐도 이유가 없다 이거여. 고 이유가.,10
4906,...,10
4907,그럼.. 어떻게 알았으까?,10
4908,나한테 일을 시켜놓고 후다를 땄드만..,10
4909,도청을 해서 감시를 했다?,10
4910,그거 몰랐다가 요 꼴 됐구만..,10
4911,근데.. 비자금 파일은 왜 줬어? 이강희한테.,10
4912,운전할 때 면허증만 있으면 되겠어? 언제 사고가 터질지도 모르는데.,10
4913,보험을 들었다?,10
4914,험한 세상 보험도 없이 어떻게 살겠어..,10
4915,복사본도 없이 보험을 들었다고.. 너 바보냐?,10
4916,이런 씨.. 다 빼앗겼다니까..,10
4917,이건 뭐야?,10
4918,오회장 별장서 찍은 건데.. 술이 들어가서 다 깨져부렀어..,10
4919,최대한 복구하세요.,10
4920,"예. 근데 검사님, 아무래도 장소를 좀 옮기는 게 좋지 않을 까요?",10
4921,...?,10
4922,여기 남자들끼리 있는 것도 그렇구.. 장필우쪽에서도 지금 두 눈 씨뻘겋게,10
4923,지방에 있을 곳 좀 있나?,10
4924,광주에 아그들 좀 있긴 한데.. 박사장 그 써글놈이 다 아는 아들이라..,10
4925,가족은?,10
4926,...,10
4927,누고? 누군데 오밤중에 지랄이고!!,10
4928,니 어짠 일이고?,10
4929,문디.. 대한민국 나쁜 놈들은 니가 다 잡나?,10
4930,여태꺼정 머한다고 밥도 못묵고 다니노.. 니 이번에도 물먹었나?,10
4931,...,10
4932,마 치아뿌라! 고만하고 돈이나 버는 기 어떠노? 로펌 좋다카던데.,10
4933,누가 내 오라고 기다리고 있답니까?,10
4934,...?,10
4935,검사질해가 성공 못한 놈을 누가 데뿌고 가겠는교?,10
4936,"그럼, 니 어짤긴데? 계속 물만 치먹고 있을 기가?",10
4937,크.. 잘 묵읏다.. 갑니다.,10
4938,밥만 묵고 가나?,10
4939,아침 일찍 일이 좀 있어서예.. 주무이소.,10
4940,문디.. 운전조심하고!!,10
4941,"마 다 묵었으면, 들어가입시다. 밤도 늦았는데, 눈부터 부치이소.",10
4942,예..,10
4943,괘안는교?,10
4944,아따.. 책이 참말로 허벌납니다..,10
4945,윽수로 돈은 안 됩니다..,10
4946,"장훈이 저노마가 쓰던 방인데, 내 집이다 생각하이소.",10
4947,초면에 실례가 많습니다. 요 은혜는 지가 난중에라도 꼭 갚겄습니다.,10
4948,은혜랄 게 뭐 있겠습니꺼.. 마 됐고.. 나중에 우리 아들놈이나 잘 챙겨주이,10
4949,...,10
4950,"그럼, 주무이소.",10
4951,안녕히 주무십쇼.,10
4952,정치학 박사가 뭐 별겁니까? 여의도에서 살아남은 모두가 정치박사 아닙니,10
4953,교수님 안녕하세요.,10
4954,교수는.. 학교 떠난 지 언젠데... 내가 우검사를 가르친 게...,10
4955,예.. 뭐..,10
4956,그래.. 내 말 안 해도 다 알지.. 내가 처음 여의도에 들어올 때 누군가 나한,10
4957,...,10
4958,음.. 국회의원들뿐만 아니라 청와대도 그렇고 검찰도 모두 눈치만 보고 있,10
4959,...,10
4960,"그래, 날 보자고 한 이유가 뭔가?",10
4961,음... 이것만 갖고는 부족해.. 무조건 비자금 파일이 있어야 되는데..,10
4962,일단 그렇게 얘기는 하는데.. 뭔가 숨기는 거 같기도 하고...,10
4963,그래?,10
4964,확실치는 않습니다. 그냥 좀 눈치가.. 그렇다는 거죠.,10
4965,간을 보고 있구만.. 하긴 손까지 잘린 마당에 누굴 믿는 게 쉽지는 않지..,10
4966,예.,10
4967,"우선 복사본을 확보하고, 안상구 그자가 직접 나서야 돼.",10
4968,...?,10
4969,그자가 공식기자회견을 하고 우리가 병풍을 서면 천하의 장필우라고 해도,10
4970,"그럼, 안상구를 구속할 수밖에 없습니다.",10
4971,장필우랑 오회장을 잡으려면 그 방법밖에는 없어.,10
4972,...,10
4973,딜?,10
4974,장필우 잡고 대검으로 가기로 했데요.,10
4975,그려서 고렇큼 장필우를 자빠뜨리려했구만..,10
4976,믿을 수 있겠어요?,10
4977,"아님, 그냥 내빼라고?",10
4978,나중에 가서 회장님 뒤통수치는 거 아닌 가 몰라.. 대한민국 검사들 그렇잖,10
4979,이 판국에 지도 살려면 장필우를 잡는 수밖에 없을 거여.,10
4980,그래도 너무 믿지 마세요. 믿는 도끼에 발등 찍힌다고.,10
4981,...,10
4982,차 좋구만.. 새로 뽑았냐?,10
4983,잔금은요?,10
4984,우리 주마담만 노났구만.. 영화는 개봉도 못했는데.,10
4985,그게 뭐 배우 잘못인가.. 다 감독 탓이지.,10
4986,당분간 잠수타고 있어. 함부로 나댕기지 말고.,10
4987,인제 좀 살겠구만..,10
4988,"상구오빠, 우리 그냥 같이 떠날래? 복수 그런 거 재미없잖아.",10
4989,"... 추억은 가슴에 묻고, 지나간 버스는 미련을 버려.",10
4990,"회장님, 몸조심하세요. 바이바이~",10
4991,...,10
4992,휴가를 갔다고?,10
4993,말이 휴가지 꼬리자르기에 들어갔다고 봐야죠.. 조만간 지방으로 발령날거,10
4994,... 작업은?,10
4995,일단 약은 쳐놨습니다.,10
4996,안상구는?,10
4997,찾고는 있는데.. 시간을 좀 주십쇼.,10
4998,...,10
4999,근데.. 안상구가 뭘 잘못했는데.. 고 손모가지가 잘렸을까...?,10
5000,호기심이 많으면 인생이 고달퍼.. 잘못하면 고 손모가지도 잘리고.,10
5001,검사되려면 공부 좀 했겄네?,10
5002,좀했지..,10
5003,캬~ 남들은 검사되면 부잣집에 장가도 가고..,10
5004,왜 소개팅이라도 해주게?,10
5005,왜 고렇큼 오현수랑 장필우를 잡고 싶은 거여?,10
5006,몰라서 물어?,10
5007,"만약 지옥 길을 걷고 있다면, 끝까지 전진하라!",10
5008,...?,10
5009,허긴.. 기왕 시작했으면 별은 달고 나와야겠지..,10
5010,...,10
5011,예. 알았고. 동영상은 어떻게 됐어요?,10
5012,뭐여? 복구된 거여?,10
5013,이게 다여?,10
5014,... 복사본 갖고 있지?,10
5015,...?,10
5016,말이 형님동생이지.. 피를 나눈 친형제도 아니고...,10
5017,...,10
5018,장필우 지지율이 10프로나 올랐어. 이대로 가면 경선에서 승리는 물론이고,10
5019,...,10
5020,난 그런 대통령 절대 못 보거든.,10
5021,...,10
5022,고만하고 복사본 넘겨. 내 입에서 험한 말 나오기 전에.,10
5023,... 자신 있어?,10
5024,내 검사직을 걸지.,10
5025,우리 아부지가 죽기 전에 그러드만.,10
5026,...?,10
5027,이게 문일석한테 빼앗은 원본이여! 흐흐흐...,10
5028,이제야 주인을 제대로 만났구만..,10
5029,뒤끝 한번 겁나불구만..,10
5030,"근데, 이게 있는데 별장 동영상은 왜 필요했어?",10
5031,김정일이 왜 핵무기를 개발했겠어?,10
5032,...?,10
5033,핵폭탄 하나 있으면 아무도 못 건들거든..,10
5034,씨뻘건 게 겁나불구만... 첨부터 요런 계획은 아니었지만..,10
5035,...,10
5036,나는 잠시 한국을 떠나 있을라니까.. 고 씹새들 꼭 잡아 처넣어라고.,10
5037,나 혼자서 하라고?,10
5038,...?,10
5039,비자금 파일도 출처를 밝혀야 증거로 채택될 수 있어.,10
5040,나보고 들어가란 말이여?,10
5041,물론 그 과정에서 구속은 불가피하고.,10
5042,... 내가 원한 건 정의가 아니라 복수여!!,10
5043,장필우랑 오현수를 잡으려면 다른 선택은 없어.,10
5044,어린노무새끼가.. 검사라고 날 띄엄띄엄보는구만..,10
5045,...?,10
5046,정의 좋아하네... 니 출세하고 싶어서 이러는 거 아녀!,10
5047,...,10
5048,"장필우랑 오회장 잡고 브레이크 없이 질주하고 싶은 거, 아니여?",10
5049,... 그게 뭐 잘못됐어?,10
5050,...?,10
5051,"줄도 없고 빽도 없어서, 나쁜 놈들 잡아서 출세 좀 하겠다는데,",10
5052,...,10
5053,너도 성공하고 싶어서 이강희한테 붙은 거 아냐?,10
5054,...?,10
5055,아직도 모르겠어? 장필우가 아니라 이강희라고!! 니 손을 자른 게.,10
5056,...??,10
5057,주인공을 바꾸자고?,10
5058,디렉션을 따르지 않고 자꾸 지 멋대로 하려고 합니다.,10
5059,장필우가 가만있겠나?,10
5060,배우 하나 더 꽂는다고 뭐 문제될게 있나요?,10
5061,원톱이 아이라 투톱으로 가겠다고?,10
5062,영화 끝나면 알겠죠. 지가 주연이 아니라 조연이었다는 걸.,10
5063,"아이고, 이주간아 내가 가한테 투자한 기 얼만 줄 아나?",10
5064,...,10
5065,장사는 그리 하는 기 아이다.,10
5066,...?,10
5067,가가 우리 맨큼처럼 구리다 아이가.,10
5068,... 잠시만.. 여보세요.,10
5069,"형님, 나요.",10
5070,...!!,10
5071,기분도 울적하고 형님 생각도 나고.. 어떻게 잘 지냈소?,10
5072,어디냐?,10
5073,그건 알아서 뭐할란가? 장필우한테 얘기해서 나 또 죽일라고?,10
5074,내가 널 배신했다고 생각하냐?,10
5075,조각 들어가니까 준비하고 계쇼.,10
5076,...?,10
5077,내가 경고하지 않았소. 장필우 똥구멍만 빨다가 좆된다고.,10
5078,... 복사본 갖고 있구나?,10
5079,총알도 없이 장전하겠소?,10
5080,복수를 원한다면 내가 도와줄 수도 있어.,10
5081,니가 팔았지? 내가 준 비자금 파일.,10
5082,"... 뭔가 오해가 있는 거 같은데.. 상구, 우리 일단 만나서 얘기하자구.",10
5083,참말로 날 빙신으로 보는구만..,10
5084,...?,10
5085,장필우가 아니라 니가 한 거 아니여?,10
5086,...?,10
5087,미래차랑 한결은행을 연결한 것두 너고..,10
5088,...,10
5089,빙신처럼.. 그것도 모르고 비자금파일을 갖다 바쳤으니..,10
5090,...,10
5091,형님께서 맡아주쇼. 나중에 요긴하게 써먹을 데가,10
5092,이런 여우같은 곰을 봤나..,10
5093,후~ 그러게 개새끼가 왜 주인밥그릇을 보고 침을 흘리고 그래? 드럽게.,10
5094,...,10
5095,내가 경고했잖아. 내가 주는 밥그릇만 받아먹으라고.,10
5096,...,10
5097,"상구야, 짖지 말고 가만히 따라와라. 도살장 끌려가서 질질 짜지 말고.",10
5098,...,10
5099,... 담배 한 대 줘봐.,10
5100,후~ 첨부터 계획한 거여? 날 이용하려고?,10
5101,... 난 절대 배신 안 해.,10
5102,누군 배신한다고 씨부리고 하나?,10
5103,그래서 다 포기할 거야?,10
5104,...,10
5105,평생 숨어살면서 그 새끼들 볼 수 있겠냐고?,10
5106,... 그래서 어쩌라고? 나보고 감옥에 가라고?,10
5107,"장필우랑 오현수, 그리고 이강희를 잡으려면 그 방법밖에는 없어.",10
5108,...,10
5109,선택해. 원하는 게 뭔지.,10
5110,...,10
5111,후~ 씨부럴...,10
5112,...,10
5113,... 사람들이 날 어떻게 기억할란가?,10
5114,... 어떻게 기억되고 싶은데?,10
5115,... ... 정의의 편에 선 건달...?,10
5116,...?!!,10
5117,면도도 좀 허고.. 옷도 한 벌 맞춰야겠구만.. 쎄끈허게...,10
5118,기분이 어때? 정의의 편에 선 건달.,10
5119,내가 화면빨은 겁나불게 받드만! 하하하!!,10
5120,저 장필우는 저의 생명을 걸고 미래자동차로부터 어떤 돈이나 청탁을 받은,10
5121,"예, 형님. 정말 다시 받아 준데요?",10
5122,"그래 임마.. 다시 김석우쪽으로 들어가기로 했으니까, 이번엔 확실히 잡어.",10
5123,"예, 알겠습니다!! 휴~",10
5124,얼마나 됐어요?,10
5125,10시간쯤 됐는데요.,10
5126,슬슬 시작해볼까.. 우두둑....!!,10
5127,서울지검 우장훈검삽니다. 물맛이 괜찮습니까?,10
5128,처리할 사건들이 많아서요. 좀 오래 걸렸습니다. 불편한덴 없으시고요?,10
5129,하도 앉아있었더니 엉덩이가 좀...,10
5130,글은 잘 읽었습니다.,10
5131,무슨 글을 말씀하시는지...?,10
5132,검찰의 무리한 수사가 초래한 석명관의 자살.,10
5133,"여기서 조사받았죠, 아마.",10
5134,왜요? 오현수랑 장필우가 누구처럼 떨어져서 죽으라고 했습니까?,10
5135,말이 좀 심하시군요.. 앞으로 팩트에 대해서만 질문해주세요.,10
5136,알겠습니다. 그럼 팩트만 묻겠습니다.,10
5137,씨발.. 누가 누구 똥꾸멍을 빨아!!,10
5138,안 빨았으면 말구.,10
5139,...?,10
5140,예전에 민주화운동 열심히 하셨데? 감옥도 갔다 오시고.,10
5141,그럼 당신은 거기 왜 있는데?,10
5142,...?,10
5143,바보 같은 안상구 꼬드겨서 여기까지 왜 왔을까?,10
5144,...,10
5145,같은 이유 아니겠소? 너나 나나 우리가 쫓는 거.,10
5146,... 하지만 난 당신처럼 드럽진 않아.,10
5147,"아님, 말구.",10
5148,오현수와 장필우한테 왜 안상구를 소개했습니까?,10
5149,그런 적 없습니다.,10
5150,확실합니까?,10
5151,대기업의 회장과 정치인이 뭐 하러 한낱 깡패를 만나겠습니까?,10
5152,1995년 미래자동차 노조파업에 용역깡패들이 동,10
5153,... ‘어떠어떠하다고 보기 힘들다.’ 이런 말 많이 쓰잖아요? 검찰에서 피의자,10
5154,...?,10
5155,의도가 있다고 보기 힘들다. 고의가 있다고 보기 힘들다.,10
5156,...,10
5157,의도가 있다고 볼 수 있다. 고의가 있다고 볼 수 있다.,10
5158,하고 싶은 말이 뭡니까?,10
5159,"같은 말이라도 누구는 어떠어떠하다고 보기가 힘든데,",10
5160,...?,10
5161,벌써 조간신문이 나올 시간이네...,10
5162,검찰에서 밝혔듯이 오회장과 장의원에게 안상구를 소개시켜준 적이 없습니,10
5163,그럼 안상구가 거짓말을 했다는 건가요?,10
5164,현재 안상구는 청부살인과 자신이 데리고 있던 여가수를 성폭행한 과거의,10
5165,난 진실을 말했어! 진실을 말했다구!!,10
5166,... 진실이 중요한 게 아니라. 아무도 당신 말을 믿지 않아.,10
5167,...,10
5168,사람들을 믿게 하려면 증거나 증인이 필요해.,10
5169,... 난 살인을 청부한 사실이 없어. 교도소에 가서 최정택한테 물으면 내가,10
5170,성폭행은?,10
5171,내가 아무리 나쁜 놈이라고 해도.. 드러운 놈은 아니여.,10
5172,민지아는 우울증을 심하게 앓고 있었어.,10
5173,...,10
5174,난 시키는 대로 했어. 장필우랑 오현수 잡고 싶다고 해서..,10
5175,...,10
5176,서울지검서 나왔는데요. 몇 가지만 묻겠습니다.,10
5177,... 예.,10
5178,당시 몸담고 있던 조직의 보스가 안상구 맞습니까?,10
5179,예.,10
5180,안상구가 시켰어요? 사람 죽이라고.,10
5181,...,10
5182,죽은 지 일주일 정도 됐다는데요.,10
5183,...,10
5184,연탄불을 피워놓고 자살한 것으로 보입니다.,10
5185,...,10
5186,그리고 최정택을 만났는데요.. 안상구의 지시로 죽였답니다.,10
5187,...,10
5188,"회장님, 몸조심하세요. 바이바이~",10
5189,이대로 있다간 안상구 정말 죽습니다.,10
5190,그러게 왜 안상구의 과거를 철저하게 조사하지 않았나?,10
5191,안상구를 죽이기 위해서 다 조작한 겁니다. 진실이 아닙니다.,10
5192,이 판국에 진실이 뭐가 중요한가.,10
5193,...,10
5194,나도 당내에서 입지가 곤란해졌어. 깡패새끼 땜에 완전 개쪽 팔았다구!,10
5195,...,10
5196,아휴.. 내 살길도 막막하네...,10
5197,정치란 국가의 생존. 국민의 생존. 그리고 나의 생존이다.,10
5198,...,10
5199,무슨 말인지 이제야 알겠습니다.,10
5200,"... 알았으면, 자네도 자네 살길 찾아야지.",10
5201,...,10
5202,잘 지냈습니까?,10
5203,... 용건이 뭡니까?,10
5204,다름이 아니라.. 제보가 하나 들어와서... 이걸 기사로 내야하는지..,10
5205,그게 누군데?,10
5206,아버지가 조사장한테 술도 얻어먹고 돈도 받았다고 하던데...,10
5207,...?!!,10
5208,여긴 조양건설 조양식 사장님. 인사들 하세요.,10
5209,안녕하세요. 조양식입니다.,10
5210,확인해보시고 나중에 전화주세요. 끊습니다.,10
5211,...,10
5212,뭐래요?,10
5213,뭐라긴.. 아무 말도 못하지...,10
5214,이 마당에 꼭 이렇게 까지 할 필요가 있을까요?,10
5215,바퀴벌레를 죽여도 왜 자꾸 생기는지 알아?,10
5216,예?,10
5217,잘못해서 알집이 터지면 애들이 스멀스멀 깨어나거든...,10
5218,누고?,10
5219,돈 받았어요?,10
5220,니 장훈이가?,10
5221,"돈 받았는교, 안 받았는교!!",10
5222,뭔 돈을 말 하는 기고!!,10
5223,조양건설 조양식 사장 만났습니까?,10
5224,...,10
5225,"아부지, 돈 안 받았다 아입니까? 내 말이 맞지예?",10
5226,... 그기.. 받은 기 아이라.. 빌린 기다... 복덕방 김사장이 소개해가...,10
5227,...,10
5228,안상구는 대검에서 마무리할거야. 양프로한테 넘겨.,10
5229,...,10
5230,"6개월 정직 나왔으니까, 신분증 내놓고 나가.",10
5231,... 저 혼자 독박 쓰라는 겁니까?,10
5232,"그러게 왜 깡패새끼랑 붙어먹고 지랄이야, 검사새끼가.",10
5233,...,10
5234,"그리고 너, 스폰뒀냐?",10
5235,...?,10
5236,조양건설 조양식 사장 몰라?,10
5237,...,10
5238,"에이, 씨발.. 족보도 없는 새끼 받아준 내가 병신이지... 나가라고!!",10
5239,...,10
5240,"부장님, 한번만 살려주십쇼. 저 이렇게 옷 벗고 못나갑니다.",10
5241,...,10
5242,"부장님이 물라면 물고 놓으라면 놓고, 저 조직을 위해서 개처럼 살았습니다.",10
5243,...,10
5244,"그러게 잘하지 그랬어? 아님, 잘 좀 태어나든가.",10
5245,...,10
5246,... 증거가 있었으면 내 말을 믿었을까?,10
5247,...,10
5248,허긴.. 깡패새끼 말을 누가 믿겄소. 우리 검사님 말이면 몰라도. 안 그라요?,10
5249,...,10
5250,중국으로 밀항하는 배는 오늘 밤에 섭외혔습니다.,10
5251,... 느그 애들 좀 쓰자.,10
5252,검사님! 안상구가 탈출했답니다!!,10
5253,...?,10
5254,지금 난리가 났다니까요.. 호송버스에서 뛰어내렸다는데...,10
5255,사.. 살려 주십쇼...,10
5256,형.. 형님..,10
5257,살려.. 주십쇼.. 지도.. 살려고... 그랬습니다...,10
5258,...,10
5259,주은혜 누가 죽였냐?,10
5260,조.. 조상무가.. 죽였습니다...,10
5261,...,10
5262,이강희... 이강희의 지시로... 조상무가 죽였습니다...,10
5263,...,10
5264,담배 좀 주라.,10
5265,예.,10
5266,후~,10
5267,이강희 작업 들어가겄습니다.,10
5268,... 니들은 빠져라.. 형님은 내가 볼란게..,10
5269,괜찮으시겄습니까?,10
5270,후~ 살기 힘들다..,10
5271,밀항?,10
5272,예. 일본 아니면 중국으로 뜰 가능성이 높습니다.,10
5273,요즘은 필리핀이나 태국 같은 동남아로도 많이 간다는데..,10
5274,"하긴, 필리핀은 섬만 수 천 개니까 어디 숨었는지 절대 잡을 수가 없지.",10
5275,예전엔 한국이 필리핀만큼만 살았으면 좋겠다구 했는데...,10
5276,...,10
5277,무조건 자극적으로 쓰라고! 보면 확 꼴리게!! 주간님도 같은 생각이시죠?,10
5278,그럼요. 회사방침이 분명한데요.,10
5279,"예, 회장님. 예, 봤습니다. 지금 상황에서 잡히",10
5280,제가 뭐 한 게 있습니까... 안상구 혼자서 북 치고 장,10
5281,"아따, 그렇게 좋소?",10
5282,...?,10
5283,내가 북치고 장구 치니께.. 좋냐고?,10
5284,...!! 제가 나중에 전화 드리겠습니다. 손님이 찾아와서요.,10
5285,형님 땜에 칼 춤 한번 추러왔구만.,10
5286,"어떻게 형님이 이짝으로 오든지, 아님 내가 그짝으로 가도 좋고.",10
5287,...,10
5288,에헤~ 쫄지 말고 이짝으로 오쇼. 동생이 긴히 물어볼게 있어서 그런게.,10
5289,...,10
5290,"형님이랑 나랑 20년이요. 내가 장필우랑 오현수는 안 믿어도, 형님은 믿었",10
5291,"상구, 그러게 내가 그만두라고 했잖아.",10
5292,에헤~ 대화의 본질이 빗나가는구만..,10
5293,...?,10
5294,형님이랑 나랑 무슨 피가 섞인 친형제도 아니고..,10
5295,... 원하는 게 뭐야?,10
5296,까놓고 얘기해서.. 힘 있는 놈들한테 붙어서 똥구멍 좀 빨아준 게 뭐 큰 잘,10
5297,...,10
5298,그런데.. 주은혜는 왜 죽였소?,10
5299,... 내가 안 죽였어.,10
5300,문일석도 매수했소? 나한테 비자금 파일 넘긴 적 없다고.,10
5301,난 모르는 일이야.,10
5302,마지막으로 물읍시다. 시대의 사기꾼! 살인청부와 성폭행을 일삼는 파렴치,10
5303,...,10
5304,이 개새끼가... 내가 그렇게 좆같이 보여... 여기가 어디라고 이 깡패새끼...,10
5305,...?,10
5306,... 상구... 오해야...,10
5307,주은혜 왜 죽였어!!,10
5308,... 내가 죽인 게 아냐!!,10
5309,장필우가 그랬어!! 다 장필우가 시킨 거야!! 문일석 매수한 것도 그렇고...,10
5310,...,10
5311,상구... 살려줘... 제발....,10
5312,...,10
5313,헉.. 헉... 똥은 어짝 손으로 닦어...,10
5314,...?,10
5315,고 남은 손은 똥이나 닦으쇼. 글은 쓰지 말고.,10
5316,...,10
5317,...?,10
5318,우장훈 검사님?,10
5319,상구형님께서 전해드리라고 하셨습니다.,10
5320,...?,10
5321,들어봤어?,10
5322,...,10
5323,그거면 엮을 수 있겄지?,10
5324,... 이제부터 내가 알아서 할 테니까 몸조리나 잘해요.,10
5325,"어이, 지금 나한테 요자 부친 거여?",10
5326,하던 대로 혀.. 낯설게 그라지 말고.,10
5327,아부지는 봤냐?,10
5328,...,10
5329,살아계실 때 잘혀.. 난중에 나처럼 후회하지 말고.. 알겄냐?,10
5330,...,10
5331,안상구가 주더군요.,10
5332,바보쇄끼... 증거채택이 힘들 텐데?,10
5333,"생명의 위험을 느끼는 강압적 상황에서의 자백은,",10
5334,잘 아시면서 왜 오셨나?,10
5335,안상구는 여기에 진실이 있다고 했습니다. 하지만 전 생각이 다릅니다.,10
5336,...?,10
5337,장필우가 아니라 이강희 당신이 모든 걸 지시한 거야.,10
5338,소설 쓰지 말고 팩트를 가져와. 그럼 한번 생각해보지.,10
5339,만약 이 테이프를 장필우한테 들려주면 어떨까요?,10
5340,...?,10
5341,좋아하진 않을 거 같은데.,10
5342,...,10
5343,사람 마음이란 게 그렇잖아요. 한번 의심을 하기 시작하면 한도 끝도 없고.,10
5344,하고 싶은 말이 뭐야?,10
5345,장필우한테 약속받은 자리. 다른 사람이 앉을 수도 있다는 겁니다.,10
5346,...,10
5347,그리고 이거.,10
5348,...?,10
5349,...!!!,10
5350,... 지금 나랑 또다시 해보자는 거야?,10
5351,에헤~ 대화의 본질이 빗나가는구만.,10
5352,...?,10
5353,내가 지금 또 싸우자고 이러겠습니까. 일단 대검중수부로 승진발령해주십쇼.,10
5354,...,10
5355,적이 아니면 친구가 되라. 앞으로 잘 부탁드리겠습니다.,10
5356,...,10
5357,지금 검찰은 적당히 보여주고 위기만 넘겨보려는 진실성 없는 변화가 아니,10
5358,이번에 중수부로 승진발령받은 우장훈 검삽니다.,10
5359,얘기 많이 들었습니다. 앞으로 잘해봅시다.,10
5360,예!,10
5361,너무 긴장하지 말고 맞선 본다고 생각하라구.,10
5362,예.,10
5363,중수부는 어때?,10
5364,부장님이랑 손발도 잘 맞구 좋습니다.,10
5365,황부장 그 양반이 광어 맞지?,10
5366,"예, 경북고 출신인거로 알고 있습니다.",10
5367,김석우랑 동창이지 아마.,10
5368,...,10
5369,경선이 얼마 안 남았어. 지지율도 오차범위 안쪽이고.,10
5370,김석우의원이랑 대안건설의 스캔들!,10
5371,...?,10
5372,"줄거리 정리해 놨으니까, 적당한 시점에서 터트리면 될 거야.",10
5373,... 알겠습니다.,10
5374,조상무 오랜만입니다. 언제 들어왔어요?,10
5375,며칠 됐습니다.,10
5376,첫걸음인데 빈손으로 오기 뭐해서요.,10
5377,회장님이 좋아하시는 거로다 특별히 준비했답니다.,10
5378,내가 올 줄 알았지.. 날 닮았다고 했잖아..,10
5379,...,10
5380,여보세요.,10
5381,의원님 저 최형삽니다. 긴히 보고드릴 게 있어서요.,10
5382,다 끝났는데 무슨 보고를 해!!,10
5383,... 씨발놈.,10
5384,번호를 바꾸던지.. 별 거지같은 놈이...,10
5385,누군데?,10
5386,아냐.. 자 들어들 갑시다. 우검사 가자구.,10
5387,예.,10
5388,국민여러분의 위대한 선택에 한없는 경의를 표하며 기쁜 마음으로 일국당,10
5389,받았냐?,10
5390,"예, 받았습니다.",10
5391,배우들은 잘 나왔고?,10
5392,"예, 선명합니다.",10
5393,씨벌럼들... 쫙~ 뿌려부러!!,10
5394,"아이고, 우프로!!",10
5395,영전을 감축 드립니다.,10
5396,여긴 또 왠일이야? 혹시 나 스토킹하는 거?,10
5397,나 수도일보로 컴백했잖아. 앞으로 잘해보자구.,10
5398,...?,10
5399,뭐?,10
5400,...?,10
5401,애 땜에 똥줄 좀 탔지.. 안 그렀습니까.. 회장님.,10
5402,내가 며칠 똥을 못 싸가 관장을 다 했다아이가..,10
5403,죄송합니다. 앞으로 회장님 똥은 제가 받겠습니다.,10
5404,껄껄껄.. 그래 앞으로 내 똥은 니가 받아 묵으라!,10
5405,마 우리 이주간 아니었으면 큰일 날 뻔했데이... 안 그러노 장후보.,10
5406,이주간의 상상력은 가히 예술의 경지에 가깝다고 할 수 있죠..,10
5407,석명관 그 양반도 참 안됐어...,10
5408,안됐긴 뭐가 안됐노.. 지도 다 받을 거 받고 그레 간 긴데...,10
5409,"회장님, 제가 열 받을 게 뭐있습니까.",10
5410,맞데이.. 임마가 말은 참말로 예쁘게 한데이!,10
5411,"근데 회장님, 문일석한테 뭐라 그러셨는데 그 인간이 마음을 바꾼 겁니까?",10
5412,돈!,10
5413,돈이요?,10
5414,돈 주니까 고마 시키는 대로 하겠다 카더라.,10
5415,"회장님, 그게.. 엄밀히 따지자면... 은행에서 받은 돈이지...",10
5416,"임마, 그기 다 내 돈이다! 세상에 내 돈 안 쓴 놈 있으면 나와 보라케라!!",10
5417,떡도 치죠. 헤헤...,10
5418,"팀장님, 이것 좀 보시죠.",10
5419,...?,10
5420,예. 아직까지 아무런 정보도 없습니다... 아직 도착 안했고요...,10
5421,장필우 후원회장이라는 말이 있는데... 확실치는 않습니다...,10
5422,오회장쪽 사람이라는데... 별장에 여자들도 공급하구... 하여튼 구린 일은 다,10
5423,증거가 있었으면 내 말을 믿었을까?,10
5424,허긴.. 깡패새끼 말을 누가 믿겄소. 우리 검사님 말이면 몰라도.,10
5425,씨부럴.. 깡패 말은 못 믿어도.. 검사 말은 믿겄지.. 너 나랑 영화 한편 허자.,10
5426,...?,10
5427,지금부터 내가 하는 말 잘 들어. 나 오늘 탈출할랑게.,10
5428,장필우가 그랬어!! 다 장필우가 시킨 거야!!,10
5429,이강희의 자백을 갖고 장필우랑 오현수를 잡겠다고?,10
5430,에헤~ 아주 날 띄엄띄엄보는구만... 생명의 위협을 느끼는 강압적 상황에서,10
5431,내가 이강희의 자백을 뜨면 니가 그걸 갖고 딜을 하란 말이여.,10
5432,딜?,10
5433,지금 나랑 또다시 해보자는 거야?,10
5434,에헤~ 대화의 본질이 빗나가는구만.,10
5435,...?,10
5436,내가 지금 또 싸우자고 이러겠습니까. 일단 대검중수부로 승진발령해주십쇼.,10
5437,...,10
5438,적이 아니면 친구가 되라. 앞으로 잘 부탁드리겠습니다.,10
5439,"그려, 니가 이강희랑 딜을 해서 그짝 편에 붙으라고.",10
5440,조상무 오랜만입니다. 언제 들어왔어요?,10
5441,며칠 됐습니다.,10
5442,첫걸음인데 빈손으로 오기 뭐해서요.,10
5443,회장님이 좋아하시는 거로다 특별히 준비했답니다.,10
5444,나보고 내부자가 되란 말이야?,10
5445,"예전에 내가 알던 검찰간부랑 술을 한 잔 하는데, 나한테 요렇게 묻드만.",10
5446,...?,10
5447,검찰이 왜 조폭수사를 경찰에 다 맡기지 않고 직접 하는지 알아?,10
5448,...,10
5449,글쎄요. 뭐 특별한 이유가 있을까요?,10
5450,...,10
5451,"그게 말야, 하늘 아래 두 조직은 있을 수 없는 법이거든.",10
5452,...,10
5453,칼잡이로 이용만 당하다가 팽당하기 싫으면. 이제부턴 내가 시키는 대로 혀.,10
5454,...,10
5455,내부자가 돼서 호랑이를 잡든가.,10
5456,...,10
5457,선택혀. 니가 원하는 게 뭔지.,10
5458,...,10
5459,... 내 눈으로 직접 보고 싶었습니다. 그래서 내부자가 되기로 결심했습니다.,10
5460,씨발.. 좆됐네...,10
5461,오현수 회장은 미래자동차 재무팀장이었던 문일석을 돈으로 매수해 거짓을,10
5462,"동영상에 직접 등장했는데, 이름과 직업을 밝혀주실 수 있습니까?",10
5463,... 나는 대한민국 검사 우장훈입니다.,10
5464,뭐라 씨부리냐?,10
5465,으.. 으.. 으...,10
5466,"아따, 모르겄다. 싸게 부어라.",10
5467,주은혜가 이강희를 찾아가서 협박을 했데.,10
5468,...,10
5469,그래서 조상무가 죽인 거고.,10
5470,...,10
5471,근데 조상무를 찾을 수가 없네.. 외국으로 뜬것도 아닌데...,10
5472,... 나 못 믿는 거여?,10
5473,후~ 세상은 역시 불공평하구만..,10
5474,후~ 몰랐어? 깡패랑 검사랑 다른 거.,10
5475,"지랄허고자빠졌네.. 근데, 넌 나이도 어린놈이 언제까지 반말이여?",10
5476,"아따, 하던 대로 하라며? 낯설다고.",10
5477,인제 검사도 아니잖어?,10
5478,에이.. 몰라.. 몰라...,10
5479,인제 뭐 먹고 살거여?,10
5480,변호사 바꿔보는 거 어때? 개업기념 특별세일로다가 반값으로 모실게.,10
5481,검사 짓도 개판 쳤는데.. 변호사 짓을 제대로 할란가?,10
5482,... 날씨 좋다~,10
5483,후회는 없고?,10
5484,뭔 후회?,10
5485,내부자로 들어가서 그냥 쭉~ 갈수도 있었잖어?,10
5486,...,10
5487,얼굴 보니까.. 겁나불게 갈등 때렸구만.. 아니여?,10
5488,후~ 나보고 평생 개새끼들 똥구멍이나 빨면서 살라고?,10
5489,허벌나게 성공도 허고.. 좀 빨아주면 안되나?,10
5490,... 나 대한민국 검사야.,10
5491,정의롭다.. 정의로워...,10
5492,...?,10
5493,그려서 내가 스타로 만든 거 아니여.,10
5494,...?,10
5495,정의의 고독한 승부사 우장훈 검사!!,10
5496,...,10
5497,여보세요. 예? 언제요?,10
5498,뭐여?,10
5499,... 장필우가 자살했데..,10
5500,...?!! 또 바람이 불겠구만..,10
5501,5분 이상은 안 됩니다.,10
5502,알겠습니다.,10
5503,"여보세요. 예, 콩밥도 먹을 만하고, 생각할 시간도 많고, 나쁘",10
5504,오징어 씹어보셨죠? 근데 이게 무지하게 질긴 겁니다. 계속 씹으시겠습니,10
5505,후~ 오른손이 없으면.. 까짓것 왼손으로 쓰면 되죠... 흐흐흐.....,10
5506,뉴스 좀.,80
5507,우유.,80
5508,(앉으며) 할머니 병원 좀 가보지 들?,80
5509,(일어서며 건조하게) 잘 먹었습니다.,80
5510,(한 입 베어진 빵을 보며) 마저 먹어. (그냥 가버리는 딸. 다시 남편에게) 응?,80
5511,(눈도 마주치지 않고) 알잖아.,80
5512,당신거랑 장모님거랑 해서 빽 하나씩 사.,80
5513,(뭐 이런걸 다)....,80
5514,(쳐다보는 딸을 보며) 너도 줘?,80
5515,할머니한테 전화라도 드려.,80
5516,사업하는 양반이 바빠야지. 신경 접고 고만 일 보소. 번창하시게. 잉. 잉. 그려 그려..들어가소. 어이.,80
5517,회사 인수라는게 쉽지가 않나봐.,80
5518,홍 서방 이렇게 잘 될라고 어째 알았겠어? (한 숨) 니 오빠 저럴 줄은 어째 알고?,80
5519,합의 잘 보면 된데요.,80
5520,(안경 꺼내며) 학교 때 노동 운동이다 뭐다 지랄을 하더만.,80
5521,(포크로 과일을 찍어주며) 인생은 아이러니 한 거니께.,80
5522,넌 이제 사투리가 어색하고만.,80
5523,아따 서울 사람 다 됐는갑지.,80
5524,(안경 끼고 빽을 관찰하다가) 요새 봉봉은 안나오니?,80
5525,(소리) 그저 바라만 보고 있지~~그저.....,80
5526,(화들짝 돌아보면!!!),80
5527,뭐래?...병원에선?,80
5528,두 달 남았데나?,80
5529,.......,80
5530,두 달 동안 뭐 하고 노냐?,80
5531,......많이 아파?,80
5532,그냥 ....(후~) 바늘 한... 천개가 동시에 막 찌르는 느낌?,80
5533,임 나미. 넌 나이 값 못하고 누가 아직도 이렇게 예쁘래?,80
5534,하 춘화...... 너도 암환자치곤 예뻐.,80
5535,(웃다가 심각) 암 걸리면 뭐가 제일 힘든지 알아?,80
5536,(빤히)..?....,80
5537,화장이 안 먹어.,80
5538,네.....응.....내일? 얼마나 가는데?.... 두 달이나 걸려? 알았어요. 지금 들어갈게..,80
5539,(긴 통화에 약간 미안) 갑자기 출장 간다네. 남편.,80
5540,가 봐야지?,80
5541,자주 올게. 내가 뭐 도와줄 거 없어?,80
5542,(피식) 얼른 가.,80
5543,도와줄거 생각 났다.,80
5544,응. 얘기 해.?,80
5545,나... 찾아주면 안될까?,80
5546,누구?,80
5547,써니.,80
5548,......,80
5549,죽기 전에 꼭 한 번 보고 싶어.,80
5550,당신 건강검진 언제 받았지?,80
5551,(피곤) 저번에.,80
5552,큰 아버지 암으로 돌아가셨다 그러지 않았나?.... 큰 어머닌가?,80
5553,....,80
5554,자?,80
5555,...누가 보험 들래?,80
5556,...오늘 병원에서 친구 만났는데 폐암이래..... 말기.,80
5557,당신도 친구 있었어?,80
5558,고등학교 친구. (생각해보니 기분 나쁜) 나 칠공주였다고 얘기 안했나?,80
5559,임 나미.,80
5560,왜?,80
5561,갔다 와서 둘 째 만들까?,80
5562,.....나 폐경 왔어.,80
5563,.....,80
5564,(차) 타고가. 전화 할게.,80
5565,혈압약 거르지 말고 무서운데 가지 마.,80
5566,(돈 봉투 건네며) 미진이는 따로 좀 줬으니까 당신 다 써.,80
5567,(너무 많다) 돈 있어.,80
5568,친구랑도 좀 놀아주고... 얼마 안 남았다며.,80
5569,(받으며) 미진이 연합고사 얼마 남았다고.,80
5570,다녀올게.,80
5571,(소리) 막힐까봐 시내 탔는데 죄송합니다.,80
5572,(무안) 괜찮아요.,80
5573,봉 기사님.,80
5574,(소리) 네?,80
5575,(빈자리 보며) 저거 누구 자리야?,80
5576,(엎드린 채) 하춘화 화장실 갔는데요.,80
5577,장미야.,80
5578,(엎드린 채) 자는 거 아닌데요.,80
5579,(답답) 그럼 인사 중인거니? (말자) 저기 이번에 전학 온 임(뭐더라)..나미. 임 나미 학생이다. 전라도 벌교에서 왔고 서울은 처음이니까 다들 잘 해주고. (답답) 응? 장미야! (나미에게) 자기소개 해.,80
5580,(긴장) 00고등학교에서 전학을 와분....온 임 나미라고 합니다. 잘 부탁드립니다.,80
5581,(흉내) 전학 와부느라고 수고 했당게. 어디. 꼬막 나는 동네. 도시락 봐바. 꼬막 싸왔냐?,80
5582,.... 도시락 안 싸왔어.,80
5583,(정색) 너 우리 학굔 도시락 안 싸오면 정학인거 몰라?,80
5584,......,80
5585,야. 쓸데없는 소리 하지 말고 너 신디 로퍼가 좋아 마돈나가 좋아?,80
5586,대답 잘 해야 된다잉.,80
5587,(엎드린 채) 야. 너네 안 가?,80
5588,(빤히 보더니) 김 장미 많이 컸네.,80
5589,나 원래 우량 하거든?,80
5590,아~ 이것만 물어 보고. (나미에겐 무섭게) 누구? 신디야 돈나야?,80
5591,(소리) 난 하춘화.,80
5592,(나미 보며) 누구니?,80
5593,전학생.,80
5594,(보자~) 어디서 왔어?,80
5595,(소리) 벌교. 꼬막의 고장. 도시락 안 싸왔데.,80
5596,.......,80
5597,(피식) 이름 뭐야?,80
5598,(소리) 나미래. 나미. 임 나미.,80
5599,나미? 빙글빙글 나미?,80
5600,(소리) 응.,80
5601,.....(아 또)......,80
5602,(악수 청하며) 나 춘화야. 하 춘화. 반갑다 나미.,80
5603,(엉겁결에 악수하며) 반가워...,80
5604,(피식) 예쁘네.,80
5605,(고개 돌리며) 나 이상해?,80
5606,.........,80
5607,(실망) 이상하구나....,80
5608,뭘 꼴아?,80
5609,오늘도 어김없이 곱창을 채우기 위해 몸부림치는 천 이백 덕성인들의 활명수 D.J 홍 인사드리면서 날려드리는 오늘의 첫 곡. rick astley오빠의 never~. never gonna give up!,80
5610,가수끼리 점심이나 할까?,80
5611,밥이 넘어가지? 이 우량한 년아.,80
5612,그래서 빵 먹을라고 왔잖아.,80
5613,(나미 보며) 누구래?,80
5614,어 전학 온 나미. 임 나미. 이쪽은 황 진희.,80
5615,국문과 교수집 딸내민데 입만 열면 욕지거리여.,80
5616,어머. (교양있게) 미친년 똥 싸네. (나미에게) 어디서 왔니?,80
5617,전라도 벌교.,80
5618,(관심) 거기 사람들 진짜 욕 잘하니?,80
5619,...안 그래.,80
5620,잘하면? 왜? 전학 가시게? (누군가 발견) 어이! 서금옥이! 사라다 빵 네 개 추가 !!,80
5621,서 치과 집 무남독녀 금이야 옥이야 서 금옥이. 다구발만 안 세우면 참 참한데.... 말이지.,80
5622,....다구발이 뭐대?,80
5623,(소리) 하 춘하씨~~!!!,80
5624,(복희에게) 다이어트 한담서?,80
5625,(미스코리아 말투&행동) 성장 판 닫히면 하겠습니다. (나미 보며) 얘가 전학생? 반갑다 얘. (나미에게) 나 미스코리아 나가야 되거든.,80
5626,니미 학교나 잘 나와 이년아.,80
5627,(미스코리아 말투) 지랄 떨지 마십시오.,80
5628,너 되면 너네 미용실에서 응? 나 쌍커풀? 약속 했다?,80
5629,수지년은 어디갔데니?,80
5630,밥 생각 없다고 한 대 빨다 오신단다.,80
5631,.....(뭘?).....,80
5632,(담배 흉내 내며) 이거. 이거. 아까 우리 반에 예쁜 애 봤지? 피비 케이츠 같이 생긴 애. 수지. 걔 까지 해서 우리 멤바야. 멤바.,80
5633,야 근데 너네 집은 뭐 하냐? 우리학교 사립이라 오기 힘든데?,80
5634,.......,80
5635,(언제 왔는지) 얘가 전학생? (나미 신발 보며) 스펙스네?,80
5636,......(아 쪽팔려).....,80
5637,어째 그래 말이 없을까 우리 딸내미는?,80
5638,.......,80
5639,아빠네 부장님이 특별히 그거 해서 서울대 많이 간다는 학교로 어렵게 그거 했는데. 친구들 많이 사겼는가?,80
5640,자꾸 말 걸지 마쇼. 사투리 교정해야 됭께.,80
5641,(서울말) 너 사투리 하나도 안 써. 서울 애 같아.,80
5642,(짜증) 서울 애들 다 스펙스 신는담서? 우리 반 애들 다 나이키 아니면 프로 스팩스만 신더만? 바지도 뱅뱅 산다니깐 죠다쉬 좋다고...,80
5643,(버럭) 야! 너 지금 저기 공단에서 너 만한 애들이 신발하나 살라면 잔업을 얼마나 하는지 알기나 해?,80
5644,얜 모르지.,80
5645,그게 문제라는 거요. 이 땅의 주인인 노동자들이 종속파시즘의 헤게모니에 인권을 유린당하고 있는 이때에 고작 미제 나이키나 운운하며.. (뉴스에서 나오는 전두환 보며) 저거 저거. 아버지도 언제까지 이 더러운 정권 밑에서 공무원이란 이름으로 저자의 하수인 노릇을 할겁니까?,80
5646,....하수인?,80
5647,(좀 심했나? 하지만 여전히 흥분).........직원...,80
5648,야. 이 놈새끼야. 니 잘난 등록금은 어디서 나고 허구한 날 처먹고 다니는 니 술값은 어디서 나는 거 같냐? 노동운동이건 복근운동이건 니가 벌어서 하던지 내 돈 받아쓰는 동안은 조용히 학교나 잘 다녀. 쓸데없는 짓 하지 말고.,80
5649,아버지.,80
5650,시끄러.,80
5651,(비장) 인생은 짧고 혁명은 깁니다.,80
5652,(다짜고짜) 이런 씨부랄! 인생이 왜 짧아? (이하 듣도 보도 못한 현란한 욕 퍼레이드 후 상냥하게) 국 좀 더 주세요~.,80
5653,주번.,80
5654,.....(아 젠장).....,80
5655,주번!,80
5656,읽어봐.,80
5657,선생님.,80
5658,화장실 갈라면 읽고 가.,80
5659,질문을 주번에게만 하시는 건 부당하다고 생각합니다.,80
5660,알았어. 앉아. (앉는 장미) 그럼 십 이번.,80
5661,장미야. 니 쌍커풀이 제일 부당해. 태교에 얼마나 안 좋은 줄 아니 응? 그 옆에.,80
5662,(긴장) 등화가친. 촛불을 가까이 하기 좋다. 책을 읽거나 공부를 하기 좋은 때를 의미하는 말입니다.,80
5663,(기특한) 임 나미. 너 저번 학교에서 계속 전교 1.2등 했더라.,80
5664,(더 크게) 오오오오~~~!!!!,80
5665,사생대회 나가서 상도 많이 타고.,80
5666,오오오오오오오~~~~!!!! (장미도 같이),80
5667,아 시끄러! (나미에게는 부드럽게) 미대 갈 꺼니?,80
5668,아직.....모르겠는데요.,80
5669,이따 교무실 들러. 이번 사생대회 신청서 나왔더라.,80
5670,....네.....,80
5671,장미도 시간 날 때 한 번 들러. 그 눈탱이 아주 확 찢어줄게.,80
5672,(감탄) 넌 어쩜 하나도 안 늙었니? 피부 좀 봐.,80
5673,선생님도 안 변하셨어요.,80
5674,나 다음 달에 할머니 된다 얘. (속삭임) 과속했어. 과속스캔들. 요새 혼수래잖아.,80
5675,눈 했구나? (네) 봐봐. 잘됐다 얘. (아 맞다) 얼마 전에 장미도 왔다갔어. 연락 하니? (서랍 뒤지며) 명함 주고 갔는데.,80
5676,잘들 하셨어요. 잘들 하셨는데... 김장미 설계사님.,80
5677,(소리) 네.,80
5678,(씁쓸) 아시죠?,80
5679,(소리) 알죠.,80
5680,(바닥인 그래프 가리키며) 힘. 내세요.,80
5681,힘. 내야죠.,80
5682,(목표지점 찍으며) 여기까지는 하셔야...(후~)눈도 하시죠.,80
5683,네. 인생의 동반자 우리 생명 김장밉니다~.,80
5684,(통곡) 25년만에 죽는다고 나타나는 년이 어딨어? 이 나쁜년아. 야속한 년아. (한참 통곡하더니 울음 뚝) 보험은 좀 들어놨니?,80
5685,(신났다) 야 진짜 인간 김 장미 보험 아줌마 될 줄 누가 알았겠냐? 너(춘화) 이혼 잘 한거야. 그래도 어떻게 한 번을 안 찾아오냐?,80
5686,(피식) 애도 없겠다 완전 남 된거지.,80
5687,그래도 외롭지 않니?,80
5688,돈 버는 재미에 몰랐었는데.. 병원에 이불 깔고 보니까 좀 그렇기도 하네. 어디 삼삼한 홀애비 없니? 연애나 질펀하게 하다가 가게. 나 돈 많고 명 짧은 여자잖니.,80
5689,우리가 찾아 주자 얘. 춘화가 비용 다 낸다잖아. 너 뭐 하는 일도 없다며?,80
5690,.... 남편이랑 애 봐줘야지.,80
5691,니 남편이랑 애는 아직 기저귀 차고 댕긴데냐? 아~ 말아. 나 혼자라도 찾을래.,80
5692,..... 어떻게 찾을라고?,80
5693,내전지역만 아니면 외국 사셔도 한 달이면 충분이 찾겠네요. 합이 네 분. 가격은 뭐 사모님(장미)이 잘 아시니깐..,80
5694,"(자랑) 전에 남편이랑 빚쟁이들 피해서 짱 박혔을 때, 진짜 잘 숨었거든? 나중에 알았는데 저 사람이 우리 찾은 거래. 그때 우리 완전 개 고생했잖아.",80
5695,....좋니?,80
5696,하여간 잘 찾으니깐 우린 그냥 가서 만나기만 하면 되.,80
5697,(앉으며) 근데 피발견자 분들이 저희 통해서 만남이 주선되면 좀 그래 하시는 분들이 많아서 (종이 건네며) 이거. 상황별로 자연스러운 만남 정리해 논건데. 맘에 드시는 걸로 고르시면 되고요.,80
5698,(페이퍼 보더니) 그럼 그때 나 무료 성형 당첨 되서 나갔다 걸린게...,80
5699,거기 뒷장에 있어요.,80
5700,(젠장).....,80
5701,한 입만 먹고 가.,80
5702,아 진짜 엄마 집에서 하는 일이 뭐야?,80
5703,아까 계속 깨웠잖아. 양말 신고 가야지!,80
5704,(짜증 팍) 아 진짜. 빤스도 주지?!!,80
5705,당뇨끼 땜시 한 끼만 건너도 벌벌 떠는 년이. 아 한 숟가락만 물어.,80
5706,그걸 아는 양반이 딸 잡을 라고 안 깨웠소?,80
5707,아 어무니. 쟤 밥 주지 마쇼. 지금 민주열사들은 독방에서 소죽 한 그릇 먹...,80
5708,아 시끄러! 감옥이 콩밥이지 무슨 소죽이여?,80
5709,이런 씨부랄! 무국 달랬더니 또 소죽질이야?!!,80
5710,아 엄마! 무국 끓였잖아!!,80
5711,여 공구 가방 어디갔데?,80
5712,아 잘 찾아봐요.,80
5713,너네 담임 선생님 진통 와서 병원 갔으니까 종례는 없고 (나가며) 토요일이라고 싸돌아다니다 걸리기만 들 해봐.,80
5714,네~~.,80
5715,(흥분) 아~ 니기미. 결전의 날이 다가 온 거지. 연장 챙겨들 왔지?,80
5716,(씨익~) 난 이거(가짜눈썹) 챙기느라...,80
5717,넌 그거 들고 싸워 미친년아. (형광등 뽑는 금옥 보며) 뭐 해 이 년아?,80
5718,나도 깜빡 해서. (안 뽑힌다),80
5719,(한심) 아~쪽수가 딸리네 쪽수가. 칠공주는 꼭 일곱 명이 해야 되는 거야? 걔네 이름 바꾼거 들었냐? 아 존나 촌시러.,80
5720,얘는 왜 데려 가는 거야?,80
5721,(피식) 연장까지 챙겨 왔잖냐. 한 명 모자르다매? (나미에게) 대충 이빨 까다 끝나는데 혹시 싸움 나면 뒤에 가서 숨어. 누구 쫓아오면 도망가고. 그리고 (강조) 절대 눈 마주치지 마.,80
5722,응....,80
5723,그냥 한판 뜨자니깐. 연장 많구만.,80
5724,장미야.,80
5725,왜?,80
5726,혹시 뭐 먹을 거 없어?,80
5727,(어쭈) 여유 있네. (생각해보니 기분 나쁜) 야. 넌 내가 맨날 먹을 거 달고 다니게 생겼냐?,80
5728,먼저 왔네 씨발. 소녀시대.,80
5729,어이 하춘화씨. 우리가 무슨 세랭게티에 한 마리 외로운 호랑이도 아니고 그렇게 영역 표시를 해야 되나? 펭고펭고 좀 나눠쓰자는데.,80
5730,그러게 왜 거기서 우리 학교 애들 삥을 뜯냐고? (피식) 그리고 세랭게티면 사자지 이 무식한 년아. 여상 야간 티를 내요.,80
5731,(짜증 팍) 호랑이도 몇 마리 있을껄?!!! (나미 발견) 어이. 거 뒤에 아헤는 뭐냐? (피식) 쪽 수 맞출라고 중학생 데려왔냐? 졸라 떠네? 오줌 쌀라 그런다.,80
5732,(심각) 나 진짜 얘 까진 안 데려올라 그랬는데.,80
5733,.......,80
5734,너네 빙의라고 들어봤지? 빙의.,80
5735,들어봤지..... 남극이랑 북극에 있는 거.,80
5736,그건 빙산이고 빙신아.,80
5737,(짜증) 그게 뭔데?!!,80
5738,귀신이 들렸단 말이지. 빙의.,80
5739,........,80
5740,얘가 일명 맨발의 광녀라고 남쪽 동네에선 유명한 애거든. 지금 얘 떨지. 올라고 하는 거야.,80
5741,.....뭐가?,80
5742,...귀신!,80
5743,...!!.....,80
5744,아침에 작투 타고 오느라고 양말도 못신었다 야. (음산) 얘랑 눈 마주치지 마라. 귀신 옮는다.,80
5745,(약간 동요) 지랄 떠네.,80
5746,(나미에게 속삭이듯) 눈만 마주치지 마.,80
5747,야. 쪽팔리게 떨지 말고 꺼지던가 가만히 있던가?,80
5748,"이런 씨부랄!... (예전 할머니가 했던, 수준이 다른 현란한 욕 퍼레이드)",80
5749,(흥분) 배고파.,80
5750,나도 너네 할머니한테 레슨 한 번만 받자. 응? 아주 귀에 착착 달라 붙더만.,80
5751,(철퍼덕 널브러지며) 아이고 몸이 (헥헥) 작년이랑 틀려.,80
5752,(헥헥) 야. 그러지 말고 이번 기회에 우리도 쪽수 좀 맞추자. 칠공주로.,80
5753,뭐가?,80
5754,나미. 우리 멤바 하자고. 그동안 육공주 좀 이상했잖아.,80
5755,존나 이상했지.,80
5756,(앉으며) 임 나미를 우리 멤바로 영입하는데 동의합니까?,80
5757,동의합니다~.,80
5758,재청합니다.,80
5759,나는 콜.,80
5760,콜 투.,80
5761,....그러덩가.,80
5762,니미 쪽수도 맞춰졌겠다 이름 정하자. 이름.,80
5763,욕 좀 빼고해 미친년아.,80
5764,미친년 괜찮네 미친년. 미친년들.,80
5765,원더걸스 어때? 원더우먼. 원더걸스.,80
5766,(지랄) 아 졸라 촌시럽게 원더걸스가 뭐냐?,80
5767,미친년들보다 낫지 미친년아.,80
5768,누구여?,80
5769,나여.,80
5770,니가 아주 노량진에 말뚝을 박을라고 환장을 했구나? 재수가 체질에 맞디?,80
5771,얼굴 들이밀지 마라.. 식전이다. (가득한 신발 보며) 수지도 왔냐? (가득한 신발 보며) 오~ 수지!!,80
5772,라면 있지?,80
5773,니가 끓여 먹어 이 노량진 멧돼지야.,80
5774,(수줍) 라면 좀 올려다 드려요?,80
5775,계란 있지? (춘화 일행에게) 간만이다.,80
5776,못 보던 애다.,80
5777,우리 새 멤바.,80
5778,이쁘게 생겼네.,80
5779,오~,80
5780,빨리. 빨리. 지금 나온다. 얼른.,80
5781,"사랑하는 내 친구들 수지, 장미, 금옥, 복희, 진희, 그리고 나미와 함께 영원토록 우정을 쌓고 싶어요. 그런데 저희 멤바가 이름이 없어서 어쩌죠? 이종환 오빠가 만들어 주신다면 평생 저희 우정 변치 않을께요. 꼭 부탁드려요. 아 네. 춘화씨. 저한테 큰 부담을 주시는군요. (잠시 생각) 밝은 소녀들의 얼굴을 생각하니 써니가 어떨까 해요. 화창하면서 명랑한 느낌. s.u.n.n.y 써니. 마음에 드시는지 모르겠어요. 인생에서 가장 눈부신 날들을 보내는 소녀들에게 신청곡 띄워드립니다. 리차드 샌더슨의 reality.",80
5782,(방으로 들어가며) 사 입어.,80
5783,어. 장미야.... 진희? 욕쟁이 진희?,80
5784,세상이 아무리 변했다지만 요새 애들 어쩜 그러는지 모르겠어요. 천박하게. 그래도 우리 때는 고상하게 놀았잖아요. 책 읽고 클래식 듣고...,80
5785,어머. 너 진희 아니니? 황 진희.,80
5786,.... 나미? .... 장미 아니니?,80
5787,(씨익) 왜 아니겠어?,80
5788,나미는 하나도 안 늙었다 얘. 한 번에 알아봤어. 장미는(쌍꺼풀을 보고 쪼개며)....그대로네.,80
5789,(대뜸) 너는 못 알아보겠다. 야. 입 빼고 다 고쳤네. 세상에.,80
5790,뭘 고치긴 고쳐? 얘는? 비염 때문에 코만 살짝 했는데. (빤히 보는 장미) 눈썹 찔려서 눈 쪼금... 하고.,80
5791,한 바퀴 돌고 올게 천천히 얘기 나누고 와. 학교 때 친하셨나 봐요?,80
5792,같은 서클이었어요. 스터디....,80
5793,큭...,80
5794,....,80
5795,이 사람 학교 때 어땠습니까?,80
5796,(웃고는 있지만 뜨끔).....,80
5797,진희가 좀.... (웃음 참으며)우아했어요.,80
5798,(키득) 욕쟁이 중에서..,80
5799,(이 년들이).....,80
5800,(웃음 터진) 패싸움 나가면 주둥이가 연장이라..,80
5801,어머 여보! 여자들 끼리 얘기 좀 하게....저기 들 기다리시네요.,80
5802,장미 뭐 안 좋은 일 있었나보다? 그치?,80
5803,(키득) 아니 나는 웃겨서 그렇지.,80
5804,(쌩까며 나미에게) 그래 어떻게 지냈어? 애는 몇 살이니?,80
5805,중 3. 나 닮아서 예뻐.,80
5806,(대뜸) 너 젖도 했구나? 완전 수박됐네.,80
5807,(약간 열 받은) 무슨....교양없게. 나미 남편은 무슨 일...,80
5808,우리가 스터디냐? 불량 서클이지.,80
5809,(폭발) 아 씨발 진짜..... (진정) 그만 해라 얘.,80
5810,진희야. 너 춘화 만나러 안 갈래?,80
5811,.....,80
5812,불륜들이나 쫒아 다니는 그런데 통해서 찾았다는 게 난 좀 그러네.,80
5813,뭐가 그러냐? TV는 사랑을 싣고. 뭐 그런 거지.,80
5814,나도 모르는 사이에 뒷조사 당하는 게 좋겠니?,80
5815,춘화가 얼마 안 남았다니까. 우리가 찾으면 오래 걸리잖아.,80
5816,다른 방법을 찾았어야지. (장미에게) 너 거기 명함 있어?,80
5817,왜?,80
5818,있으면 빨리 줘봐. 얼른!,80
5819,그런 교양 없는데 내 개인정보 보관돼 있는 거 못 참아 난. 나 먼저 간다. 연락 하자.,80
5820,........(버럭) 야 황 진희!,80
5821,넌 욕할때가 이뻐.,80
5822,말이야. 사람이 변해도 어쩜 저렇게 변하냐?,80
5823,세월이 그런거지.,80
5824,야. 난 니가 소리 빽 지를때 욕 한번 시원하게 쏴주는 줄 알고 은근 기대했잖아.,80
5825,(피식) 한 번 해줄껄 그랬나?,80
5826,간만에 한 번 해봐라. 응? 응?,80
5827,안 해....... 미친년아.,80
5828,(신났다) 그거 말고. 또 옛날에 하던거.,80
5829,뭐... 이런 씨부랄 데쳐먹을 년.......이런 거?,80
5830,욕을 해줘야지. 욕을.,80
5831,어우 놀래라....... (장미 보며) 씨발.,80
5832,거기 적힌 대로 만나시는게 제일 자연스러워요. 친구분은 안 오셨네요?,80
5833,네. 며칠 연수 간다고 해서.,80
5834,나머지 두 분도 몇 주 내로 찾아드릴께요.,80
5835,"네. 별도로 이 분 좀 찾아 주실 수 있나요? 성함이랑, 나이는 아는데.",80
5836,(보더니) 네. 뭐 이정도면 금방 찾죠.,80
5837,사모님. 그만 가보셔도 돼요. 접수 잘 했습니다. (반응 없자) 비밀 철저히...(뭐라 하면) 네?,80
5838,아 계셨네. 황 진희 고객님. 남편 분 차 남바 잘못 쓰셨죠? 조회가 안 되네. 불륜 껀은 차 남바가 반인데......네?,80
5839,(여유) 너 뭐 하니?,80
5840,장미한테 말 안 할 거지?,80
5841,너 하는 거 봐서.,80
5842,아 그냥 혹시나 해서 알아보는 거라니깐.,80
5843,누가 뭐래?,80
5844,(소리) 누구세요?,80
5845,(대본 읽듯) 안녕하세요? 주님의 좋은 소식 전하러 왔습니다.,80
5846,(소리) 교회 다니는데요?,80
5847,좀 상냥하게..,80
5848,"(젠장, 하지만 상냥) 하나님은 여러분을 사랑하십니다.",80
5849,어느 교회서 나오셨어요?,80
5850,집이 좀 좁지? 재개발 끝날때까지만 있을라고.,80
5851,좋은데 뭘. 반가워 금옥아.,80
5852,그러게. 나미는 어쩜 더 어려졌니? 똑같네. 진희는....(웃음 터지며) 못 알아 보겠다 얘.,80
5853,야 서 금옥. 조카까지 니가 봐주는 거야?,80
5854,(조심스레) 시누가 만삭이라 잠깐 동안만. (방에서 금옥을 부르는 시어머니) 잠깐만. 네~~~.,80
5855,서 치과집 무남독녀 금이야 옥이야 서금옥이가 어떻게 저러고 사냐? 옛날 같았으면 당장 밥상 엎었을 년이. 니미 세월 참 무상해.,80
5856,너 이제 좀 너 같다.,80
5857,장미년 보니까 자연스럽게 욕이 나오데.,80
5858,집안에 임산부 있어서 병문안 가기가 좀 그러네. (나미에게 봉투 건네며) 대신 춘화 좀 갖다 줘. 부탁할게.,80
5859,잠깐이라도 니가 좀 들르지.,80
5860,미안하다. 내가 밖에서 일이라도 하면 니들 더 편하게 만날 텐데.... 춘화한테 따로 전화 할게. 우리 연락하고 지내자. 조심해서 가.,80
5861,밥 안 먹어.,80
5862,너 왜그래?,80
5863,뭐?,80
5864,얼굴 봐. 멍 들었잖아.,80
5865,아 멍 아니야.,80
5866,왜 멍이 아니야? 어디서 이랬어?,80
5867,아 부딪쳤어.,80
5868,(대뜸) 중학생은 좀 그런데?,80
5869,(놀래라) ...중학생은 아닌데요?,80
5870,(의심) ... 주문?,80
5871,커피 주세요. 블랙.,80
5872,(빤히 보다가) 선불.,80
5873,단속 뜨면 뒷문은 저쪽.,80
5874,너 나 봤지? 장미 친구.,80
5875,......,80
5876,이름 뭐야?,80
5877,(사투리) 나민디요.,80
5878,나미? 빙글빙글?,80
5879,(젠장)......네.......,80
5880,음악 좋아하나보다? 이런데 혼자 오고.,80
5881,.......(얼굴 시뻘개진).....,80
5882,혈압 있니? 얼굴 터지겠다.,80
5883,...당뇨 쪼금.... (아 오늘 진짜)......,80
5884,어디가?,80
5885,화장실요......(강조)손 씻으러....,80
5886,어이. 작두 타는 년. 간만이다.,80
5887,....누구세요?,80
5888,(피식) 아 이런 썅. 하 춘화가 얘기 안하디? 여기 우리 구역이라고. 펭고펭고를 넘겼으면 여긴 얼쩡대지 말았어야지.,80
5889,이 씨발년아. 다 들었어. 어디 시골서 올라온 촌년이 구라질이야. 그때 씨발 진짠지 알고 밤에 화장실도 못 갔잖아.,80
5890,.....(완전 얼음)......,80
5891,너네 이름 만들었더라. 써니? 씨발. 종환 오빠가 저 줬다매? 우리도 씨발 소녀시대 이름 촌스럽다고 해서 바꿀꺼야. 영어로. 핑.클!,80
5892,야. 일단 돈 좀 빌려줘봐. 언니들 핑클파마 좀 말게.,80
5893,....돈 없어...,80
5894,그렇지! 앙탈이 빠지면 허전한거지. (뒤지라는 손짓),80
5895,어우 놀래라 썅. 어디서 이런 미친년이.... 야 눈 안깔아?,80
5896,(씩씩거리며 계속 노려본다),80
5897,씨발. 눈 안 깔지? (비웃음) 너 지금 이 상황이 안 받아 들여지나 본데? 어디서 백마탄 왕자라도 나타나서 구해줄 거 같......,80
5898,(소리) 야!,80
5899,(여유) 등장이며 타이밍이며.... 너무 진부한 걸? 잘생긴 오빠. 응? 내가 피해자 역할일 때 다시 오면 안 되나?,80
5900,00여상?,80
5901,(피식) 그럼 뭐? 주판이라도 바꿔주시게?,80
5902,(담배 멋지게 품고)너네 세다리 선배 중에 송정옥이라고 있지? 얼굴 이십센치 찢어져서 너덜너덜 해 진 애. 자퇴하고 정신병원.,80
5903,......,80
5904,그거 이 오빠가 한거야. 걔 아직도 물 먹으면 빵꾸난데서 흘러.,80
5905,.....(동요) 지랄하네...,80
5906,아닌거 같지? (형광등 하나 집어들더니) 그거(면도칼 껌) 물고 일루 와봐. 오빠 지금 약해서 여자고 뭐고 없어. 일루 와봐. 이쁘게 해 줄게.,80
5907,(긴장) 어우~.. 괜찮아?,80
5908,네....,80
5909,요새 애들 진짜 무서워. 얼른 저 앞문으로 토끼자.,80
5910,.....(뭐냐).....,80
5911,난 가끔 그런 생각들을 한다. 우린 싸울 때 뭔가 들고 싸우잖아?,80
5912,...형광등요?..,80
5913,아니.. 저런 곤봉이든 방패든..,80
5914,아...,80
5915,그런 것들 대신 악기를 들고 싸우면 어떨까? 그냥.. 음악으로 싸우는 거야. 살리에르가 모차르트를 이길 수 없는 것처럼 승패 가리는 건 가능한 거니까. 최소한.. 피는 안 봐도 되잖아. 헬멧 벗으면 다 친구들인데..,80
5916,.........(얘.. 멋지다) 저도 음악 좋아해요.,80
5917,(전경들 보며) 군대에 간다면 군악대로 지원하고 싶어.. 난 무기 체질이 아니거든.,80
5918,(실망) 군대.. 가세요?,80
5919,나 면제야. 삼대 독자.,80
5920,아 네...,80
5921,껌 붙었다.,80
5922,....(아 젠장).....,80
5923,아까 걔들이랑 뒹굴때 붙었나보네. (당긴다),80
5924,아...아...,80
5925,(안되겠네) 엄청 붙었네. 집에 아세톤 있지? 아니면 짤라야겠다.,80
5926,(얼굴 빨개진)...네....,80
5927,(웃으며) 또 당뇨왔니?,80
5928,아니요. 저기 다 왔어요. 우리 집. 저 짝....,80
5929,(피식) 그래 들어가. 없으면 킬라 뿌려봐. 또 보자.,80
5930,"(다시 돌아보며) 아, 그리고 나중에 걔네들 또 만나면, 나랑 사귄다고 해! (미소) 미친놈이라고도 하고.",80
5931,그게 아니라니깐 그러시네. 우리 종기는 암 것도 몰라요. 그 여시 같은 년이 꼬득여서 쫓아다니다 보니까...,80
5932,(유들) 아 그러니깐 우리 어머니는 아드님 보는데로 얼른 우리한테 알려 줘요. 이 정도 삐라면 바로 남산 간다니깐? 거기 들어가면 종기 성해서 못 나와.,80
5933,(웃으며) 야이 씹쌔끼야. 밥먹고 가.,80
5934,(깜짝) 아~ 진짜 깜짝이야.,80
5935,(버럭) 엄마는 들어가 있어! 좀! (형사에게 애원조) 우리 애 암것도 모른다니까요. 네?,80
5936,(탄식) 어이구. 어디서 미친년을 만나서 하도 않던 노동운동 한답시고 집안을 말아먹어. 말아먹길. 어이구 이제 좀 살만 하니까.....,80
5937,휴교라 땡큐긴 한데 (시위대 보며) 작작들 좀 하지 거... 수지는 어디갔데냐? 단체행동에 기본이 안 돼있어.,80
5938,슬슬 마주칠 때가 됐는데 말이지. 썅년들 안 보이네.,80
5939,난 괜찮다니깐.,80
5940,넌 가만있어. 우리 중 한 명 건드리는 거는 우리 전체를 건드리는 거야.,80
5941,야. 맨날 이빨만 까지 말고 한판 제대로 좀 뜨자. 응?,80
5942,야 이 씨발년들아. 피를 보기에 좋은 날씨구나. 미친.....,80
5943,(담배 뿜으며) 뭘 꼴아봐?,80
5944,너 꼴아본다.,80
5945,글쎄 암 말도 하지 말고 가만히 계쇼. 내가 다 알아서 할것잉게.,80
5946,종기야. 그냥 엄마랑 경찰서 같이 가자. 내가 얘기 다 해놨다니깐. 착한 우리 종기가 나쁜년 꾐에 꼬여서..,80
5947,(버럭) 누가 나쁜년 꾐에 꼬이긴 꼬여?!! (진정) 얼른 들어가쇼. 좀 잠잠해지면 다시 올텡게.,80
5948,나 없는 동안 할머니 잘 돌봐드려라. 공부 열심히 하고.,80
5949,(걱정) 어디 가는데?,80
5950,(비장) 이 오빠는 민주주의와 이 땅의 노동자들을 위해서 한목숨 바치기로 했다. 나중에라도 절대 독재 정권과 부르주아 사상에 물들면 안 된다.,80
5951,임 종기. 민주 열사 집안이 사상 저래서 되겠어?,80
5952,(비굴) 노인네가 뭘 몰라서 그래. 배운 게 없어서.,80
5953,피고 임종기는 원고측 대표 하싼 이하 여덟 명의 외국인 근로자들의 임금을 장기간 고의적으로 체납하고 고용일로 부터 지불할 의지가 없었으므로 그 죄질이 나빠 실형을 선고함이 마땅하나 초범인데다 이미 합의를 하였고 깊이 반성함을 인정하여 징역 6개월에 집행유예 2년을 선고합니다.,80
5954,오빠.,80
5955,(돌아보며 쓴 웃음) 엄마는?,80
5956,집에. 내가 전화 드렸어..... 괜찮아?,80
5957,(한 숨) 인생 이렇게 사는 거 아닌데. 그치?,80
5958,......,80
5959,하싼!,80
5960,.....(의아).....,80
5961,(애써 웃음) 미안하다.,80
5962,(빤히 바라보다) 개새끼야.,80
5963,금옥이는 무슨 백 만 원씩이나 넣었데?,80
5964,(몰입하며) 넣을만 하니까 넣었겠지. 친구잖아.,80
5965,옷은 딴걸로 그릴 꺼지?,80
5966,움직이지 말아봐. 간만에 하니까 잘 안되네.,80
5967,임 나미.,80
5968,네에~.,80
5969,뭐 하고 싶은 거 있어? 되고 싶은 거나?,80
5970,이 나이에 되고 싶은게 있겠어? 그냥 사는 거지.,80
5971,그냥 살지 마.,80
5972,......,80
5973,내 몫까지 잘 살다 와.,80
5974,.... 움직이지 말랬지.,80
5975,춘화야.... (나미 보며 울먹)나미야. 이 씹쌔끼 바람폈다.,80
5976,........,80
5977,이 새끼 어떡하니? 두집 살림 한지가 일년도 넘었데.,80
5978,누가?,80
5979,(화들짝)!!!,80
5980,어쩌시려고?,80
5981,미안하다 춘화야. 25년만에 만나서 이딴 소리나 해대고.,80
5982,친구끼리...아 이혼 해버려.,80
5983,누구 좋으라고... (결심) 일단 맞바람부터 좀 펴야지. 같이 필 사람? 나미? 장미?,80
5984,(수줍) 나는 좀 땡기긴 땡기는데.... 너 그러면 나중에 위자료 못 챙기지 않나?,80
5985,아 또 그건 그래. (억울) 아 이 개새끼. 이거 어떻게 작살내지?,80
5986,(비장) 찾아가서 깽판 한 번 쳐줘?,80
5987,...?....,80
5988,우리 중에 하나 건드리는 건 전부 건드리는 거잖아.,80
5989,그런 거지.,80
5990,야. 말만 해. 어떻게? 확 뿐질러줘? (바나나 분지른다) 나 날 받아 논 여자야. 응? 진희?,80
5991,그렇게 하면 안 아파. (시범) 이렇게 비틀어서 이렇게..이렇게 해야....,80
5992,남의 남편 꼬추 가지고 왜 이 지랄들이야?,80
5993,이봐. 이봐. 조선년들은 꼭 막판에 서방편들어요.,80
5994,복희는 미스코리아 됐데니? 빨리 보고 싶다. 아니 난 춘화 좀 보고 갈라고. 뭐 좀 전해주고. 내일 춘화도 데려갈까? 물어볼게. 응.,80
5995,야! 니들 왜 그래?! 이리 와봐! 야!,80
5996,(뒤돌며) 뭐 이 씨발년아!!,80
5997,(흥분) 괜찮아? 쟤들 뭐야? 너한테 왜 그래?,80
5998,(버럭) 아 왜 껴들고 난리야?!,80
5999,무슨 일이냐고?! 쟤들 뭔데?,80
6000,(울먹) 쟤들이 뭐면?! 엄마가 뭐 어쩔껀데? 뭐 죽여주기라도 할 거야?!! (진정) 그냥 가 좀 빨리.,80
6001,(소리) 어이. 보험아줌마!,80
6002,얼레? 싸모님이 이 누추한 곳엔 어쩐 일로 오셨을까?,80
6003,피를 보기 좋은 날씨구나~.,80
6004,의상이 좀 그러네.,80
6005,시끄러. 예전 방식대로 한다.,80
6006,뭘?,80
6007,기선 제압을 하겠다는 거지. 내가.,80
6008,(흐뭇한 어깨동무) 그래 이년아. 욕쟁이는 욕을 먹고 살아야 되는 법이야. (가슴 찌르며) 근데 너 이거. 한 거지. 엉? 했구만.,80
6009,몰라 이 년아. 근데 얘는 왜 안온데니? 여기 맞아?,80
6010,......미친년.....,80
6011,(수줍) 걔들이 나 알아볼까봐....,80
6012,(풉) 야. 어머 얘 어떡하니? 호호호호. (정색) 남편 완전 좋아하겠다.,80
6013,(소리) 우하하하. 야. 임 나미!,80
6014,하하하. 완전 쟤 고삐리다. 너 그냥 그렇게 입고 다녀라. 아하하하.....,80
6015,(장미 바라보면),80
6016,심심하대잖아. 그리고 이런 날 리더가 빠질 수 있냐?,80
6017,야. 쟤들. 쟤들.,80
6018,쟤들이야? 오늘 간만에 스트레스 좀 풀어 보자. 깽값은 내가 쏠게 맘껏 즐겨.,80
6019,춘화는 그냥 보고만 있어.,80
6020,.....암 환자가 못 싸울 거란 편견을 버려.,80
6021,......오오~~,80
6022,(소리) 어이 씨발년들! 금연구역이잖아!!,80
6023,아니 세차하러 나왔다가 빽차 모자란데서....이상한 사람들 같지는 않고..... 한 여자는 좀 이상한거 같애. (풉) 아줌마가 교복 입고 있더라고. 몰라. 코스프렌지 정신병잔지... (차에 타며) 지구대 실어다만 주고 바로 갈께요. 네~.,80
6024,명품 빽이 좋긴 좋다 얘. 한~방에 대가리가 터지네.,80
6025,소풍가세요?,80
6026,경찰 아저씨. 이런 건 보험처리 안되죠?,80
6027,아니 이게 어떻게 보험이 됩니까? 폭력사건인데.,80
6028,일반 상해는 합의금도 다 나오는 상품 있는데....(슬쩍) 보험 좀 드셨어요?,80
6029,야. 넌 이 상황에서도 보험 팔 생각이 나냐?,80
6030,아 나 이번 달도 공치면 완전 삼진이야. 니가 좀 들어주던가? 돈도 많은 년이.,80
6031,조용히 좀 가시죠.,80
6032,(아랑곳 않고) 나미 얘 날라다니는 거 봤니? 오늘 손맛 좀 제대로 보더라.,80
6033,복수지. 복수. 정의사회구현.,80
6034,니 애들은 손봐줄 애들 없다니? 탄력 받은 김에 한 바퀴 돌자.,80
6035,좋네! 유니폼 맞추자 이왕 하는 거.,80
6036,(진지) 교복이 생각보다 편해.,80
6037,(신났다) 호호호!!! 전단지 붙일까? 깽값만 받고 일진 잡아드립니다. 돌아온 써니! (다들 웃는다),80
6038,아 좀!!!,80
6039,경찰 아저씨.,80
6040,(귀찮은) 왜요?,80
6041,볼륨 좀 높입시다.,80
6042,(귀엽다는 듯 웃으며) 임 나미. 완전 몸치 구만. 이거 어디 축제 때 무대나 올라가겠어?,80
6043,(피식) 아따 안무가 좀 몸에 안 붙는 구만?,80
6044,(버럭) 그럼 육갑떨지 말고 빠지던가 씨발. 병신 같은 게 무슨 춤춘다고 껴서...,80
6045,야! 정 수지. 말이 좀 심하잖아.,80
6046,(다가가며) 야 너 얘 좋아하냐? 응? 레즈비언?,80
6047,(빡 돈다) 뭐?,80
6048,여자끼리는 어떻게 하냐?,80
6049,(때릴 듯) 이런 씨발...,80
6050,써니건 씨발이건 니들끼리 해라. 졸라 유치해서 못해먹겠다.,80
6051,엄마가 미용실 안넘길라고 사채를 많이 썼나봐. 그거 갚는다고 학교도 그만 두고 (안타까운) 술집으로 빠졌나보지. 돌고 돌아서 섬까지 갔다 오고 여기까지 왔데..... 약도 했다던데.....,80
6052,애는?,80
6053,시설 같은데 있다고 하던데.... (속상한) 아우~ 나쁜년. (울먹) 미스코리아는 안됐어도... 이게 뭐니.,80
6054,아이고~ 이 미친년이 없는 손님도 내쫓을라고... 안에 들어가서 피든지 좀 이 정신빠진년아.,80
6055,(피식) 아~ 바람 좀 쐴라고. 들어갈게. 미안!,80
6056,나미야. 그냥 가자. 응? 나 쟤 못 만나겠다.,80
6057,.....친구가 왜 친구겠어.,80
6058,복희야.,80
6059,미안. 내가 커피를 너~무 좋아해서. (마시고) 춘화 보러 가자. 지금 갈까? 나 조퇴하면 돼. 학교 때도 나 조퇴 많이 했잖아. (주방을 향해) 언니~! 나 오늘 하루 쉴께요!,80
6060,(소리) 헛소리 하지 말고 화장이나 빨리 해!,80
6061,(실실) 오늘은 힘들겠다. 내일 가자 내일. 언니 미안~~!!,80
6062,장미는 쌍커풀 너~무 예쁘다. 꿈을 이뤘구나. 축하해. 나미는 완전 애기네. 애기 피부. 교복 입혀놓으면 고등학생 하겠다. 호호호.,80
6063,"(대뜸) 야 이 식충이 같은 년아. 장사도 안 돼서 죽겠구먼 남자는 못 데려오는게 (슬쩍 나미,장미 쳐다보며) 영업전에 재수 없게.... 할 일 없으면 화장실 가서 니 술 처먹고 오바이트 한 자국이나 닦아. (주방을 향해 가다가) 얼른!",80
6064,(일어서며) 미안. 평소에는 되게 좋아. 사람이. 잠깐 커피 하고 있어. 금방 올게. 금방~. 언니 미안~.,80
6065,(버럭) 아줌마!,80
6066,.....(돌아본다)...,80
6067,술 줘요. 여기서 제일 비싼걸로.,80
6068,(짜증) 에?,80
6069,술. 제일 비싼 거. 바가지 팍팍 씌워서 달라고. 안주도 제일 비싼걸로 주고.,80
6070,여기 이 아가씨(복희) 접대비까지 낼게 아줌마가 서빙해요. 현금으로. 백 만원이면 돼요? 모자라면 더 주고. (돈 내밀며) 여기.,80
6071,(복희에게) 앉아있어.,80
6072,오우~ 임 나미. 완전 멋있다. 화끈하네. (주방을 향해) 언니 가짜 말고 진짜로 가져와~!!,80
6073,(소리) 아 알았어!,80
6074,복희야. 너 이 일 그만 하자.,80
6075,왜? 난 괜찮은데.,80
6076,내가 도와줄게. 딴 일 찾아보자. 응?,80
6077,아~ 내가 뭘 할 줄 안다고... (맞다) 나 머리는 좀 말 줄 안다. 우리 집 미용실 했잖아. 명동에서 되게 크게.,80
6078,그래. 미용실이건 뭐건 딴 거 하자. 너 딸 있지? 중3짜리? 같이 살아야지?,80
6079,(비소) 방 한 칸 없이 여기서 먹고 자는 년이 무슨 낯짝으로 자식을 데려 오냐.,80
6080,그러니까 내가 도와줄게.,80
6081,우리 현정이 (후~) 눈이 어디에 붙었는지.. 코는 어디에 붙었는지.. 기억도 안 나네.. (빤히 바라보다) 도와줘봤자 또 기어들어올 년이야. 내가. 나 남은 평생 이 바닥 못 벗어난다. 그냥 오늘은 술이나 사 줘.,80
6082,춘화는 좋겠다. 이 험한 인생 빨리 졸업해서.,80
6083,나미야.,80
6084,.....안 잤어?,80
6085,왜 (빙글빙글 흉내) 그저~ 바라만 보고 있어?,80
6086,(피식),80
6087,일루 와. 좀 만 있다가 가.,80
6088,춘화야.,80
6089,말씀하세요.,80
6090,고마워.,80
6091,뭘?,80
6092,"나 꽤 오랫동안 엄마, 집사람으로만 살았거든. 인간 임 나미. 아득한 기억의 저편이었는데.... 나도 역사가 있는, 적어도 내 인생은 주인공이더라고.",80
6093,너는 얼굴이 주인공 얼굴이야.,80
6094,뭔데?,80
6095,집에 가서 봐.,80
6096,(소리) 촌년!,80
6097,(피식) 태생이 시골 년이라 그런지 물도 어쩜 촌시럽게 먹냐?,80
6098,뭔데?,80
6099,뭐긴 좀 궁금한게 있어서... 시골에서는 볏짚 쌓아논데서 막 떼씹도 하고 그런다며? 너도 해 봤냐?,80
6100,이 상미. (후~) 아구창 확 찢어버리기 전에 아가리 닥쳐라.,80
6101,(어이없는) 와~졸라 무섭네. (위협) 야. 너 하춘화네 믿고 졸라 까부는데.. 걔네가 너 끝까지 데리고 다닐 거 같지? 좇까는 소리 하지 마. 싫증나면 바로 아웃이야. 씨발년아.,80
6102,개소리 하지 마라.,80
6103,(확 때리려다 수업 종 소리에 멈추며) 야. 춘화랑 옛정을 봐서 봐준다. 조심해라.,80
6104,어우 왜 이렇게 떨리냐?,80
6105,너는 이 정도 가지고 미스코리아는 어떻게 나갈라고 그려냐?,80
6106,너는 남 걱정 하지 말고 이거 이거(동작 흉내) 턴 할때 팍팍 좀 돌란 말이야. 육덕한 년아.,80
6107,아~ 그게 잘 안되네.,80
6108,너 요새 왜 그래?,80
6109,.....아니야.,80
6110,(떠는 손 보며) 가서 밥 먹고 와. 아직 시간 많아.,80
6111,(대뜸) 내가 생각해 봤는데. 내가 진짜 미안하다.,80
6112,.......,80
6113,전학생을 따뜻하게 보듬어야 되는데. 내가 사람이 이 정도 밖에 안 된다. 용서해라.,80
6114,...아니...내가 더 미안해.,80
6115,그럼 우정의 의미로 밥 같이 먹을까? 줘봐.,80
6116,너 뽄드 냄새나.,80
6117,(멈칫)....냄새나? 내가 냄새 나?,80
6118,아니 뽄드 냄새 난다고.,80
6119,씨발 뽄드를 했으니까 뽄드 냄새가 나지. 박카스를 먹으면 박카스 냄새가 나고. 너도 먹을래?,80
6120,이상한 거 아니라니까?,80
6121,안 먹는다니까?,80
6122,아~ 참. 내가 먼저 먹어 볼게.,80
6123,됐지? 좀만 먹어라. 우정의 표신데.,80
6124,....하춘화.,80
6125,..?,80
6126,어이. 하 춘화. 나도 오늘부터 니들 써니 멤버 할라고. 자격 요건은 부잣집 딸내미어야 되는 거였나?..,80
6127,너 뽄드하고 내 앞에 나타나면 죽여버린댔지?,80
6128,(못 보겠다는 듯) 쟤 좀 일으켜.,80
6129,이 씨발. 나는 왜 안 되는데? 왜 이년(나미)는 되고 나는 왜 안 되는데?!!! 너네 이 씨발년들 내가 가만 놔 둘 거 같지?,80
6130,뭘 쪼개?,80
6131,(웃으며) 어이. 이쁜년.,80
6132,이런 개 같은 년들. 니들 다 퇴학이야! 장학사도 왔는데 이 지랄을 해 놔?!!,80
6133,니들 공부시키려고 다 팔고 어렵게 상경했더니 한 놈은 감옥 가고 한 놈은 무기정학당하고. (속상한) 니들 이럴 라면 집 나가! 호적 다 파가!,80
6134,아이고. 왜 애 따귀를 때려. 놀란 애를. 아 그러게 이년아. 왜 나쁜 년들이랑 어울려서.. 넌 그런 애 아니잖아.,80
6135,(절망) 동지들 다 팔아먹고 살아왔습니다. 저는 갭니다 아부지. 앞으로 개처럼 살랩니다.,80
6136,....수지는?,80
6137,병원.....(울컥) 자살 기도했데.,80
6138,괜찮아. 안 죽었어. 괜찮아.,80
6139,.....(울먹) 우리 이제는 못 보는 거야?,80
6140,(단호) 임 나미. 그깟 퇴학 좀 당했다고 우리 써니가 해체할 수 있겠어? 다시 뭉쳐야지. 다시 뭉쳐서 수지도 다시 오고 저번에 못한 우리 공연도 다시 해야지. 안 그래?,80
6141,.....(말 없는 녀석들).....,80
6142,안 그러냐고?!!,80
6143,우리 다시 다 만나는 거다. 잘 나간다고 쌩까는 년 있으면 찾아가서 응징할거고 남편한테 맞고 사는 년 있으면 남편 포함해서 응징할거다. 우리 중에 누가 먼저 죽을지는 모르겠는데 죽는 그 날까지 써니는 해체 안 한다.,80
6144,왜 나왔어?,80
6145,보고 싶어서.,80
6146,(피식) 별 일 없었어?,80
6147,별 일 없었어.,80
6148,기사    막힐까봐 시내 탔는데....죄송합니다.,80
6149,...봉 기사님.,80
6150,기사    네?,80
6151,원래 시내가 더 막혀요.,80
6152,기사    (혼난 학생처럼) ....네....,80
6153,어 장미야.,80
6154,혼자 살다 가면 이게 지랄이구나. 상주가 없는 거.,80
6155,너는 그거 무서워서 바람난 놈이랑 같이 사냐?,80
6156,아 빌딩 하나 명의이전 했으면.... 참을만해. 그리고 다시는 안 그런데잖아.,80
6157,그래서. 맞바람은 피시고?,80
6158,폈구나? 폈어. 이런 배신자. 같이 피기로 해 놓고.,80
6159,누가 폈데? 그리고 넌 쌍커풀 다시 하고 생각해본다며? 이 우유부단한 년아.,80
6160,거 영정 앞에서 욕 들 좀 하지 마라.....미친년들.,80
6161,어떻게 왔어? 이 시간에?,80
6162,어.... (씨익) 밥상 엎고 왔어.,80
6163,장미야 잘 있었어? 넌 바로 알아보겠다 얘.,80
6164,서 치과집 금지옥엽 금이야 옥이야 서금옥이!,80
6165,잠깐만. 춘화한테 먼저 인사하고.,80
6166,아니 잠깐 기다려봐. 친구들 다 오면 같이 할라고.,80
6167,또 오기로 했어? 누구? 수지? 수지 괜찮아? 복희도 온데? 미스코리아 됐데니?,80
6168,(소리) 상금이 얼마 안되더라고.,80
6169,천하에 하 춘화가 돌아가셨는데 왜 이렇게 썰렁해.,80
6170,본 편은 어제까지 다 하고 오늘은 친구들이랑만 하고 싶다고.,80
6171,춘화가 좀 유별나잖냐. 좀 기다렸다가 수지 오면 같이 절 하자.,80
6172,정 수지 오기로 했어? 얼굴은 다 나았데니?,80
6173,사실 찾지는 못했는데(신문 보여주며) 혹시 이거 보고 올까 해서 광고는 냈거든.,80
6174,일단 열두시 까지만 기다려 보자. 니들 시간 괜찮아? 금옥이?,80
6175,밥상 제대로 엎었다니깐? 오늘 갈 때도 없어. 복희는 뭐 해?,80
6176,뭐 이것저것 하다가....딴 일 좀 알아보고 있어.,80
6177,좋겠다. 그래. 여자도 일을 해야 돼. 그래야 남편이랑 시댁 눈치 안 보고 살지.,80
6178,(씨익) 눈치 보고 사는 것도 꼭 나쁘지만은 않어.,80
6179,(화제전환) 왜? 금옥이? 시댁에서 갈궈? 한 번 출동해 줄까? (진희에게) 야. 전에 나미 딸 괴롭히는 애들 우리가 대가리 터뜨린 얘기 안 해줬냐?,80
6180,뭔데? 뭔데?,80
6181,이야~ 이거 얘기하면 길고도 짧은데....,80
6182,수지는 못 볼라나 보다. 인사 할까?,80
6183,하 춘화 장례식 오셨어요?,80
6184,하 사장님 변호삽니다. 써니... 멤버들이시죠?,80
6185,(의아).....네....,80
6186,잠깐 앉으시죠.,80
6187,하 사장님 유언장 집행하려고 왔습니다. 사장님이 직접화법으로 낭독을 부탁하셔서 다소 거친 언어가 있더라도 양해해 주시고....(대뜸) 야 이년들아.,80
6188,아니 여기 적힌.....다시 읽겠습니다. ‘야 이’...이건 읽었고.... 다들 왔니? 못 온 사람도 그러려니 이해한다. 25년 전 수지네 집 앞에서 평생 만나자고 한 맹세 그동안 서로 못 지켰구나. 미안하다. 갑자기 죽는다고 나타난 내가 제일 야속한 년이지. 나미야. 친구들 찾아줘서 고마워. 비록 오래는 못 살다가지만 니가 그랬듯이 나도 인생에 역사가 있는 내 인생 주인공이라는 건 알고 간다. 좋은 선물 잘 가져갈게. 대신 써니 리더 자리 임 나미한테 넘기고 간다. 이제라도 평생 만나면서 정의사회 구현도 하고 즐겁게 살아. 내 몫까지. 안녕.,80
6189,(정적을 깨며) 축하해. 임 나미.,80
6190,(다른 서류 펴며) 사장님이 다른 친구분들한테도 선물 남기셨습니다. 김 장미씨?,80
6191,(손들며) 네?,80
6192,아.... 김 장미씨한테는......보험 설계사시죠?,80
6193,네.,80
6194,여기 계신 친구분들. 직계 가족 포함하고 사장님 전 직원들 포함해서 합쳐서 백 오십분 조금 넘는데.... 김 장미씨 회사에서 판매하는 모든 보험 종류에 상관없이 다 가입하시기로 했고 보험료는 전액 일시불로 상환하시기로 했습니다.,80
6195,...아니...어떻게....,80
6196,사장님이 남기신 재산이 좀 많습니다. 대부분 회사 정리하고 사회 환원하시는데 쓰셨구요....황 진희씨?,80
6197,네?,80
6198,황 진희씨는....‘부 짱은 니가 해라!’라고 하셨네요.,80
6199,.....저 원래 부 짱이었는데요.,80
6200,부 짱은 나였지 이 년아.,80
6201,니가 뭘 부 짱이야 이 년아. 나랑 수지랑 비슷하게 넘버 투였지.,80
6202,섭섭하세요?,80
6203,아니 뭐....,80
6204,섭섭하시면 이거 읽어드리랬는데...,80
6205,(살짝 삐진) 섭섭 안 해요.....(궁금) 뭔데요?,80
6206,(대뜸) ‘넌 돈 많찮아 이 년아~’,80
6207,서 금옥씨?,80
6208,네.,80
6209,대학 때 국문학 전공하셨죠?,80
6210,했죠?,80
6211,"하 사장님 회사 중에 작은 출판사 하나 있습니다. 거기서 인턴으로 일 배우시고 육 개월 후 정 직원, 육년 후 경영 사장 임명하시라고 했습니다. 시세 감안해서 매출 150% 성장 2년 이상 유지하시면 회사 소유하시게 됩니다.",80
6212,이 말도 남기셨네요.,80
6213,.....(궁금).....,80
6214,망하면 데리러 올 거야 이 년아.,80
6215,류 복희씨.,80
6216,(긴장) 네.,80
6217,(뜸들이더니) 따님이랑 같이 사실 아파트 남기셨습니다.,80
6218,(눈물을 글썽인다),80
6219,"두 분 생활비, 따님 교육비, 대학 등록금, 결혼 자금까지 운용되는 펀드에서 모두 지급 될꺼고요....류 복희 님 재활치료하실 병원 예약 다 하셨습니다. 치료 끝나는데로 직업 훈련 받으시고 서 금옥씨 다니실 회사 1층 상가에 원하시는 가게로 창업 시켜드리랍니다. 물론.... 비용은 전액 지불 됐습니다.",80
6220,(기쁨의 눈물) 고맙습니다....고맙습니다.....,80
6221,꼭 술 끊으세요.,80
6222,근데 조건이 있으십니다.,80
6223,며칠 전에 등기 우편 하나씩들 받으셨죠? 율동 비디오.,80
6224,난 그게 이건지 몰랐지. 연습 했니?,80
6225,살 뺀다고 몇 번 따라 했지. 안무 니가 짠거잖아.,80
6226,그게 아직도 기억이 나겠어? 넌 좀 했어?,80
6227,난 그거 하다가 시엄마랑 대판 하고 밥상 엎었잖아. 복희는?,80
6228,몸이 다 기억을 하더라. 몸이.,80
6229,시끄럽고 빨리 합시다. 드디어 무대에 올리는구나. 변호사님. 가시죠.,80
6230,박두만 서태윤 조용구,80
6231,권귀옥,80
6232,구희봉,80
6233,신동철,80
6234,백광호 20대 초반. 정박아 조병순 30대 후반. 변태성향 박해일 20대 초반. 공장 노동자. ‘유력한 용의자’.,80
6235,"선본 남자, 동네 양아치들... 등등",80
6236,"30대 초반의 전직 간호조무사, 마을 ‘야매주사’ 여인.",80
6237,안송여중 1학년 학생,80
6238,소현의 단짝 친구,80
6239,"박보희, 이향숙, 독고현순, 박명자, 안미선.",80
6240,"너 밤길에 이 여자한테 뎀빈게 작년 8월 아냐, 맞어 틀려?",80
6241,맞는데요 ...,80
6242,이 쉐끼가 ..,80
6243,그날 박보희씨와 선을 보고 헤어진 게 언제쯤이셨죠?,80
6244,같이 저녁 먹고 ... 7시 반쯤요 ?,80
6245,그 이후엔 어디 계셨습니까 ?,80
6246,눈감았지 ?,80
6247,움직이지 말어 !,80
6248,와 ... 진짜 인상들 좇같네 ...,80
6249,... 그딴걸 뭣하러 다 모아놨는겨 ?,80
6250,조카들 얼굴을 자꾸 보다보면 ... 어느 순간 딱 느낌이 오거든요.,80
6251,딴건 몰라도 내가 사람 얼굴 보는 재주는 있다는 거 아닙니까.,80
6252,아예 돗자리를 깔지 그려 ?,80
6253,"정말요 ! 사람 얼굴을 딱 - 들여다 보면 이새끼가 착한놈인지 나쁜놈인지, 죄가 있는지 없는지, 금방 답이 나와요. 내 눈은 못속이거던 ... 그래서 제가 이 순사밥 먹는거 아니겠슴까 ?",80
6254,구라하고는 ... 그럼 저기 ... 쟤네들 한번 봐 봐. 구석에 나란히 앉은 두 놈 보이는겨 ?,80
6255,네 ...,80
6256,"저중에 한 놈은 강간범, 완전 꽈배기고 ... 한명은 피해자 오빠여. 그러니까 피해자 오빠가 지 여동생 강간한 새끼를 지 손으루 잡아가지고 왔다 이거지.",80
6257,"어느쪽이 강간인지 ... 알, 아, 맞, 춰, 보, 시, 요 ...",80
6258,여기 왜 이렇게 어수선해 ?,80
6259,지금 라인 치구 있습니다.,80
6260,좆도 감식반들 왜 이렇게도 안와? 언제 연락했어?,80
6261,저기 ...,80
6262,촌구석에서 이기 웬일인겨 ...,80
6263,....,80
6264,세워요 ! 세워 !,80
6265,... 지랄하구들 자빠졌네 ...,80
6266,... 빠진거 아닌가 ?,80
6267,... ? 아닌데 ...,80
6268,감기 기운은 ?,80
6269,"아냐, 그냥 좀 ... 찌뿌둥 하다가 ... 으실으실 춥다가 ...",80
6270,그게 감기 기운이지 ...,80
6271,내 오늘 특별히 ... 손수 한방 놔주겠음.,80
6272,아이고 황송해라 ... 주사 한방 가지고 생색은 ....,80
6273,"어쭈, 이게 얼마짜린데 ...",80
6274,"야 ... 너 병원에 있을 때보다도 더 쏠쏠하게 챙긴다며, 요새 동네 아줌마들 병원에도 안가고 툭하면 니만 찾는다더라.",80
6275,근데 그거 알어 ... ?,80
6276,뭐 ?,80
6277,방앗간 할머니 링게루 놔주다 들은 얘긴데...왜 정남 읍내에 ‘백씨 고깃집’ 이라구 있지?,80
6278,음 ... 그 집서 몇 번 술먹은 적 있는데 ...,80
6279,"근데, 그집 백씨가 무슨 백씬지 알어? 덮쳐라 백씨래, 덮쳐라 백...",80
6280,여잘 덮치나 ?,80
6281,"그 집 남자들이 대대로 참지를 못한대. 왜 걔네집 할머니, 큰며느리 ... 전부 다 덮 쳐서 집에 들어앉힌거 아냐..",80
6282,오호 ...,80
6283,그 집에 왜 ... 뭐냐 ...상태가 좀 안좋달까 ... 그런 아들내미가 하나 있거던. 그 아들내미가 옛날부터 이향숙이를 맨날 좋다구 따라다녔대요.,80
6284,이향숙이를 ?,80
6285,"그래, 저번에 그 참깨밭 근처에서 이향숙 뒤를 졸졸졸 쫒아가는 걸 자기가 봤대요 !두만 진짜야 ?",80
6286,와 ... 왕건이다 왕건이 ...,80
6287,그 백씨네 아들놈 어떻게 생겼드라 ?,80
6288,왜 있잖아 얼굴이 ... 그 ... 진짜 인상 드럽지.,80
6289,구체적으로 ...,80
6290,증말 더러워.,80
6291,자세히 !,80
6292,남자끼리 톡 - 까놓고 임마 ... 원래 예쁜 여잘 보면 쭈욱 - 쏠리기도 하구 ... 다 그런거 아냐 ? 이 삼촌도 마찬가지야 임마 ...,80
6293,...,80
6294,"자, 조카 ... 얘길 해봐. 이향숙일 첨부터 죽일라구 그랬던건 아니지 ?",80
6295,.. 에 ?,80
6296,"뭐 그냥 젖이나 좀 만져볼까 ... 그랬다가, 여자가 반항하니깐 엉겁결에 ... 응 ?",80
6297,못 만졌는데 ...,80
6298,그래서 죽였구나 ? 응 ? 죽여놓구 젖 만질라구 ....,80
6299,... 아닌데 !,80
6300,".. 여기 아저씨들이 다 나처럼 젊잖으면 좋지, 근데 안그렇거던 ...",80
6301,지금 저 발자국 소리 들리지 ?,80
6302,......,80
6303,"저기 오는 저 아저씨 나랑 틀려, 진짜 좆같애 .... 알어 ?",80
6304,이 아저씬 절대 주먹질 같은 건 안 해.,80
6305,와 정말 ... 인상이 이렇게까지 더러븐 놈은 첨이네 ...,80
6306,으 ... 아아 ...,80
6307,얼굴만 봐도 ... 막 화가 나는데요 !,80
6308,에이 씨 ....,80
6309,뭘 보니 씹새야.,80
6310,아으 .....,80
6311,"아프긴 똑같이 아퍼, 상처만 안 생기지.",80
6312,나 봐봐,80
6313,...,80
6314,니가 진짜 죄가 없어 ?,80
6315,... ... ...,80
6316,똑바로 ! 내 눈 똑바로 보라니까 !,80
6317,죄많은 얼굴이야 ...,80
6318,저기요 ...,80
6319,잠깐만요 ... 병점 육교가 어느 쪽이죠?,80
6320,"아 - 씨발 개나 소나 다 설쳐요, 바빠 죽겠는데 ...",80
6321,아니 ...,80
6322,망둥이가 뛰니까 ... ... 꼴뚜기도 뛰니 ? ...,80
6323,이봐요 ! 아가씨도 서에 같이 좀 가줘야겠는데 !,80
6324,내가 왜요 ?,80
6325,피해자도 가야지 뭔 소리야 !,80
6326,이 꼴뚜기 새끼가 ... ... 가뜩이나 똥차를 ....,80
6327,... 돌이 돌을 들고 섰구만.,80
6328,"아- 하하, 거 맞지만 말고 같이 좀 때리시지 ...",80
6329,.....,80
6330,쌈을 너무 못하시네 ... 나도 좀 맞았으면 덜 미안할텐데... 헤헤...,80
6331,이런거 말구 왜 ... 톡톡 뽑는 휴지 없어요 ? 크리넥스 같은거 ?,80
6332,아이구 ... 코피가 계속 나시네 ....,80
6333,아 ! 죄송 ... 그거 냄새 지독하죠 ?,80
6334,......,80
6335,"그래도 그게 증거물이요, 증거물 ....",80
6336,"미쓰 권, 이거 속성으루다 좀 뽑아와라.",80
6337,네,80
6338,"아이고 ... 반가워, 그저께 내가 연락받았어.",80
6339,서태윤입니다.,80
6340,"저쪽 창가 자리에 책상을 비워놨는겨, 짐을 저쪽에 풀고 ... 어? 근데 ...",80
6341,"반장님, 제가 창가 자리 싫어하거든요. 벽보구 앉는 자리 주십쇼.",80
6342,"아 ? ... 아 ... 그래 뭐, 오케오케, 좋을대로",80
6343,백광호 신발은요?,80
6344,"여기, 근데 불긴 다 불었어?",80
6345,글쎼.. 한 일센치만 더 밟아주면 ...,80
6346,"저기 ... 인사하셔, 서울시경에서 온 서태윤 경장.",80
6347,유방 진짜 크죠?,80
6348,... 눈에 흰자가 너무 많다 ....,80
6349,삼십 칠에 ... 육백 구천 칠십 사번 ... 삼칠에 육구칠사 백광호.,80
6350,... 조용,80
6351,아 씨 ... 우리 집 전화번호 맞는데 삼십칠에 육구칠사 .... 빨리 아빠보고 오라 그래야 되는데 ... 아빠만 오면 다 되는데 ... 에이 ....,80
6352,아빠다 !,80
6353,"야, 빽광호 ! 잘 봐봐 ... 이향숙 사건 현장에서 나온 발자국 사진이야 이게 ...",80
6354,....,80
6355,"그리구, 니네 집에서 가져온 니 운동화야. 봐봐, 니가 신구 다니던 운동화 맞지 ? 그래 안그래 ?",80
6356,...,80
6357,"봐라 이 좆또 나쁜 새끼야, 사진속에 이 발자국하고 ... 니 이 냄새나는 운동화 밑바닥이랑 ... 똑같지? 요 중간에 상표 문드러진 부분까지 완전히 똑같지 ? 그지 ?",80
6358,여자들 다 니가 죽인거지?,80
6359,...,80
6360,좋아 그럼 ... 여자들을 니가 다 죽인건 아니지?,80
6361,... ... ....,80
6362,"그렇지, 그러니까 이향숙 빼고는 안죽였다 이거지?",80
6363,...... 어 .....,80
6364,"좋았어, 자, 도장찍자 !",80
6365,아무도 안 죽였다 !,80
6366,아니 이 새끼가 ! 증거까지 나왔는데 !,80
6367,우리 삽 어딧나 ?,80
6368,"야, 백광호 ... 삽질 한번 할 때마다, 니 죄가 한 개씩 쏙쏙 떠오르지?",80
6369,... .....,80
6370,"자, 어차피 떠나는 마당에 ... 시원하게 다 털어놔 봐 임마. 죄를 몽땅 털어놓구 죽어야, 천당에 간다 이말이야.",80
6371,"야, 너 ... 얼굴에 이거 땜에 여자들이 다 너 피하지?",80
6372,....,80
6373,너 그 얼굴 때문에 여자랑 한번도 못해봤지? 그래서 여자들이 미워죽겠지?,80
6374,.... 씨......,80
6375,여자들 다 죽여버리구 싶지?,80
6376,.... 내 얼굴보구 찡그린 여자들 ... 다 죽여버릴꺼야 ........,80
6377,"나보구 찡그린 애들, 전부 다 죽여버려 ... 흐흑 ...",80
6378,그래서 ... 다 죽인거야? 여자들을?,80
6379,.. 누굴?,80
6380,다 죽인다며? 여자들 ....,80
6381,.......,80
6382,넌 죽은 이향숙이두 니 얼굴 보구 ... 찍 - 찡그렸구나? 그치?,80
6383,......,80
6384,"넌 향숙이가 좋아서 맨날 따라다녔는데 ..... 그런 향숙인 니 얼굴만 보면 ... 이런단 말야, 그치?",80
6385,....,80
6386,"그래서 죽여버렸다, 그치?",80
6387,...... 참깨밭에서 ......,80
6388,"그래 맞어, 참깨밭 ... 어떻게 했는데?",80
6389,.... 목을 .... 향숙이 목을 꽉 - 꽉 - 졸랐어.,80
6390,뭘로?,80
6391,.... 부라쟈 ... 향숙이 하얀 부라쟈로 ....,80
6392,그리구 ?,80
6393,스타킹 ... 스타킹 벗긴걸루 또 ...꽉 ... 조른다.,80
6394,그래 맞어! 스타킹. 두 번째 조른게 스타킹이야 ..... 야 - 이 새끼 ... 보기보다 기억력이 좋네? 머리 좋아 ....,80
6395,이 ... 이 ...,80
6396,그리고 또 ...,80
6397,뭐드라 ... 그게 뭐드라 .. 무슨 끈 같은거,80
6398,핸드백 끈 ?,80
6399,맞어 빽 끈 ... 그걸루 또 목을 막 조르는데...,80
6400,그랬더니?,80
6401,그러니까 향숙이가 .... 몸을 약간 부르르 ... 떨더니 ... 완전히 죽은거 같드라구 .....,80
6402,그래서?,80
6403,... 향숙이 머리에 ... 머리에 씌운다 ... 히히,80
6404,뭘?,80
6405,향숙이 빤스를 ... 히히 .... 그걸 향숙이 얼굴에다 쓱 - 덮어 씌우던데 .....,80
6406,그리구선?,80
6407,벗긴 옷을 .... 다시 입힌다 ....,80
6408,그건 왜 그랬어?,80
6409,"몰라, 다시 .... 입혔다, 다시.",80
6410,왜 그랬냐니까!,80
6411,나야 모르지 ....,80
6412,아니 이 새끼가 잘 나가다가 ....,80
6413,똑바루 말해 임마 ! 그 다음에 어떻했어 !,80
6414,막 뛰었어! 뛴다!,80
6415,어디루?,80
6416,비가 많이 왔어 ... 계속 ... 번개도 막 쳐 ... 꽈광!,80
6417,얼루 뛰었냐니까!,80
6418,"번개 또 친다, 꽈광 !",80
6419,.... 아 글쎄 어디루 뛰었냐니깐!,80
6420,번쩍! - 꽈광!,80
6421,"지금부터 제 286차 민방위 훈련, 야간등화관제훈련 생방송을 전해드리겠습니다. 잠시 전 훈련 경계경보 발령과 함께 ... 각 가정과 건물, 모든 관공서에는 신속한 소등이 이루어지고 있습니다. 그러나 일부 세대에서는 아직도 ...",80
6422,"경기쌀집 불 꺼, - 경기 쌀집 불 꺼 ...",80
6423,박형사 여기 !,80
6424,"빨리 와, 사진 ...",80
6425,"한바짝만 뒤루, 뒤루 좀 ...",80
6426,이거 제목은 뭘로 뽑는 것이여 ?,80
6427,"‘강력반 삼총사’ 아니면 뭐 ... ‘수사본부 3인의 베테랑’ ... ? 자, 찍습니다 ! 활짝 - 부탁해요 활짝 ...",80
6428,"아, 서형사도 일루 와 ! 같이 찍자고 !",80
6429,당신 이것도 어릴때부터 이런거지 ?,80
6430,.....,80
6431,지금이라도 중단시키죠 반장님.,80
6432,뭔소린겨 자꾸 ?,80
6433,어차피 이 현장검증 제대루 될 수가 없습니다. 더 엉망되기 전에 미리 취소하시죠. 아무 핑계나 대세요. 용의자 몸 상태가 안좋다거나 ....,80
6434,왜 이러는겨 ? 아니 왜 다 된 밥상에 똥물을 뿌리는겨?,80
6435,아까부터 계속 말씀드렸잖습니까 ! 백광호 쟨 범인이 아니라니까 !,80
6436,아이구 참 ... ..... 조용히 좀 할까 ?,80
6437,"반장님, 죽은 여자 목이 세 번이나 꽁꽁 묶였죠? 손이랑 발두 꽉꽉 묶어서 정교하게, 딴딴하게 매듭을 만들어 놨지. 백광호 쟤 손을 한번 봐봐. 저 손으루 뭘 묶는다는게 가능합니까? 이건 국민학생두 웃을 일이야 ...",80
6438,당신 그냥 ... 차에 좀 가 있지 ... 얼렁 !,80
6439,....,80
6440,가라니까 왜 오는겨 !,80
6441,차 키 주셔야죠,80
6442,"자, 다음에 ... 목 졸르고 목 ...",80
6443,딴데 보지말고 임마.,80
6444,아빠 !,80
6445,야 ! 고개 숙 ...,80
6446,아 - 뿌 - 아 -,80
6447,으아 -,80
6448,이런 씨발 ...,80
6449,뭐야 ! 빨리 통제 못해 !,80
6450,... 나 안죽였다 ! 내가 안죽였다 !,80
6451,"자, 자 ... 어차피 글렀어. 더 이상 말을 말어. 아까 최홍일 검사 표정을 못봤는겨?",80
6452,"그래두 그렇지, 영장 기각이 말이 되요? 물증까지 있는데?",80
6453,물증? 그 발자국이?,80
6454,그럼 백광호는 진짜 풀어주는 거예요?,80
6455,어쩔겨 그럼? 자백만 가지고는 성립이 안된다는데 뭐 ...,80
6456,"아니, 자백두 자백 나름이지. 반장님도 녹음 테입 들었죠? 그놈 아주 세부적인 얘 기들을 지 입으루 좔좔 불었어요. 범인 아니고는 절대 모르는 그런 것들. 목조른 순서 같은거! 그건 당신두 산 꼭대기에서 들었잖아?",80
6457,... 솔직히 그거 ... 당신이 밤새 교육시킨거 아냐?,80
6458,뭐?,80
6459,뭐야 이거 ! 내가 아까 짜장면이랑 면이랑 따루따루 달라 그랬지 !,80
6460,"이곳이 바로 두 번째 이향숙, 무직, 25세으 사체가 발견 된 정남 관향리 참깨밭 되겠습니다. 이향숙은 사건 당일 수원시 남문 소재 양지 다 방에서 회사원, 32세, 한성근과 맞선을 본 후, 이십이시경 103-2번 버스를 타고 정 남 농협 앞 버스정류장에서 하차, 자택을 향하여 도보로 귀가하던 중 ..",80
6461,잠깐 ...,80
6462,... ?,80
6463,"... ... 네, 접니다.",80
6464,그리구 이건 조형사?,80
6465,이분이 바로 ... 이 책상에 계셨던 구 반장님 ...,80
6466,서태윤 당신만 아무데도 안나오네? 이날 어딧었나?,80
6467,... 차안에 있었슴다.,80
6468,..... ?,80
6469,"박보희도 수원에서 맞선을 보고, 집으로 돌아오는 길이었는데 .. 당했습니다.",80
6470,남자관계는?,80
6471,"맞선 본 남자 말구두 옛날 애인들, 여고때 따라다니던 놈들까지 죄다 조사했죠. ... 근데 뭐 별다른 건 못 찾았습니다.",80
6472,당연하지 ...,80
6473,선본거 말고 ... 죽은 여자들 공통점은?,80
6474,"일단 뭐 .... 미혼이다 ... 라는 거,",80
6475,꽤 예쁘다는 거.,80
6476,또?,80
6477,....,80
6478,....,80
6479,사건날 전부 비가 왔어요.,80
6480,뭐라구?,80
6481,다들 비오는 날 살해됐다구.,80
6482,그래?,80
6483,그리구 빨간 옷 ... 죽은 여자가 빨간 옷을 입고 있었어요.,80
6484,두명 다?,80
6485,"아뇨, 세명 다.",80
6486,세명이라니?,80
6487,뭔 소리야 지금?,80
6488,살해된 여자가 하나 더 있어요 ... 아직 시체가 안 나와서 그렇지.,80
6489,"이거 실종자 신고 서륜데요, 이름이 특이하죠 ... 독고 현순, 이십 칠세. 석달전인 10월 18일 실종, 1차 박보희 사건나기 바로 이틀전에 실종됐어요.",80
6490,"참 내 ... 난 또 누구라고 ... 독고 현순, 걘 나도 잘 아는애야",80
6491,이 동네에서 현순이 모르면 간첩이죠.,80
6492,"정남면에 독고 현순이라구, 미스 코리아 뺨치는 애가 하나 있습니다. 집 나간지가 꽤 돼서 ... 실종신고가 들어오긴 했는데...",80
6493,"이건 단순 실종 사건이 아닙니다, 반장님. 서류들만 자세히 훓어봐도 알 수 있는 건데요 ... 서류는 절대 거짓말 안하거든 ...",80
6494,...,80
6495,실종 당시에 독고 현순이 입은 옷이 붉은 색 파캅니다. 서류에도 떡하니 나와있죠.,80
6496,그럼 ... 이건 뭐야?,80
6497,싸인펜 표시된 부분이 실종되던 날 날씹니다. 그날 저녁두 비가 왔지.,80
6498,비오는 날 빨간 옷이라 ...,80
6499,"확실해요, 살해된 겁니다. 같은 범인한테..",80
6500,쯔쯔쯔... 동네 돌아가는 것을 영 모르니까 말도 안되는 소릴 하는구만.... 현순이 걘 옛날부터 입버릇처럼 ‘나 서울 간다.’ 했던 ...,80
6501,"시체가 어디쯤 있을지, 대략 짐작이 갑니다. 제일 뒷장에 지도 보세요. 제가 거기 실종 당일 날 이 여자 동선, 예상 범행 지점 ... 전부 체크해 놨습니다.",80
6502,... 그래?,80
6503,"전경 이개 둥대만 붙여주십쇼, 이틀안에 찾습니다.",80
6504,자신있어?,80
6505,"근데 형님 ... 대학생애들, 뭐냐 그 MT가면 남자애들이 여자애들 다 따먹고, 여럿이 한방에서 같이 막 하고 그런다메요? .... 진짠가?",80
6506,....,80
6507,"아, 형님은 이년제라두 나왔잖어, MT, 오렌테이션 ... 이런거 안가봤어?",80
6508,"몰라 임마, 사년제 대학나오신 서태윤 형사에게 여쭤봐라 ......",80
6509,씨바 사년제 ... 난 고등학교만 4년 다녔는데 .....,80
6510,"서태윤이나 새로온 반장이나 쎄뜨루 또라이야, 니미 .... 종합 또라 세트. 불쌍한 것들, 제네들만 괜히 뺑이 치는 거지.",80
6511,대학생 새끼들한테 맞구 다니는 것두 존나 불쌍한데 ... 있지도 않은 현순이 시체 찾는다고 ....,80
6512,".... 야, 그나저나 이쁜 현순이... 독,고,현,순 ... 아 .... 한번 보구싶다.",80
6513,하기사 ... 이 동네서 썩간 아까운 애죠.,80
6514,"현순인 서울서 뭐할라나 ? .... 룸싸롱, 방석집 이런데로 풀리면 절대 안되는데....",80
6515,뭐야 이거 ... 이상한데 ...,80
6516,줘 봐.,80
6517,이름이 네글잔데요.,80
6518,어 .... 으 .... 으악 ....,80
6519,현순아...,80
6520,시체란게 부위마다 썩는 속도가 달라. 이 경우에도 잘 봐. 보통 가장 늦게 썩는게 허벅지란 말야.,80
6521,강간 흔적 나왔나요?,80
6522,"물론, 근데 오래되서 정액 흔적만 간신히 나왔어. 혈액형은 판정불가.",80
6523,아 ...,80
6524,보다시피 .... 이번에도 피해자 물건만 사용했어요.,80
6525,목을 조른 게 피해자 스타킹,80
6526,피해자 거들을 얼굴에다 덮어 씌운 건 이향숙 때와 똑같죠.,80
6527,손발을 뒤로 꽁꽁 묶은 것도 똑같고.,80
6528,피해자 양말에 돌을 넣어서 입에 재갈을 물린것도 마찬가지.,80
6529,어쨌든 자기 물건은 단 하나도 안 남기는 구만 .....,80
6530,"살해수법, 뒷처리 방법 ... 자기 노하우가 확실해요.",80
6531,깔끔하군.,80
6532,철저해 ... 나만큼이나,80
6533,"아이고 뭘 이렇게 ... 감사합니다. 근데 저, 광호는 어디 나갔나요?",80
6534,그럼 뭐 ... 아버님한테 드려야겠네,80
6535,"광호 운동화가 좀 낡은거 같아서 ... 제가 나이키 신발 하나 사왔거든요 ... 이따 광호 오거든 신어보라고 ,,,",80
6536,....,80
6537,"광호 너 이거 나이키 한번 신어봐라, 사이즈 이백 칠십 맞지?",80
6538,"이거 나이키가 아니라 나이쓰구만, 나이쓰 ! 엔 아이 씨 이",80
6539,뭐 어때 ! 튼튼하면 됐지 ...,80
6540,이왕 사줄거 나이키 사주지 ... 그걸 또 짜가를 사주냐 ...,80
6541,딱이네 ! 야 ... 멋있구만,80
6542,자 기념으로 술한잔 해야지 ... 맷정두 정인데 ...,80
6543,보셨죠 반장님? 저 친구야말로 우리가 찾는 범인하고 가장 거리가 먼 타입입니다.,80
6544,....,80
6545,"저런애를 붙들구 시간 낭비만 했으니, 애초에 수사방향부터 잘못된거지.",80
6546,...,80
6547,사건현장만 봐고 알 수 있죠. 우리 범인의 특징은 ...,80
6548,서형사 ! 고기두 좀 드시지 !,80
6549,... 난 탄 고기는 안먹는데.,80
6550,... 이봐 당신 ...,80
6551,뭐?,80
6552,너무 ... 뭘 몰라 ...,80
6553,뭘?,80
6554,하긴 서울 촌놈이 뭘 알겠나 ... 당신이 진정 이 칸츄리 - 라이프를 알 수가 있겠는가 이 말이야,80
6555,....,80
6556,내 이빠이 취한 김에 얘기해 주겠는데 ... 당신 어디? 서울 종암서에 있었다구?,80
6557,... ...,80
6558,"이봐, 강간사건이 서울에만 많은줄 아시나? 여기 시골이라구 무시하는거야? 촌구석두 강간 많이 해 알어? 하룻밤에만도 말야 ... 저녁 뉴스 할 때쯤 한 번, 띠 띠 띠 땡 - 9시 뉴스 때 또 한 건, 열두시 마감뉴스 할 때 또 한건 ... 그걸루 끝이 냐 ? 동해-물과 백두산이 나올 때 또 한건, 테레비 밤 새 지지지직 .... 할동안 또 한건, 또 한건 !",80
6559,... 그래서?,80
6560,모르나? 강간하다가 엎치락 뒤치락 하다보면 ... 그게 또 어쩌다 살인이 돼. 지금 엉겁결에 ... 동네에서 어쩌다보니 ... 몇 개가 그냥 연달아 터진거야... 그냥 그런거야 ... 알겠어?,80
6561,... 그 분을 우습게 보는구만?,80
6562,뭐? 그 분?,80
6563,여지껏 그렇게 설명을 해줬는데두 모르겠나? ... 돌은 돌이구만 ...,80
6564,이런 씨 ... 발 .... 쌍코피 한번 또 뽑아볼래?,80
6565,휴지통 !,80
6566,...?,80
6567,니 바로 옆에 ! 휴지통 !,80
6568,우 - 우 - 웩 ...,80
6569,니네들 좀 나가줄래?,80
6570,쏟아내니까 개운하다 머리속이.,80
6571,...,80
6572,범인에 대해서도 좀 정리가 된다.,80
6573,....,80
6574,이 놈 분명히. 비 오는 날에 ... 또 저지를거다. 절대 안 멈춘다.,80
6575,...,80
6576,"따라서 ... 이제 우리가 한 박자 먼저 움직인다, 선제공격 말이지 ....",80
6577,... ...,80
6578,...,80
6579,그리구 니네 둘 ! 한번만 더 내 눈 앞 에서 그래 봐 ! 내 손에 죽는 수가 있어.,80
6580,"자, 각하께서 타신 차량이 지나가고 나서도, 방송 카메라 차량이 그 뒤로 계속 지나간단 말야 ... 그러니까 여러분들 각하 차량이 지나갔다고 금방 깃발 내리구 멍하게 있는 안된다 이말이야, 차들 다 지나갈때까지 태극기 계속 흔들어주 면서..",80
6581,준비는 됐나?,80
6582,니미 ... 비오는 날마다 이 짓을 하자는 거야 뭐야 ?,80
6583,아 .... ... 장마철엔 어떻하죠?,80
6584,귀옥이 쟤 저러다 진짜 당하는 거 아냐?,80
6585,형님두 걱정은 ... 가스총두 줬잖아요.,80
6586,"불쌍한 년, 어쩌다 도경에서 와가지구 이 고생을 하냐?",80
6587,"아, 그래두 오늘 귀옥이 다시 보이든데요, 치마입구 화장 딱 하니까 ... 야 ....",80
6588,쏠리드냐 ?,80
6589,... 형님두 ?,80
6590,"새끼 ... 아무한테나 ,,,,",80
6591,요즘 어때?,80
6592,뭐... 사람들이 밤에는 아예 밖에 나다니질 않슴다.,80
6593,... 가만 저기 ... 누가 오는데 ?,80
6594,"얘들아, 일루 와!",80
6595,"야, 그 우산 쓰나마나다.",80
6596,"이것두 학교에서 줏은 거예요, 누가 버렸나 봐....",80
6597,아침에 학교 갈 땐 비 안왔는데 ...,80
6598,"영순이 엄마는 우산 가지구 학교까지 왔드라, 씨 ... 우린 이게 뭐야..",80
6599,언니두 능4리 사세요?,80
6600,이분들 형사님이다 임마...,80
6601,엥? ... 뻥이죠?,80
6602,화성경찰서 강력반 형사님들이라니까..,80
6603,진짜요?,80
6604,"니네들 좀 있다가, 우리 오면 같이 타구가, 태워줄게.",80
6605,와 - 그럼 경찰 차 타는거네.,80
6606,"니네 일찍 일찍 나녀, 어린것들이 왜 이렇게 밤늦게 다니냐?",80
6607,우린 둘이서 같이 다니니까 괜찮아요.,80
6608,넌 혼자 타고 다녀두 괜찮겠다.,80
6609,"야야, 남주야. 너 아까 그 얘기 그거 해드려.",80
6610,뭐?,80
6611,"아까 애들 청소할 때 한 얘기 있잖어, 범인 얘기.",80
6612,"아, 맞어, 경찰아저씨 그거 알아요? 범인 왜 못잡는지?",80
6613,...?,80
6614,"이거 진짠데요 ... 범인을 왜 찾을수가 없냐면요 ... 우리 학교 있잖아요. 안송여중요 .... 거기 뒤 운동장에 오래된 변소가 하나 있거든요.... 범인이 그 변소밑에 하루종일 숨어있다가, 밤만되면 나와서 여자들 죽이는 거래요.",80
6615,"야 ... 그럼 범인이 밤에 나타나면, 저 멀리서부터 똥냄새가 사-악 나겠네 .. 그치?",80
6616,"아니아니 ... 그게 아니라 ... 변소밑에 여자가 빠져죽은 거라메? 동네 미친 여자가, 범인이 자기 죽이러 온다구 .... 변소밑에 숨다가 ...",80
6617,모두들 현재 위치에서 정지 !,80
6618,현재 주변에 있는 아무것도 건들지 말고 ... 한발짝도 움직이지 말... 이봐 당신 ! ! 그래 당신 말야. 거기서 꼼짝말구 있어.,80
6619,감식반 올 때까지 ... 모두들 꼼짝 마!,80
6620,여기 ... ‘진짜’ 발자국 한번 보시죠,80
6621,... ...,80
6622,"여자를 붙잡은 다음에, 저기 논 길 위에서부터 여기까지, 거의 이백미터를 이동 했어요.",80
6623,... 신랑 신부 나란히 입장하는거 같구만.,80
6624,완벽하게 제압한거죠.,80
6625,그럼... 이번에두... 발자국 말고는 찾아낸 게 아무것도 없단 말야?,80
6626,우산에서 범인 지문이 나올법도 했는데.. 아무것도 안나왔죠.,80
6627,"그나마 발자국도 뭐, 빗물에 다 뭉개져서 족적 판명이 명확이 안되요.",80
6628,...,80
6629,현장보존 이빠이 해보니 뭐 ... 어차피 나오는 것도 하나도 없네.,80
6630,그래서 말인데요 반장님... 전 이게 오히려 ‘힌뜨’가 아닌가 싶거든요. 현장에서 범인께 아무것도 안나오는 거...,80
6631,뭔소리지?,80
6632,강간사건때는 원래 범인 거시기털 같은게 반드시 몇 개씩 나오게 마련 아닙니까?,80
6633,그렇지.,80
6634,"따라서 범인은 말이죠, 애초부터 거기에 털이 하나도 없는 놈이다, 이겁니다.",80
6635,.. 무모증같은거?,80
6636,그렇죠.... 완전 백대가리 ...,80
6637,현장에 흘릴 음모가 아예 하나도 없다....,80
6638,중 옴아 거기 털을 밀어버리면 ... 완벽하네.,80
6639,이 근처에 용주사라구 절도 있는데..,80
6640,그래?,80
6641,한번 쑤셔볼까요?,80
6642,...,80
6643,미쓰 권 ... 그거 좀 꺼.,80
6644,네 !,80
6645,우리 커피나 좀...,80
6646,서형사는? 뭐 떠오르는 거 없어?,80
6647,오늘 보셨다시피 ... 범인이 워낙 빈틈이 없어서요.,80
6648,그래서?,80
6649,따라서 늘 하던 상식적인 수사로는 앞으루두 별 희망이 없다는 거지.,80
6650,뭐야 그럼? 어쩌자는 거야?,80
6651,그러니까... 뭔가 엉뚱한데서라도 단서를 찝어내 봐야 되는 거 아닌가 싶은데..,80
6652,저기요 ... 얘기가 나온 김에 말씀 드리는 건데...,80
6653,저기.... ... 뭐 좀 이상한게 있어서요..,80
6654,... ?,80
6655,제가 그냥 우연히 발견한 건데요....,80
6656,뭐야 이게 ?,80
6657,이거 FM 방송국에서 받은 자룐데요...,80
6658,무슨.. 노래 방송한 목록인가?,80
6659,제가 자주 듣는 라디오 프론데요... <저녁의 클래식> 이라구요.. 그 프로에 지금 이 음악 ‘모짜르트 레퀴엠’ 곡을 꾸준히 신청하는 사람이 있어요. 거기 자세히 보시면요.. 그 레퀴엠 방송 된 날인데요...,80
6660,근데?,80
6661,전부 여기서 사건 터진 날이랑 일치해요.,80
6662,뭐?,80
6663,"보세요, 86년 10월 20일, 박보희 사건 날이죠, 그 다음이 12월 19일.. 이향숙 죽은날 그리구 독고현순 죽은 날두 .... 그 노래가 방송될 때마다, 여기 여자들이 죽었어요.",80
6664,....?,80
6665,"그러면 박명자가 죽은 어젯밤에도, 이 노래가 나왔단 말인가?",80
6666,"네, 어젠 제가 직접 들었죠, 디제이가 그 곡 틀어주면서 신청자 엽서를 읽어줬어요. ‘화성군 태안읍에서 외로운 남자가 보냅니다 .... 비오는 날 꼭 틀어주세요...’",80
6667,태안에서 외로운 남자?,80
6668,"푸하하하... 와 모차르트.. 내가 작년에 극장 딱 한번 간게 그건데, 아마데우스...",80
6669,아마데우스가 모차르트예요?,80
6670,"그래 임마, 뽈프강 아마데우스 모차르트, 근데 와... 미쓰 권 나이스. 굿 아이디아, 권양 학교때 추리소설 많이 읽었지?",80
6671,"잠깐 잠깐... 반장님 이거 심상치 앉은데요.. 서류는 절대 거짓 말 안하거든.. 그냥 우연치곤 날짜에다 시간까지, 너무 정확하게 일치해요.",80
6672,미치겠구만..,80
6673,.. 어쩌면 범인이 이 노래에 뭔 사연같은게 있을 수도 있겠지. 아님 그냥 제 멋에 겨운 싸이코 놈일수도 있는거고..,80
6674,아이.. 반장님까지 왜 그러세요. 말도 안돼..,80
6675,"말 됩니다 반장님, 쉽게 생각하세요. 애국조회 할 때 애국가 부르고 시작하는 거나 똑 같은 겁니다.",80
6676,이 놈이 방송국에 보낸 엽서는 확보됐나?,80
6677,그게 저 방송국에 얘기는 해놨는데 ... 그 사람들 워낙 정신이 없어서..,80
6678,"반장님 ! 엽서부터 빨리 확보해서 우체국 소인, 필적, 전부 조사해봐야 됩니다.",80
6679,"좋아, 당장 움직여.",80
6680,백대가리.. 이건 어떻할까요?,80
6681,뭐?,80
6682,"아까 얘기하던거요, 털없는 놈들.",80
6683,그거 조사를 어떻게 할거야? 길가는 남자들 바지를 벗겨볼 수도 없고.,80
6684,"털이 엄청 많아서, 완전 원숭이같은 놈은 한번 봤는데...",80
6685,딴 애들 한테두 니가 좀 물어봐라 ? 알았지 ?,80
6686,언니들 붙잡구서 ‘저기 언니... 털없는 새끼랑 해봤어요?’ ... 이러라구?,80
6687,"그래 임마, ... 잘 되면 오빠가 니 옷 사준다.",80
6688,진짜?,80
6689,얼굴 진짜 뽀얗네..,80
6690,말도 마라 .. 살이 통통 뿐다 뿔어.,80
6691,털 없는 놈도 찾긴 찾았어?,80
6692,"찾긴 개뿔을 찾어? 사우나비만 왕창 깨졌지, 그거 영수증 처리도 안되는데..",80
6693,"얼굴 하얘지는 건 좋네,",80
6694,"좋기는 니미.. 처음 한두번이지... 하루종일 옷 입었다 벗었다, 입었다 벗었다... 때미는 놈한테 ‘털없는 남자 보거든 나한테 연락주쇼’ 그러면서 전화번호 딱 주면 이 새끼가 날 야리꾸리한 눈빛으루 보면서 씩- 웃어요, 참 나...",80
6695,"혼자 고생하지 말구 딴 애들두 좀 시켜, 서태윤인가? 그 서울서 왔다는 놈은 요새 뭐해?",80
6696,.... 그 새낀 모차르트 잡으러 다녀.,80
6697,뭐?,80
6698,뽈뿌강 아마데우스 모차르트.. 씨바...,80
6699,서태윤인가 걘 요새두 그렇게 헛소리만 하나 봐...,80
6700,하긴... 이상하긴 진짜 이상해 ....,80
6701,서태윤?,80
6702,"아니... 범인말야, 신문 방송에서 이렇게 난리를 치구 논길에 전경들까지 세워놓고... 이런 마당에 어떻게 겨나와서 여잘 죽이지?",80
6703,그러니까 미친 놈이지,80
6704,미친놈 얼굴이나 한번 봤으면 좋겠다. 어떻게 생겨먹은 얼굴인지..,80
6705,내 얼굴이나 한번 좀 쳐다봐라,80
6706,...,80
6707,"정 답답하면 점집에라두 한번 가 봐, 혹시 알어?",80
6708,점집에?,80
6709,"그래, 용하다는 집에 가서 한번 물어 봐, 범인이 어딧는지...",80
6710,눈앞이 흐린게 ... 아무것두 안 보인다,80
6711,보인다...,80
6712,...!,80
6713,그 놈 얼굴이 보인다... 그놈 피묻은 얼굴이 보인다.,80
6714,어떻게 생겼나요?,80
6715,이 얼굴들 중에 혹시... 그 놈이 있습니까?,80
6716,재수없게.. 어디서 잡것들 사진을 디밀어?,80
6717,...,80
6718,내가 시키는 대로 해라.,80
6719,.. 이거 진짜 되는거예요?,80
6720,"시끄러 임마, 이 부적만 해도 이게 얼마짜린 줄 아니?",80
6721,....,80
6722,이걸 펴서 잘 말리면 임마... 여기 얼룩얼룩한 게... 범인의 얼굴 형상이 되 가지고 .. 삭 떠오른다 이 말이야...,80
6723,"어, .... 뭐지 ?",80
6724,... 알지? ... 범인은 꼭 사건 현장에 다시 온다...,80
6725,....,80
6726,뭐야 저 새끼?,80
6727,미친 새끼 ... 꼴값 떨구 있네...,80
6728,그래두 뭔가 ... 폼은 나는데요...,80
6729,.. 병신 !,80
6730,용구야.,80
6731,네.,80
6732,아무래도 이쪽 같다... 얘네들만 한 데 좀 모아 봐.,80
6733,당신들... 이 쪽 밝은데로 좀 나와 봐.,80
6734,"당신들, 이중에 서로 잘 모르는 놈 있..",80
6735,잠깐! 내가 보면 알어.,80
6736,얼굴 똑바로들 들어봐...,80
6737,내 눈은 절대 못속여...,80
6738,.....,80
6739,내 눈 똑바로 봐...,80
6740,오케바리 !,80
6741,.... !,80
6742,아니... 딸딸이 좀 친 게 무슨 죕니까?,80
6743,"죄 아니지, 그럼 도망은 왜 치셨어?",80
6744,아 그거야... 오밤중에 숲에서 누가 튀어나오니까 ... 겁두 확 나구요..,80
6745,그러게 이 아저씨야... 왜 집구석 놔두구 거길 가서 그걸 하셔?,80
6746,아.. 집에야 애들도 있고.. 숲속이 공기도 좋고..,80
6747,니가 죽인 여자 생각이 나서 다시 간거 아냐 이말이야 ! 그렇지?,80
6748,아저씨 이거 보실래요?,80
6749,?,80
6750,재밋는거 다 여깃는데...,80
6751,신문에 몽글몽글한 자국들 보이시죠?,80
6752,.... 뭐지?,80
6753,정액방울들,80
6754,제가 이 집사람과 그걸 할 수가 없습니다. 멕시코 청소년 4강 진출 때 .... 그 때 한번 부인이랑 한 것이 ... 가장 마지막인걸로 기억되고 있습니다.,80
6755,그래서 요샌 맨날 손으로 한다? 이런 잡지를 보면서?,80
6756,"근데.. 요즘은 말이죠, 그딴 잡지들보다도 우리 동네 실제 사건들이 더 쎄요. 이게 뭐랄까.... 이 사건기사들을 자세히 보면서 말이지... 상상의 나래를 팔락팔락...",80
6757,"몇 년 전까지 서울서 장사를 하다가 완전히 망해서, 트럭운전, 공사장 인부, 등등 온갖 일을 다 했습니다. 그러나 친척이 하는 이 동네 레미콘 공장에 자리가 나서, 작년부터 출근했죠.",80
6758,전과는?,80
6759,"없어요, 주민들 말로는 아픈 부인 병간호해주고, 교회 꼬박꼬박 나가고... 칭찬 일색 인데요",80
6760,...,80
6761,"원래 이 변태들이 겉으룬 더 멀쩡해요, 하지만 내 눈은 못 속이지..",80
6762,"그래서 박선배가 두 눈에 힘을 딱 주고, 노가다들 얼굴을 하나하나 보드라 이말이 지, 그러다가 이 변태놈 얼굴을 따- 악 보구서는, 한 큐에 팍 짚어내는데.. 와 ... 그 순간 나의 워커가 허공을 가르면서...",80
6763,뭐 또 !,80
6764,... 저기요... 조병순이는 밤새 자백을 했다면서요?,80
6765,누가 그래?,80
6766,정식 발표는 언제쯤 할 겁니까?,80
6767,"확실한 거 나올 때까지 좀 기둘려봐요, 아직 모른다니까...",80
6768,지금 영장없이 조사 나흘째 아닙니까? 불법 구금이라고 말들이 많은데요.,80
6769,끈 !,80
6770,네?,80
6771,신발끈 !,80
6772,"자, 지금부터는 아주 자세하게 가는 거야, 알았어?",80
6773,"자세하게! 좋슴다... 자, 제가 집에서 나온 뒤에 ... 거기서 부터죠.",80
6774,"얼씨구 .. 좋아 그래, 소설처럼 자세하게 해봐,",80
6775,자... 일단 비... 비가 상당히 많이 옵니다. 쫙쫙 ... 더럽게 많이 오는데.... 그걸 쫄딱 맞으면서 걸어가는 남자 조병순 ... 그 순간 ! 보입니다 ! 저멀리서 ...,80
6776,뭐가?,80
6777,"후라쉬 불빛 되겠습니다, 촤악 - 촤악 - 쏟아지는 빗줄기 사이로. 이 후라쉬 불빛이 팔라팔라 ... 팔라팔라 ...와 죽입니다.",80
6778,그래서?,80
6779,"살금살금 쫒아가서 보니깐 .. 아니나 다를까 .. 후레쉬 든 게 여자드라 이말입니다. 우산을 하나는 쓰고, 하나는 들고 갑니다... 사랑하는 남편한테 우산 갖다줄라고 ! 캬 ! 여기서 참고로 우리 마누라는 말이죠, 아파서 누워만 있는거야, 별써 사년째.. 따라서 나한테 우산 한번, 도시락 한번 갖다준 적 없는...",80
6780,"아 그래서, 하여튼 ... 그 여잘 어떻했어?",80
6781,그냥 ... 바라봤죠 ... 남편이 누군지 참 좋겠...,80
6782,"이 새끼가, 잘 나가다가 ....",80
6783,"자, 결국 여자를 뒤쪽에서 친 거지?",80
6784,"아, 예 .... 예 ... 그런거 같은데요 ... 아무래도 ...",80
6785,그래 안그래? 정확하게 임마 !,80
6786,"아, 뭐 ... 그런 꿈을 꾼 거 같습니다.",80
6787,뭐라고?,80
6788,"네, 맞슴다 ... 맞슴다 ... 그 여자 뒤에서 ... 이렇게 ... 당수 춥으 로... 그 여자의 목덜미를 팍 - 갈겼던 것 같습니다. 날카로운 당수 춥 !",80
6789,그런 담에?,80
6790,여자가 비틀 - 했겠죠? 이번엔 레프트 훅 - 으루다가 팍 - 갈겼습니다.,80
6791,어디를 ?,80
6792,"옆구리를 말이죠, 우- 욱 하면서 쓰려졌겠죠?",80
6793,그래서?,80
6794,그대로 덮치면서 ... 일단 윗도리부터 벗겨볼까 하구선 ...,80
6795,잠깐 잠깐 ... 거기서 그런게 아닐텐데...,80
6796,아 ... 아하.... ! 맞습니다. 솔밭으로 ! 여자를 끌고 솔밭으루 갑니다. 신문 기사에 의하면 논길에서 솔밭까지 무려 200여 메타 ! 상당히 먼데요 ... 그래도 갑니다 .... 빗길을 찰파닥 찰파닥 ...,80
6797,그 담에?,80
6798,솔밭에서 기냥 자빠뜨렸죠 ... 그리구선 목을 꽈- 악 조릅니다.,80
6799,뭘로 졸랐어?,80
6800,음... 스타킹 ... ?,80
6801,아닌데 ....,80
6802,뭐였드나 ... ? 아 ...,80
6803,생각안나?,80
6804,"아 맞다 ! 부라자 ! 부라잡니다 ! 비너스 부라 ! 그 부라쟈로 목을 꽉 쪼르는 순간... 이 여자가 갑자기 돌을 집어서 내 관자놀이에 그대로 팍 - 아우 ... 근데 참 신기하죠, 꿈에서 맞은 건데도 상처가 나대요 !",80
6805,"너 자꾸 꿈, 꿈 거릴래?",80
6806,"됐어, 됐어. 이게 그 상처지?",80
6807,그런가요? .. 아 ... 이건 어제 밤에 조형사님이...,80
6808,시끄러 ! 손 치워 봐 !,80
6809,그래서?,80
6810,돌멩이에 빡 - 맞았으니 ... 당연히 정신이 나가버렸죠... 그러다 슥 깨보니까..,80
6811,깨보니까?,80
6812,내가 변소 속에 있는거라 ... 똥통에 말야 ... 아우 ... 꿈속에서도 똥냄새가 팍 -,80
6813,좀 쉴까?,80
6814,그래서 그냥 간신히 똥통에서 기어 올라오 니까... 거기가 글세 여학교 변소 ! 참 내 안송여중 변소깐이었드라 이거지 ....,80
6815,그래서 몸에 똥냄새를 없앨라고 여학교 운동장을 내가 막 뛰었다 이말이야... 존나게 뛰고 또 뛰고 .. 막 뛰다가 꿈에서 탁 깨보니까 ... 이불이 땀으루 쫘 - 악 젖어서...,80
6816,이봐! 정신 좀 차려 봐! 당신 변소 얘긴 어디서 들은거야?,80
6817,... 뭐 ... 뭐시기 ... 실제 얘기라니까 !,80
6818,왜 그래?,80
6819,아까 내려오다가 까졌어요 .. 그 속에두 잔돌맹이 같은게 있었나 봐.,80
6820,... 선생님 안계시네 ....,80
6821,"너 접때 얘기한 그 변소 얘기, 누구한테 들은거니 ?",80
6822,"몰라요 그냥 .... 애들이 재미로 하는 얘기죠, 무서운 얘기 잘 만드는 애들 있잖아요.",80
6823,.... 정말 학교 변소에 뭐가 있는 거야?,80
6824,"애들마다 얘기가 다 달라요. 살해된 여자 시체가 변소밑에 있다, 아니다. 죽은 여자 귀신들이 변소밑에 다 모여서 밤마다 우는거다.. 어쩌구 저쩌구..",80
6825,변소에 한번 가 보세요. 요기 뒷 마당에 ...,80
6826,"... 잠깐, 움직이지 마...",80
6827,"그리구 참, 변소 맨 끝에서 두 번째 칸에 가보세요.",80
6828,왜?,80
6829,"거기 구멍으루 내려다 보면요, 껌껌한 구멍 밑에서요... 죽은 여자가 이렇- 게 올려다 본대요, 그럼 서로 눈이 딱 마주치는 거지 !",80
6830,뭐예요 !,80
6831,.. 저기 .. 경찰입니다.,80
6832,뭐야 지금 ? 이런데서 ?,80
6833,그래두 그렇지.. 기껏 애들 얘기 듣구 이런데나 기웃거린단 말이에요?,80
6834,...,80
6835,가만... 그거 때문에 애들이 그런 얘길 하나?,80
6836,그거라뇨?,80
6837,사실 나도 두 번쯤? ... 그 여자 직접 본 적이 있긴 있어요.,80
6838,여자요?,80
6839,"... 우는 여자. 언제였드라? 낮에 이 변소에 앉아있는데, 어디서 여자 울음소리가 들 려오더라구, 그래서 나올 때 보니까 ... 저쪽 밭에서 어떤 여자가 일하다 말고 서서 ... 울고 있드라구요.",80
6840,그냥 .... 울어요?,80
6841,"혼자 울어요. 그냥 이렇게 서서, 보구 있자니 참 이상하데... 그리구 또 한번은 ... 여기 지나가다가 ... 대낮에 아주 조-용할 때였는데.... 또 여자 울음소리가 어디선지 가느다랗게 들리더라구.. 기분이 섬찟해서 이렇게 둘러봤는데 .. 전에 그 여자가 또 ... 저 쪽 언덕 위에서 여기 변소쪽을 보면서 서있더라구요.",80
6842,누구세요?,80
6843,실례합니다. 경찰인데요...,80
6844,저기요...,80
6845,왜 그러세요? 괜찮아요?,80
6846,죄송해요 ... 죄송해요 ..,80
6847,괜찮으니까 ... 이 문 좀 열어보세요,80
6848,"죄송해요, 내가 경찰서에 가라 그랬는데 .... 무서워서..",80
6849,... ?,80
6850,너무 무서워서 .... ... 사람들이 알까봐 ...,80
6851,좀 천천히 얘기해봐요.,80
6852,저기 .... 지금 서 있는데서 ... 언덕 밑으루 밭 보이죠?,80
6853,네 .... 보여요...,80
6854,거기 혹시 우리 남편 일하고 있어요?,80
6855,"아뇨, 아무도 없는데 ....",80
6856,.... 그래도 빨리 가세요. 남편이 알면 큰일 나요.,80
6857,"아니, 도대체 무슨.. 뭔 얘긴지 좀 차근차근...",80
6858,나 임신 7개월째예요 .... 늦게 생긴 애라 남편이 되게 좋아해요.,80
6859,....,80
6860,... 그런데 애가 ... 이 애기가 ... 어쩌면 ....,80
6861,....,80
6862,7개월 전에 ....,80
6863,.... ?,80
6864,그 놈이 날 덮친 게 .... 7개월 전이었 ... ....,80
6865,7개월 전 .... 작년 9월이면 ... 첫 번째 사건나기 얼마 전이에요.,80
6866,"맞아요, 그 동안 죽은 동네 여자들 ... 내가 신문에서 봤는데 ... 신문에서 다 봤는데!",80
6867,...,80
6868,그 여자들 살해된 방법이 .... 내가 당한 거랑 똑같았어요 !,80
6869,.... 정말이에요?,80
6870,차라리 나도 그 때 죽여버리지 ... 왜 난 ....,80
6871,무슨 말을....,80
6872,흐흑 ... 난 왜 안죽였을까 ... 난 왜 ... !,80
6873,진정해요.,80
6874,그날밤에 ... 비가 왔는대 .... 부슬 부슬 왔는데...,80
6875,조그만 칼 같은 걸 내 옆구리에 갖다 댔는데... 순식간에 .... 아주 순식간에 ....,80
6876,그리구는 .... 그 양말로 입에 재갈을 물렸대요.,80
6877,"... 확실히, 그 놈이야",80
6878,그리고 팬티를 머리위로 씌우더니 ... 그 다음에 ....,80
6879,"잠깐, 그 놈 얼굴은 ... 얼굴은 못 봤나?",80
6880,"그 놈 얼굴을 안보려구 억지루 억지루 고개를 숙였어요... 얼굴 보면 날 죽일거 같앴어요. 그래, 얼굴을 봤으면 날 죽였을거야, 난 안봤어.",80
6881,....,80
6882,... 그 놈이 내 얼굴을 팬티루 덮어 씌우니까 .... 그게 오히려 .... 오히려 마음이 편해졌어요 .... 아무것도 안보이니까,80
6883,참 ... 그 손 ! .... 그놈 손 이야기를 했었는데 ....,80
6884,손?,80
6885,여기예요 .... 처음에 여기부터 그 놈이 여자를 끌고갔는데 ....,80
6886,한 손은 칼을 들이대고 있었구 .... 다른 한손은 입을 막구 ....,80
6887,... 이렇게 .. ?,80
6888,그런데 저 쪽편 길에서 .... 자전거 한 대가 지나가더래요..,80
6889,... 소리지르고 싶지?,80
6890,....,80
6891,그러나 못지르지 .....,80
6892,"그런데 입을 꽉 막고 있을 때, 범인 손이 말이죠....",80
6893,딴 건 잘 기억이 안나는데 .... 그거 하나는 또렸하게 생각나요. 여자처럼 보드라운 손... 내 입을 막은 손이 .... 진짜 곱구 ... 부드럽구 ...,80
6894,찍으면 ... 진짜 .. 자두 되나요?,80
6895,"빨리 찍고, 푹 - 자",80
6896,... 증말이죠 ....,80
6897,... 손바닥이 완전히 ... 거북이 등짝인데 ....,80
6898,뭔 헛소리야 또 ?,80
6899,이 아저씨 풀어 줘...,80
6900,뭐라고?,80
6901,당신 ... 범인이야?,80
6902,... 네 ....,80
6903,웃기지 마. 당신은 범인 아냐,80
6904,아.. 왜 이러세요 ... 저 범인 맞아요 ...,80
6905,풀어주라니까 !,80
6906,... 잠깐 좀 나갈까?,80
6907,"저기 ... 아까 그 진술 내용, 서류로 정리해 줘, 하나도 빠뜨리지 말구 !",80
6908,네 !,80
6909,"재밋지? 막판에 또 재뿌리는게 그렇게도 재밋지, 이 개새끼야 !",80
6910,... 이거 놔 ....,80
6911,씨발 놈! 니가 뭔데 ! 다 잡은 범인을 ! 니가 뭔데 !,80
6912,".... 나도 저 인간이 범인이면 좋겠어 ! 그런데 아냐, 아니란 말야. 저 인간은 아니라고 ! 알겠어?",80
6913,너지? 니가 조병순이 매달았지?,80
6914,저 그게...,80
6915,이 개새끼 ! 너 요새 분위기 몰라? 이 미련한 ...,80
6916,아니 이것들이 ....,80
6917,저기 잠깐만 !,80
6918,모두 조 - 용 !,80
6919,.... 이거 ...,80
6920,지금 나오는거야? 생방송?,80
6921,... !,80
6922,.... 반장님 ! 오늘 밤에 터집니다 ...,80
6923,"전경 2개 중대만 풀어주십쇼, 다 정보가 있어서 그럽니다 ... 뭐라구요?",80
6924,여보세요? 저녁의 클래식이죠? 급한껀인데 임희철PD 좀 바꿔줘요.... 뭐요? 그만둬?,80
6925,"거기 AD 좀 바꿔 줘 봐 ! 왜 그 키작고 안경 쓴 애 ! 뭐? 같이 관뒀다구? ... 좋아 그럼, 어쨌건 지금 방송나간 곡 신청자 엽서, 그거 절 대루 건들지 말고 .... 여기 경찰서야 ! 뭐? 장난? .. 야이 개새끼야! 야! 여보세요!",80
6926,"서형사님, 방송국은 제가....",80
6927,반장님? 병력 지원은요?,80
6928,젠장 ! 남는 병력이 없대... 죄다들 수원시내 시위 진압 출동했어...,80
6929,"안미선, 28세, 수원 시내 회사에서 일을 마치고 집으로 오다가 당했습니다.",80
6930,..,80
6931,잠깐 ... 이게 뭐지?,80
6932,뭐야 그게?,80
6933,이거 ... 복숭아 조각 아냐?,80
6934,더 있는데 ....,80
6935,전부 ... 아홉개.,80
6936,서울에서 이런거 본 적 있어?,80
6937,... 처음인데 ...,80
6938,... 당신 말이 맞는 거 같애.,80
6939,... ?,80
6940,이런 짓은 아무나 할 수 있는게 아닌거 같다.,80
6941,그동안 헛짓만 했어 ....,80
6942,히히히...,80
6943,.... ?,80
6944,당신도 나이스였구만 나이스 ... 엔 아이 씨 이 ...,80
6945,뭐야 갑자기 ... .... 참 내 ... 그러는 당신은 ? 뭐야 이거? 아디다스? 체 ... 아디다스 신었다고 지금 재는거야 지금?,80
6946,... 히히히 ... 자세히 좀 봐.,80
6947,뭐야 이거? 아다디스?,80
6948,그래 아다디스 ... 히히히 ! 형사 월급에 낸들 별 수 있어?,80
6949,우린 언제 나이키 한번 신어보나 .... 씨바 ...,80
6950,"전화 좀 받아 봐, 서울이래.",80
6951,"서형사님? 저예요, 엽서 확보됐어요 ! 이름은 박해일. 주소 불러드릴께요. 화성군 태안읍....",80
6952,이 사람 지금 어디갔어요?,80
6953,.... 무슨 일이죠?,80
6954,....,80
6955,손이 아주 부드럽네 ... 공장에서 일한진 오래 안됐나 봐 ?,80
6956,작년 9월부터,80
6957,9월? 작년 첫 사건 나기 직전인데...,80
6958,...,80
6959,"그러니까 니가 군대 제대하구 이 동네 공장으로 온 후부터 ... 이 동네에서 사건들이 줄줄이 일어난 셈이란 말야, 그지?",80
6960,말 되네요...,80
6961,"... 팔이 여자처럼 맨들맨들하셔, 털도 없고...",80
6962,뭐야? 이거 놔요!,80
6963,이럴줄 알았어 ... 너 원래부터 털이 하나도 없어?,80
6964,이 씨 ... 군대 제대할 때 밀어버렸어요!,80
6965,왜?,80
6966,말년 휴가때 사창가에 갔다가 병이 옮아서 ... 다 밀어버렸어요.,80
6967,"그래? 그럼 그 때부터 여자들만 보면 다 더럽구, 보기 싫구, 죽이구 싶구 그래?",80
6968,체 .. 말도 안 돼...,80
6969,이 엽서 니가 보낸거 맞지?,80
6970,네,80
6971,전에도 여러번 보낸 적 있지?,80
6972,네.,80
6973,그 노래 나올때마다 여기서 여자 죽은거 알지?,80
6974,아뇨.,80
6975,몰라? 여기 방송 기록 봐봐,80
6976,난 모릅니다.,80
6977,"그래? 좋아, 어제도 니가 신청한 음악 나왔지?",80
6978,네,80
6979,라디오 들었지? 저녁의 클래식?,80
6980,네.,80
6981,"그 프로 끝난 게 저녁 여덟시, 끝까지 들었어?",80
6982,네,80
6983,계속 니 방에서 들었냐고?,80
6984,네,80
6985,그럼 니가 신청한 노래 다음에 무슨 곡 나왔어?,80
6986,몰라요.,80
6987,바로 어젠데 기억이 안 나?,80
6988,기억 안 납니다.,80
6989,"기억 날 리가 없지, 넌 그때 집을 나갔으니까!",80
6990,집에 있었어요.,80
6991,어제 죽은 안미선! 사망추정시간 저녁 일곱시에서 일곱시 반 사이! 넌 그 시간에 음악을 듣다 말고 뛰쳐 나간거야...,80
6992,웃기지 마.,80
6993,".. 때려, 때려 봐 ....",80
6994,건방진 새끼 ! 너 조용히 안 해?,80
6995,너 이새끼 한번 죽어볼래?,80
6996,"좋아 죽여 ! 당신네들 죄없는 사람 잡아다 족치는 거, 동네 애들두 다 알아 !",80
6997,이 개새끼가 ..,80
6998,난 안당해 ! 난 절대 안당할 거라구 !!!,80
6999,야 임마 ! 앉어 !,80
7000,"용구, 넌 좀 뒤로 빠져 있어.",80
7001,...,80
7002,"좋다 박해일, 어제 그 프로를 끝까지 들었단 말이지... 그럼 니가 신청한 레퀴엠이 끝났을 때, 디제이가 뭐라고 말했는지 말해 봐. 디제이가 아주 인상적인 멘트를 했거든, 신청자인 니 얘기도 하면서 말야... 끝까지 들었다면 그걸 기억 못할 리가 없지.",80
7003,...,80
7004,들었으면 말해 봐,80
7005,기억 안납니다.,80
7006,좋아 ... 기억나게 해 주지 ...,80
7007,잘 들어 봐. 바로 어제... 넌 이 곡을 들었다. 기억이 생생하지?,80
7008,...,80
7009,"밖에는 비가 주룩 주룩 오고, 음악은 들려오고... 서서히 흥분이 되살아나겠지. 이 음악만 들으면 니가 늘 하던 짓이 있잖아.",80
7010,...,80
7011,"그 짓을 위해서라면.. 추운 날 비를 맞아두 좋구, 몇시간씩 논두렁에 웅크리구 있어 두 좋구 ... 너한텐 그 모든게 다 즐거운거지? 그렇지?",80
7012,... 집어쳐요 ! .......,80
7013,니 손으루 쓰다듬을 여자들 살결만 생각하면 .... 너무나 즐거운거 아니냐고 !,80
7014,"그러다 점점 더 재미가 나면 ... 어제처럼 복숭아를 집어넣어 보는거야 ..그지? 한조각, 두조각, 세조각, 넷! 다섯! 여섯! 일...",80
7015,그만해!,80
7016,이 개새끼 !,80
7017,으악 -,80
7018,불 켜 !,80
7019,그만들 해 - !,80
7020,니가 이 새끼야... 내가 저번에두 한번 경고했지. 주먹쓰지 말라구.,80
7021,...,80
7022,기자새끼들 지금 사방에서 킁킁거리구 다녀 ... 너 옷벗구 싶냐?,80
7023,...,80
7024,너 이거 관두면 뭐할건데? 이 무식한 놈아 ... 너 뭐 딴거 할 거 있어? 엉?,80
7025,앞으루 넌 취조실에 들어가지두 마. 아무 도움이 안 돼.,80
7026,잘 들어보세요.,80
7027,이 목소리... ... 비슷한거 같애요.,80
7028,확실하죠?,80
7029,비슷한데 ... 비슷하긴 한데 ... 확실히는 모르겠어요.,80
7030,비슷하다 정도론 안돼요 !,80
7031,서형사님!,80
7032,"... 미안해요, 지금 힘드시죠, 하지만 계속 죽어나가는 여자들 생각두 해야지 ! 범인을 만나본 사람은 당신 하나 뿐이잖아...",80
7033,... 이런 소리루는 도저히 모르겠어요.,80
7034,... 소리지르고 싶지 ... 그러나 ... 못지르지 ...,80
7035,다시 해 봐 !,80
7036,소리 지르고 싶지 .. 그러나 .. 뭐야 이게?,80
7037,너 했던대로 해 보란 말야 이 자식아....,80
7038,... 임신 몇 개월째죠?,80
7039,이 자식이! ....,80
7040,지금 뭐하는 거야 도대체? 웬 임산부까지 데려와서 ..,80
7041,시끄러! 입닥쳐!,80
7042,.. 다들 미쳤어 ...,80
7043,정말 미치겠네 ...,80
7044,...,80
7045,니미 ... 목격자 한명 찾기가 이렇게 어려운건가?,80
7046,... 광호 ...,80
7047,백광호 ...,80
7048,... 뭐?,80
7049,"저기 ... 이제와서니까 내가 물어보는건데 .. 그때 왜 산에서 삽질하면서, 백광호가 이향숙이 사건, 조목조목 얘기하던거 말야 ....",80
7050,근데 ?,80
7051,그때 ... 정말 그거 광호한테 미리 교육 시킨거 아니었단 말야?,80
7052,참내.. 정말 아니었다니까 !,80
7053,그럼 어떻게 ... 그 녀석이 ...,80
7054,... 이상한 일이지...,80
7055,... ! 그 테잎 ... 그 때 녹음했던 테입 어딧지?,80
7056,스타킹 ... 스타킹 벗긴걸루 또 ... 꽉 조른다,80
7057,"그래 맞어 ! 스타킹, 두 번째 조른게 스타킹이야 .... 야 - 이새끼 의외로 기억력 좋네? 머리 좋아 !",80
7058,뭘?,80
7059,향숙이 빤스를 .. 히히 .. 빤스를 모자처럼 씌우더라구.,80
7060,말투를 잘 들어 봐 ...,80
7061,"맞어 거들, 히히 ... 그걸 향숙이 얼굴에다 쓱 - 덮어 씌우던데 ...",80
7062,그리구는 ?,80
7063,지금 자기가 한 짓을 얘기하고 있는게 아냐 !,80
7064,자기가 본 걸 얘기하는 거 잖아.,80
7065,왜 그랬냐니까 ?,80
7066,나야 모르지..,80
7067,백광호 이 자식 ...,80
7068,광호가 목격자야!,80
7069,광호 어디 갔습니까?,80
7070,어디갔나 했더니만 ... 너 여기서 뭐해 임마?,80
7071,... ...,80
7072,"아뇨, 아니에요! 그냥 잘 있나 궁금해서 ... 일단 앉자구, 그냥 술마시러 온 것처럼 하자.",80
7073,"난 오락실하고, 동네 여기저기 좀 찾아볼게..",80
7074,"오케이, 오늘 고기 좀 좋은거 있어요?",80
7075,너 왜그래? 적당히 마셔 새끼야...,80
7076,...,80
7077,오우 아저씨 ! 화끈 ! 멋째이 멋째이 !,80
7078,아 - 악 ! 경찰 불러 ! 경찰 !,80
7079,... 니네 둘이 했지 ... 했어 안했어?,80
7080,광호야 ! ...,80
7081,그 - 만 - 해 !,80
7082,으악 ---,80
7083,... 광호야 잠깐만 ! ....,80
7084,잘못했슴다 ! 잘못했슴다 !,80
7085,"괜찮어, 괜찮다니까 !",80
7086,너 잡으러 온 거 아냐 !,80
7087,겁내지 마 광호야 ... 뭐 좀 물어보러 온 거다....,80
7088,안녕 ... 안녕하쇼 ! 히히 ...,80
7089,"좀 전에 그건 그냥, 없던 일로 하자 ! 쌈이 나다 보면 그럴수도 있지 .. 안그래?",80
7090,.. ... 나 죽일거야?,80
7091,"뭔소리야 ! 없던 일로 한다니까 ! 자, 지금부터 뭐 좀 물어볼게....",80
7092,으응....,80
7093,너 말야 .. 니가 좋아하던 이향숙이 생각나지? 죽은 이향숙이 말야 !,80
7094,... 향숙이 ! .... 예쁘지 !,80
7095,"그래 임마, ... 너가 맨날 따라다니던 향숙이. 너 그날 밤에 ... 비 막 오던날 밤에 말야. 여기서 향숙이 죽는거 봤지?",80
7096,....,80
7097,너 그날 밤에두 향숙이 졸졸 따라다니다가 ... 범인이 이향숙이 죽이는 거 본거 아 냐? 그렇지? 니가 다 본거지?,80
7098,그거 ... 그 때 다 얘기했잖아 이거 하면서 ... 헤헤 !,80
7099,"그래 맞어, 근데 너 ... 그때 향숙이 죽인 놈 얼굴을 봤어?",80
7100,범인 얼굴을 봤냐구 !,80
7101,... 정말 본거야?,80
7102,번개 꽈광 !,80
7103,얼굴을 봤냐고 ! 얼굴 !,80
7104,세 번 봤어 ! 번개 꽈광 ! 꽈광 ! 꽈광 ! 그러면 얼굴도 번쩍 ! 번쩍 !,80
7105,그 얼굴 정확히 생각나?,80
7106,그래 ! 세 번 ! 얼굴 세 번 봤다 !,80
7107,정말이지?,80
7108,잘 생겼다 ! ... 나보다 잘 생겼다 !,80
7109,니가 본 게 ... 이 얼굴이야?,80
7110,사진 잘 봐봐 !,80
7111,... 불이 ... 얼마나 뜨거운지 알아?,80
7112,....?,80
7113,광호야... 사진을 좀 똑바로 보....,80
7114,불이 얼마나 뜨거운데 !,80
7115,"정신차려, 잘 좀 봐 !",80
7116,불이 뜨거워 !,80
7117,사진을 보라니까 !,80
7118,"나 일곱 살 때, 누가 날 아궁이에 던졌는데...",80
7119,백광호 ! 광호야 !,80
7120,광호야 ! 거기서 뭐해 !,80
7121,피해 ! 빨리 피해 !,80
7122,이.. 광호야.. 광호야...,80
7123,여기 이렇게 있어도 돼? 다들 찾을텐데...,80
7124,...,80
7125,요 옆 세탁소에 가서 옷 빌려다 줄까?,80
7126,우리들이 우습지?,80
7127,....,80
7128,너 하날 어떻게 못해서 버둥대는 ... 그런 우리가 우습지?,80
7129,...,80
7130,"너 .. 당장은 풀려날지 몰라도, 나한테서 도망갈 순 없어, 알겠어?",80
7131,"예 예.. 그게 저 신문에 나온거 하곤 얘기가 많이 다릅니다. ... 아뇨, 그런게 아니구요 .. 본부장님 께서두 지난번에 말씀을 드렸는데 ... 여보세요?.. 여보세요..? 이런 개새끼가 ! 씹새끼 ! 좆도 윗대가리",80
7132,반장님.. 저.. 국과수 전환데요..,80
7133,저기... 정액이 나왔대요 !,80
7134,.. 뭐라고?,80
7135,.. 정액..,80
7136,"그동안 피해자 질 내부에서 정액이 소량 발견된 적은 몇번 있었지만 말야, 늘 양이 적고, 피해자 질액이랑 뒤섞였기 때문에 제대로 판독을 할 수 없었단말야.",80
7137,이번에는?,80
7138,"잘 봐, 피해자 옷 한구석에 튄 정액방울을 찾아낸거야.",80
7139,"이 미친놈이 시체에 복숭아 조각을 넣구나서 , 마스터베이션을 한거라 이거지. 따라서 이건 백프로 확실한 정액이라구, 아무것도 안섞였어, 유전자 분석 오케이야.",80
7140,"그럼 이 정액에서 나온 유전자 지문하고, 박해일이 유전자 지문하고 일치하는게 확인만 되면 .. 게임 끝난다 이거지 ! 완벽하게 !",80
7141,"그렇지, 이건 정말 빼도 박도 못하는 물증이야. 근데 우리나라는 아직 이 분석장비 가 도입이 안되있거든. 유전자 지문 분석을 할 수가 없어요.",80
7142,어떻해요 그럼?,80
7143,"그래서 이 정액 샘플은 일본 과학수사연구소에 보내야 돼, 한 며칠 걸릴거야.. 일본서 유전자 분석이 끝나면 결과를 보내줄거야. 며칠 푹 쉬면서, 일본서 편지오기만 기둘리면 되는거라구, 알겠나들?",80
7144,일본이라....,80
7145,씨발 똥차... 지금 박해일이 감시 철저하게 붙어있지?,80
7146,"네, 교대로 24시간 감시중입니다.",80
7147,"하여튼 이번엔 서두르다 망치면 안 돼, 박해일 그 놈 감시만 잘 하구 있다가... 일본에서 유전자 결과만 날라오면, 물증 먼저 확보한 상태에서, 끝내버리자구.",80
7148,너 다리 왜그래? 병원 가봤어?,80
7149,"뭐 이런걸루 병원엘 가, 남자가 ...",80
7150,어디 봐 .. 어...,80
7151,광호한테 찔린게 그게 ... 녹슨 못이었나 봐요...,80
7152,... 미련한 것도 정도가 있지 ! 이게 뭐냐 ?,80
7153,아니 ... 정말 다리를 짤라야 되는 거예요?,80
7154,안 그럼 쟤 죽어 ! 니네 파상풍 우습게 보지 마.,80
7155,(녹슨 못에 찔렸으면 그 즉시 응급처리를 좀 하든가.... 이런 천하에 미련 쌍곰탱이 같은 새끼들 으이그.....,80
7156,... 그래두 그렇지 ... 다리를 ...,80
7157,그나마 다행이야 ! 무릎밑에서 짜르니까 !,80
7158,가족이세요?,80
7159,저 친구가 가족이 없어서.. 제가 형은 형인데...,80
7160,어쨌든 보호자시죠? 여기 수술 동의서 읽어보고 서명하세요...,80
7161,"여보세요? 우체국이죠? ... 네 경찰입니다, 일본서 서류 아직 안왔습니까? ... 그래요? ... 백프로 다 체크해 보신거죠?",80
7162,여보세요? .. 어.. 그래.. 지금.. ?,80
7163,뭐야? 웬일인데?,80
7164,왜? 난 좀 불러내면 안 돼? 쯔쯔.. 꺼칠해가지구 .. 밥은 잘 먹어?,80
7165,밥 제때 먹는 형사가 어딧냐?,80
7166,왜 자꾸 짜증이야?,80
7167,요새 우리 박터지는 거 몰라? 지금 이럴 시간이나 있는지 알어?,80
7168,"... 치, 잘났어 ... 범인은 잡지두 못하면서..",80
7169,뭐라고?,80
7170,...,80
7171,"너 말 조심해 ! .... 그러는 넌, 언제까지 그 야매주사나 찔르구 다닐거야? 그짓해서 얼마나 떼돈을 벌겠다구, 야밤까지 이집 저집 들락거리구. 니가 무슨 안마사야 ? 다방 레지야 ?",80
7172,말 다했어?,80
7173,....,80
7174,자.. 이거나 챙겨.,80
7175,뭐야 이게?,80
7176,"... 저번에 니 옷, 핏자국 없애느라구 죽는줄 알았다.",80
7177,"야, 잠깐 ... 나 좀 봐...",80
7178,....,80
7179,내 얼굴 좀 보라니까...,80
7180,... 누워봐,80
7181,.. ? 뭐 ?,80
7182,여기 좀 누워보라니까....,80
7183,젠장 ! 이봐 .. 지금 박해일 집 쪽에 잠복한 인원이 누구지? 뭐라고? .. 연결되나 지금? 빨리 !,80
7184,"반장님, 지금 박해일이 두시간째 집으로 안들어오고 있답니다. 버스탄데서 그 놈 집까지 다섯 정거장.. 이놈이 중간 어디선가 내린겁니다.",80
7185,"진정해, 조사 받다 풀려난 놈이 설마 뭔 일을 저지르겠어?",80
7186,그 놈은 우릴 엿먹이고도 남을 놈이에요 ! 애초부터 미친 놈이라구 !,80
7187,조용히 좀 해 ! 니가 미친 놈 같애.,80
7188,...,80
7189,"자, 자 .. 조금만 기다리자구, 쉽게 생각해. 어차피 일본서 유전자 결과만 나오면, 그녀석은 그걸루 끝나는 거야.",80
7190,... 내가 그 녀석을 놓치다니 ... 내가..,80
7191,그만 좀 해 ! 나까지 불안하잖아 !,80
7192,"... 예감이 안좋아요, 예감이....",80
7193,오밤중에 어느집엘 가? 완전 돈독 올랐나 벼...,80
7194,그러지마요... 보경이네 엄마 일갔다와서 또 쓰러졌데.,80
7195,으이그... 보사부 표창은 언제 받을겨?,80
7196,"지금부터 제 287차 민방위 훈련, 야간등화관제훈련 생방송을 전해드리겠습니다. 현재 훈련 경계경보 발령과 동시에 .... 각 가정과 상가, 관공서 등에서는",80
7197,... 아.. 빠...,80
7198,..... 뭐야?,80
7199,진작에 널 죽였어야 됐어 ! 진작에 !,80
7200,이 ... 씨팔 ....,80
7201,... 첨부터 날 죽이구 싶었다 이거지?,80
7202,"그래, 그랬으면 소현인 안 죽었겠지.",80
7203,기분이 좋았나? 소현이 가느다란 목을 조르면서 기분이 좋았냐구?,80
7204,"어차피 넌 지금 죽는다. 말해, 소현일 죽였다고 말해 !",80
7205,... 시끄러 !,80
7206,지금 내 앞에서 말 해 ! 넌 여자들을 죽였어 !,80
7207,...,80
7208,전부 말해 ! 말하란 말야 !,80
7209,어차피 내 인생은 완전히 망했어...,80
7210,...,80
7211,그리구 니네들은 다 미쳤어...,80
7212,...,80
7213,그래.. 죽였다 .. 내가 다 죽였다 !,80
7214,..,80
7215,... 이제 속이 시원해?,80
7216,개쌔끼 ! 이제 넌 끝났어 !,80
7217,...,80
7218,"좀 전에 연락이 와서, 우체국에 갔다 왔다....",80
7219,박해일 ! 저게 뭔줄 알어? 니 사형 선고장이야 !,80
7220,너 이새끼... 그동안 우릴 비웃었지?,80
7221,우릴 비웃었지 ! 안그래 이 개새끼야 !,80
7222,아.. 으.. 으... 이 ... 이럴수가 ...,80
7223,왜 그래?,80
7224,... 이럴수가 ...,80
7225,이건 뭔가 잘못된거야 ! ... 분명 착오가 있을거야....,80
7226,왜 그러냐니까...,80
7227,.. 뭐야 이게.. 이.. 이런...,80
7228,이건 분명 잘못된거야..,80
7229,...,80
7230,그리구 ... 우리가 왜 쪽발이들 말을 들어야 되냐고 ? 우리가 왜?,80
7231,....,80
7232,다 필요없어 !,80
7233,내 눈 똑바로 봐 !,80
7234,...,80
7235,똑바로 보라니까 !,80
7236,내가 쏠 게 !,80
7237,...,80
7238,... 쏴두 되지?,80
7239,... 이 ..,80
7240,빨리 말해 !,80
7241,.. 모르겠다 ...,80
7242,뭐라고?,80
7243,정말 모르겠어...,80
7244,안 보인다. 아무것도 안보여...,80
7245,그만 해 !,80
7246,이거 놔 ! ...,80
7247,...,80
7248,지금 끝장 못내면 ... ... 영원히 안 끝날지도 몰라 !,80
7249,... 끝났다...,80
7250,...,80
7251,우리가 졌어 ...,80
7252,.....,80
7253,여기 있었구나...,80
7254,미안하다... 나혼자 떠나서 ....,80
7255,....,80
7256,범인 꼭 잡아 줘....,80
7257,... ....,80
7258,"너 어제 자는척 하면서, 이불 덮어쓰구 밤새 오락기 했지 ? 그치?",80
7259,...,80
7260,진짜? ? 어디 .... 아빠 똑바로 봐 봐...,80
7261,못자서 눈이 빨갛네.. 솔직히 말해. 했지?,80
7262,아냐..,80
7263,저녁때 오산가서 최상무 만난다구?,80
7264,"그러게, 몸도 안좋은데 진탕 또 마시게 생겼네 이거...",80
7265,운전 절대 하지 마 !,80
7266,철용이 데려가잖아. 운전대 걔가 잡지.,80
7267,"당신말야, 저번달에 최상무랑 술먹었을 때 .. 그때 당신이 운전하구 왔지?",80
7268,뭔 소리야?,80
7269,"솔직히 말해 봐, 그때 음주운전 한거지? 그치?",80
7270,아 참내.... 아니라니까..,80
7271,"아, 왜 또 몸사리구 그러세요? 상무님 답지 않네.. 하여튼 저 갑니다... 아 진짜요, 진짜 ! 지금 물건들이랑 나랑 한 차에 간다니까 ! ... 아하하하 ! 쫌 있다 봐요 !",80
7272,"야, 철용아... 차 좀 잠깐 세워봐라.",80
7273,... 이 안에 뭐 있어요?,80
7274,아니 뭐..,80
7275,근데 왜 봐요?,80
7276,그냥... 옛날 생각이 좀 나서,80
7277,신기하다 ...,80
7278,... 뭐가?,80
7279,어제두 여기서 어떤 아저씨가 .. 이 구멍속을 한참 보구 있었는데...,80
7280,그 아저씨한테두 내가 물어봤거던요... 여기 왜 들여다 보냐구 ...,80
7281,... 그랬더니?,80
7282,"슬쩍 웃으면서 그러든데, 옛날에 자기가 한 일이 생각나서 봤다구...",80
7283,... !,80
7284,여기는. 나의 추억의 장소다.... 그랬어요.,80
7285,그 아저씨 얼굴 봤니?,80
7286,...,80
7287,"얘기해 봐, 어떻게 생겼니?",80
7288,그냥 뭐.... 보통 얼굴인데...,80
7289,좀 자세히....,80
7290,생각이 잘 안나는데...,80
7291,....,80
7292,그냥... 평범해요 ...,80
7293,....,80
7294,평범해요...,80
7295,"그 동안의 혹독한 훈련, 제군들 잘 견뎌 주었다. 이제 그 훈련의 성과를 맘껏 발휘할 시간이다. 조국의 원수 빨갱이들에게 피의 복수를 안긴다. 알겠나?!",80
7296,예!,80
7297,질문 있나?,80
7298,북으로 침투하는 겁니까?,80
7299,작전지역은 극비사항이다. 도착하면 알게 될 것이다. 이상!,80
7300,"임마, 니 쫄았나?",80
7301,남쪽이에요.,80
7302,머가?,80
7303,해가 오른쪽으로 지고 있어요. 우린 지금 남쪽으로 가고 있다구요.,80
7304,어디로 모실까요?,80
7305,광천동 바오로 성당요.,80
7306,"학생, 집이 부잔가봐? 택시도 척척 잡아타고.",80
7307,신경 끄고 운전이나 하시죠.,80
7308,이거 말하는 싸가지 좀 보게. 뉘집 자식인지 가정교육이.....,80
7309,아...씨. 이 놈의 택시는 엔진을 입으로 돌리나?,80
7310,"하, 이 자식 봐라?! 임마! 집에 가면 너 만한 동생이 있어 자식아.",80
7311,누군지 모르지만 그 동생도 참 피곤하겠네.,80
7312,"어쭈? 일루 안와 새끼야! 너, 아침에 설거지도 안하고 토꼈지?",80
7313,"어허, 기사가 손님을 패네?",80
7314,"아자씨, 빠꾸미라에는 집중을 안혀줬으면 쓰것소이.",80
7315,"아니, 그것이 아니라 뒷차가 자꾸 따라붙은 께로.",80
7316,뒤에 차가 워딨다고 그려요?,80
7317,"용대씨, 근데 뭔 냄새 안나요?",80
7318,"아따, 인자 맡았어야? 미스리 만난다고 향수 쪼까 부렸제.",80
7319,그거이 아니라....냄새가 거시기 한디.,80
7320,나가 말 안 헐라고 했는디 이거이 거시기 냄새여!,80
7321,거시기? 뭔 거시기?,80
7322,음마! 어찌야 쓰까이. 용대씨 똥 밟았어요.,80
7323,으이! 아따 씨발....,80
7324,어디 가는 겨 시방?,80
7325,택시비 줬잖여요?,80
7326,남으 영업택시에 똥칠을 해놓고 시방 택시비가 문제여? 야심한 시간에 뚝방길 갈대밭서 년놈이 기어나올 띠 머인가 불안하다 혔어.,80
7327,남이야 갈대밭을 가든 콩밭에 가든 뭔 상관이여?!,80
7328,상관 안 허게 생겼어? 똥을 쳐발라 놨는디! 당장 세차비 내든가 아니믄 똥 뭍은 씨트 깨끗허니 핥어.,80
7329,못하것다 어쩔 것이여?,80
7330,이 썅놈새끼 경찰서 가자!,80
7331,음마? 함 해보자 이거여?!,80
7332,전국 각 대학의 시위가 점차 확대되고 있는 가운데 김옥길 문교부장관은 전국 대학 총장에 공안을 보내 학원의 민주화와 정치발전을 이룩하기 위해 학생들은 시위를 자제하고 대화와 양보로 문제를 해결하는 자랑스런 전통을 이룩하자는.....,80
7333,"형, 지금 내 얘기 듣고 있는 거야?",80
7334,"듣고 있단께. 근께 안면을 트고 말을 섞음서도........ 어이, 아줌씨, 골치 아픈께 테례비 쪼까 꺼주쇼.",80
7335,"아따, 조용하네. 정치는 원래 저로코롬 시끄러운 것이여. 어쨌거나 별다른 진전이 없다 이거 아녀.",80
7336,응.,80
7337,나가 볼 쩍에는 말이여. 너는 시방 중3 수준으 연애감정을 느끼고 있는 거여.,80
7338,무슨 소리야. 내가 지금 몇 살인데.,80
7339,너 아침에 눈뜨면 제일로 먼저 생각나는 거이 그 여자제?,80
7340,응.,80
7341,그럴 쩍으 가슴이 벌렁벌렁함서 괜히 기분이 좋아 분지고 시상이 아름다워 보이제?,80
7342,응.,80
7343,중3 1학기 여름방학 전 단계구만. 나가 대학생 수준으 비법을 알려주까나?,80
7344,뭔데?,80
7345,마침 안주가 다 되았다이?,80
7346,아줌마!,80
7347,"야, 서울대 법대. 이거 간 좀 봐라.",80
7348,"맵고 짠 거 뻔 할 텐데 새삼스럽게 간은.... 형, 나 어때?",80
7349,"새끼, 남의 옷 입고 달밤에 똥 폼은....",80
7350,이 정도면 시선 좀 끌겠지? 내일 우리 성당 무등산으로 야유회 가거든.,80
7351,야유회?,80
7352,"잠시 후 케이비에수 한국방송공사 인기 드라마 전설으 고향이 방영 되것습니다이. 이에 앞서 막간을 이용하야 시청료 징수 시간을 가질 것인께 많은 협조 부탁허요. 야, 병조야 언능 돈통 돌려라이.",80
7353,저끄 206호는 이틀치 밀렸은께 백오십원이여.,80
7354,"아따, 시작하것소 언능 문 열어요.",80
7355,그려? 그라믄....일단 나가 일러준 작전은 전략상 잠정 보류를 하고.... 가만 있어보자......어찌야 쓰까나....,80
7356,아이 참 뭐해?,80
7357,어허 흔들지 말어야 작전 헝클어진께! 일단 강아지 하나 조봐라이.,80
7358,"자, 시방부터는 2인1조 경기를 시작하것습니다이. 참고로 신속한 게임으 진행을 위하야 현재으 파트너는 오늘 모든 경기가 끝날 때 꺼정 변경이 없을 예정입니다이. 요것은 어디까지나 사회자으 권한인게 불만 있는 사람은 계속 불만을 품고 그냥 집으로 가쇼이. 음마? 신부님, 표정이 엄청 어둡소이. 우리 수녀님이 마음에 안 든 것이오 시방?",80
7359,태워 드릴까요?,80
7360,아뇨. 됐어요.,80
7361,아니...저...타야 되는데....,80
7362,네?,80
7363,되게 타고 싶은 거 같은데. 저기로 한 바퀴만 돌아 드릴께요.,80
7364,아뇨. 저 진짜 괜찮거든요.....,80
7365,"자, 꽉 잡으세요. 출발합니다.",80
7366,"저기, 신애씨.....너무 이러시면.....",80
7367,"민우씨, 사랑해요.",80
7368,안녕하세요? 퇴근 하시나보죠? 마침 막 이쪽을 지나던 길인데. 진짜루....,80
7369,아 네....,80
7370,어서 타세요.,80
7371,먼저 말씀하세요.,80
7372,진우가 형님을 많이 따르는 것 같아요.,80
7373,아닙니다. 녀석 얼마나 제 말을 안 듣는데요. 사실 진우 때문에 걱정이 이만저만이 아닙니다.,80
7374,진우한테 무슨 일이라도....,80
7375,진우가요..... 에이....아닙니다.,80
7376,애기해 주세요. 무슨 일이죠?,80
7377,진우가요.... 공부를 너무 많이 해요.,80
7378,......,80
7379,물론 공불 잘하는 게 집안 내력이긴 하지만.... 저건 너무 지나치다 싶을 정돕니다. 왜 그런 거 있잖아요. 몇 년 동안 고시공부만하다가 미쳐버리는 사람들....,80
7380,아니에요. 진우 성가대 일도 열심이구 다른 분야에도 관심이 많아요.,80
7381,모르시는 말씀입니다. 제가 곁에서 보면 무서울 정돕니다. 어떡하면 좋을까요?,80
7382,.......,80
7383,그래서 말인데요. 부탁 하나.... 들어주세요.,80
7384,무슨....?,80
7385,극장에 같이 가주십시오.,80
7386,네?,80
7387,이건 순전히 진우를 위해섭니다. 민우도 그 뭡니까....문화생활.....같은 걸 하게 해줄려구요? 강제로라도.......,80
7388,이러니까 늦을 때마다 은근히 기대된다니까.,80
7389,요령 피우지마. 그래봐야 맨 날 찌개야.,80
7390,솔직히 찌개 하난 아빠 게 훨씬 나았어요.,80
7391,니네 엄마도 예전에 인정했어.,80
7392,정말요? 근데 왜 나한텐 맨날 찌개 못 끓인다고 잔소리셨을까?,80
7393,그나저나 넌 사귀는 사람 아직 없니?,80
7394,글쎄요.....아빤 내 신랑감은 아빠가 구해 주신댔잖아요.,80
7395,내가 그랬나? 난 니 새엄마 구하러 다니기도 바쁜데.,80
7396,뭐예요?,80
7397,실례지만 여기가 박흥수 중령님 댁입니까?,80
7398,아니 자네.,80
7399,"자, 차 들게 김중위. 아...이젠 대위지. 미안하네.",80
7400,하시는 일은 잘 되시죠?,80
7401,"글쎄, 평생 짬밥만 먹다가 기름밥을 먹자니 그리 만만하진 않아.",80
7402,제 자리도 하나 마련해 주셔야합니다.,80
7403,앞길이 창창한 자네가 그게 무슨 소리야. 난 실패한 군인이지만 자넨 달라야지.,80
7404,대장님이 왜 실패한 군인입니까? 이재와 진급에만 눈이 먼 누구야 말로 실패한 군인이죠.,80
7405,최순기 대령 얘긴가?,80
7406,준장입니다. 열흘 전에 장성 진급 명을 받았습니다.,80
7407,그래? 그랬구만...... 어쨌거나 상급자에 사심을 갖은 건 군인으로서의 자세가 아니야. 그리고 이미 다 지난 일이잖아.,80
7408,......,80
7409,"그래, 광주엔 웬일인가? 금쪽같은 휴가에 날 만나러 온 건 아닐테고.",80
7410,사실은 작전 중입니다.,80
7411,작전? 아니 특전공수부대가 광주에서 무슨 작전을.....,80
7412,오래 전부터 공수여단 전체가 충정훈련을 해왔습니다. 현재 전국 주요 대학에 병력을 주둔시키고 있는 상황입니다.,80
7413,전장군....기어이 청와대로 들어갈 모양이구만.,80
7414,조만간 작전개시 명령이 하달될 태세입니다.,80
7415,"글쎄, 난 안간다니깐.",80
7416,"야, 너 정말 이러기냐?",80
7417,나 다음 주에 시험이야.,80
7418,"야, 너 평소에 공부 많이 해 놨잖아. 내가 알아. 그 정도면 충분해. 1등? 그거 맨날 하면 친구 떨어져 임마.",80
7419,서울대 법대 노래를 부른 게 누군데 이제 와서 딴 소리야?,80
7420,"아, 자식이 이거 독하네. 좋다! 됐지?",80
7421,학생이 무슨 돈이 필요하다고 이러실까.,80
7422,자!,80
7423,세고비아 기타가 만 얼마더라?,80
7424,좋다. 기타 사줄게 됐냐?,80
7425,오케이!,80
7426,야! 그건 내놔야지 임마.,80
7427,광주극장?,80
7428,고것은 일단 2순위로 제껴놔이. 그라고 보자 중앙극장에는 지옥으 십이관문인디 요것은 정통 중국무술이 판을 친 깨로 산만하니 쪼까 거시기하고이. 무등극장에 라스트 콘서트! 눈물 없이는 볼 수없는 사랑으 대서사시.,80
7429,그거 좋겠다!,80
7430,"어이, 젊은이.....시방 엄청 위험한 발상을 했다는 사실을 아는가 자네? 라스트 콘서트! 라스트가 뭐이냐? 막장 아니냐 막장. 막장서 쫑 내고 잡냐?",80
7431,그럼 록키2는 어때?,80
7432,록키2! 뽁싱천재 록키으 고난과 역경을 감동적으로다가 그린 스뽀츠물인디. 록키1편으 속편격인게로 1편을 못본 너는 보아도 뭐이가 뭔지 모를 것인게로 탈락.,80
7433,뭘 그리 재밌게들 얘기하나?,80
7434,"아따, 여자하나 꼬시는디 하나부터 열까지 가르쳐야 된께 참말로 힘 솔찬허니 드요이. 사장님.",80
7435,자네 며칠 전에 공짜 손님 태웠나?,80
7436,예? 아....예. 그게.....,80
7437,나주에서 온 할머니말이야.,80
7438,아....아예....,80
7439,왜 그랬나?,80
7440,그 할머니 사정이 좀 딱하게 돼서......죄송합니다.,80
7441,내 말은 왜 자네 사비로 사납금을 채웠느냔 말이야.,80
7442,........,80
7443,나쁜 일을 한 것도 아닌데 왜 자네가 손해를 보나? 그 할머니 아들이 직접 찾아왔었어.,80
7444,다음에 또 그런 일이 있으면 얘길 해. 알았나?,80
7445,예. 사장님.,80
7446,"듣자하니 데이트가 있나본데....자, 받아.",80
7447,아...아닙니다. 괜찮습니다.,80
7448,언능 받아야. 사장님이 하사하시는 금일봉인디..,80
7449,"그래서, 뭘 보라구?!",80
7450,딱 좋은 거이 있어.,80
7451,뭔데?,80
7452,금일봉 갖고 한 잔 함서 야그해주께.,80
7453,세고비아잖아.,80
7454,이거 엄청 비싼 거라며.,80
7455,뭐 쪼금 나가지.,80
7456,잘됐다. 손가락 문드러지도록 쳐야지.,80
7457,니가 칠 줄이나 아냐?,80
7458,진우한테 배우면 되지!,80
7459,그 시간에 단어나 한 줄 더 외워 자샤.,80
7460,"저, 아저씨!",80
7461,일요일인데 어디 나가니?,80
7462,"아, 약속이 있어서요.",80
7463,데이트구나?,80
7464,"아뇨, 데이트는 무슨.....",80
7465,뭐 이딴 영화가 매진이야. 말도 안 돼.,80
7466,근데 하필이면 이 영화래?,80
7467,"몰라, 죽어도 이걸 봐야 된데.",80
7468,두 배나 달라는 걸 내가 끝까지 우겨서 깎았다니까. 들어가시죠 신애씨. 진짜 웃긴다 저거....,80
7469,살려주세요!!,80
7470,안돼요 민우씨!,80
7471,난 대학생이 아니에요. 고등학생이라니까요. 군인아저씨. 살려주세요. 잘못했어요.,80
7472,잘못했으믄 마아야지 씨발놈아. 안글나?,80
7473,진우야!,80
7474,심하게 다친 사람들.....죽거나 그러진 않았겠지?,80
7475,설마.....,80
7476,진짜 신애씬 다친 데 없으세요?,80
7477,"네, 전 괜찮아요.",80
7478,자네들도 싸게 들어가. 미사 준비는 나가 알아서 할텐께.,80
7479,시방도 바깥에는 살벌 한가비네. 자네들도 시내서 오는 길인가?,80
7480,"신부님, 군인들이 왜 저러는 거죠? 아무 죄도 없는 우리한테 왜, 아니 우리가 무슨 잘못을 했다구요?",80
7481,정당성 확보 아니것어? 박정희도 그랬고....저 옛날 이성계도 그랬듯이. 모반을 꾀한 자한텐 정당성이 없으면 반역자일 뿐인께.,80
7482,쉽게 좀 얘기해 주세요.,80
7483,시방은 계엄상황인께 모든 권력은 군이 잡고 있어. 나가 볼 적에는 군인들이 나라를 먹어버릴 작정을 한 모양이다.,80
7484,가만히 잘 자는 개를 걷어차서는 이 놈이 막 짖어대니까 몽둥이로 두들겨 패가꼬 아예 잡아버려. 쥐 죽은 듯 조용해지제. 그라고선 이 놈이 시끄럽게 떠드는 것을 나가 조용히 시켜줬은께 느그들도 앞으로 내말 잘 들어라.......이거 아녀. 웃기는 거이제. 아그들 장난도 아니고.,80
7485,그럼 이게.....오늘로 끝날 일이 아니란 말입니까?,80
7486,병원까지 태워다 드릴께요.,80
7487,아니에요. 일 하셔야죠. 전 그냥 버스타면 되요.,80
7488,아침부터 시내에 군인들이 많더라구요. 분위기도 살벌하고....걱정이 돼서 왔습니다.,80
7489,........,80
7490,타세요.,80
7491,퇴근은 그때 그 시간이죠? 당분간 신애씨 출퇴근은 제가 책임지겠습니다. 병원 정문에서 기다릴게요.,80
7492,아뇨...저....,80
7493,걱정마세요. 택시비 달라곤 안 할테니까요.,80
7494,반사적으로다가 곤봉을 탁--하니 이 손으로 잡았제. 근디 뭐인가 번쩍함써 아찔 하더라고이. 나중에 본께 군화발로 나으 여그에 데미지를 가한 것이여.,80
7495,많이 다쳤어?,80
7496,이까이꺼 괜찮여. 워낙 단련된 몸인께. 좌우당간 내 이놈 공수놈들 콱 죽여불랑게. 씨발. 나가 월남전서 뻬트꽁들 숫하게 잡아봤슴서도 요로코롬 극악무도허진 않았어.,80
7497,오면서 보니까 터미널 쪽에선 한바탕 크게 일어날 모양이던데.,80
7498,학생들이?,80
7499,학생들보단 그냥 시민들이 더 많던데.,80
7500,그려 맞어! 우리도 여그서 뻐꾸기나 날리고 있을 거이 아니라 모도들 차 끌고 나가자고! 가서 확 깔아 뭉게 불자고 개새끼들!,80
7501,무슨 소리 하는 거야?!,80
7502,쓸데없는 소리들 말고 어서 일들 나가.,80
7503,"아따, 사장님, 시방 정상영업이 불가능한 상황이어라. 시내 도처에 군바리들이 쫙 깔렸단께요.",80
7504,그럼 급한 시민들은 걸어 다니란 말인가? 이럴 때 일수록 침착하게 평상심을 찾으려고 노력을 해야지. 그리고 혹시 다친 사람들 있거든 주저 말고 병원으로 옮겨줘.,80
7505,"야, 이거...상필이 자리 맞지? 뭐야 이거?",80
7506,어제 나하고 같이 학원에서 공부하다가 오는 길에..... 병원에 갔을 땐 말도 하고 그랬는데.... 오늘 아침에 가보니까.......상필이가....,80
7507,상필아.....,80
7508,들어가. 니들까지 이래선 안돼.,80
7509,"비켜주십시오. 선생님. 우리 친구가 죽었습니다. 형 누나, 아버지 어머니들이 이유도 없이 맞아 죽고 있어요.",80
7510,니들이 나가서 뭘 하겠다고 이러냐? 응?,80
7511,나가서 저 공수부대 새끼들과 싸울 겁니다.,80
7512,철없는 소리 말고 당장 들어가!,80
7513,선생님들도 같이 싸우시죠! 겁나서 못 가겠다면 길이나 비켜 주세요!,80
7514,이 자식이! 지금 나가면 개죽음밖에 안 돼.,80
7515,계엄군을 몰아내자!! 전두환은 물러가라!,80
7516,"그래, 가거라. 그 대신! 여기 무릎 꿇은 날 밟고 가거라. 제자들을 개죽음으로 몬 스승은 스승도 아니니 어서 밟고 가!",80
7517,"자네들, 대체 왜 이러나?",80
7518,.......,80
7519,누가 이런 명령을 내렸어? 국군이 자기나라 국민을 해치는 법이 어딨어?!,80
7520,......,80
7521,"이봐, 유태웅 상병. 보아하니 35대대 같은데 배일수 중령 휘하에 있나?",80
7522,마 절로 가소.,80
7523,나도 공수특전단 예비역 대령이야. 이봐 유상병....,80
7524,좆 까라 씨발놈아!!,80
7525,"유상병, 타격은 정확해야 해. 여길 쳐야지. 응? 다시 해봐.",80
7526,.......,80
7527,다시 쳐봐 유태웅!!,80
7528,학생도 빨리 타.,80
7529,자...잠깐만요. 사람이 다쳤거든요.,80
7530,"이곳 충장로 일대는 10시 40분 경 제 11특전여단 62, 63대대를 투입, 진압 및 해산에 성공했습니다. 그러나 이곳 금남로에는 상황이 좋지 않습니다.",80
7531,예비대 편성 해놓은 거 없어?,80
7532,있습니다만 이미 공용터미널 쪽으로 비상 출동시켰습니다.,80
7533,그래서? 계속해 봐!,80
7534,넵. 금일 오전까지의 상황을 종합해 보면 시위대의 양상이 불순학생 세력에서 일반 시민들 중심으로 변화되고 있는 실정입니다. 또한 산발적인 저항에서 나름대로 조직을 갖추려는 움직임까지 보이고 있습니다.,80
7535,그래서? 대책이 뭐야?,80
7536,현 상황은 불순세력과 무고한 시민들을 구분하지 않은 강경일변도의 진압방식이 원인이라고 봅니다. 따라서......,80
7537,잠깐 잠깐...... 너 이리 와.,80
7538,최정예 공수부대한테 겁도 없이 대드는 것들이 무슨 무고한 시민이야? 이것들이 정신 못 차리지?!,80
7539,혈액 확보되는 즉시 이 환자부터 수혈해요.,80
7540,엄마.....,80
7541,네...말하세요.,80
7542,나....죽어요?,80
7543,"아니요, 누가 그래요? 안 죽어요. 걱정 마세요. 곧 수혈 받으면 나을 거예요.",80
7544,엄마가...보고 싶어요.,80
7545,"조창수씨, 꼭 쥐어 봐요. 더 세게. 그래, 잘하네요... 이거 꼭 쥐고 있어요. 놓치면 안돼요. 그래야 엄마 만날 수 있어요. 알았죠? 조창수씨.",80
7546,누구여? 창수냐? 창수야!,80
7547,창수.... 아니여?,80
7548,우리 아들 거인디 어째 잘 맞는가?,80
7549,"네, 아주머니. 고맙습니다.",80
7550,이거이 우리 창수 사진인디. 혹시 총각이 돌아댕김서 쪼까 찾아줄라나. 학교 간담서 나가가꼬 시방이 며칠 짼디 안들어와야. 대학상들은 다 잡아 죽인다더마이. 어찌야 쓰까이.,80
7551,민우씨?,80
7552,죄송합니다 신애씨. 제가 너무 많이 늦었죠. 아직 여기 계셨네. 아우 정말 다행이다.,80
7553,괜찮으세요?,80
7554,뭐가요?,80
7555,잠깐만요.,80
7556,아무것도 아니에요. 살짝 긁힌 건데요 뭐....,80
7557,어디봐요..,80
7558,괜찮은데....,80
7559,이거 꿰매야되요.,80
7560,움직이면 안돼요.,80
7561,네엡.....,80
7562,정말 교통사고로 다친 거 맞아요?,80
7563,아니 그럼 뭐.... 제가 공수놈들한테 두들겨 맞기라도 했게요? 저 이래봬도 해병대 출신입니다.,80
7564,안 아프세요?,80
7565,마취까지 했는데 아프긴요.,80
7566,마취 못 했거든요.,80
7567,정말 소문대로 광주사람들 다 죽일 작정인가?,80
7568,고정간첩과 빨갱이들이 작당해서 난동을 부리는데 그걸 가만 둬?,80
7569,무슨 근거라도 있나?,80
7570,있지. 온 시내가 전염병처럼 번지고 있어! 썩은 부분은 과감하게 도려내야지...... 이게 전국으로 확대되면 북괴놈들 가만있을 것 같나?,80
7571,내가 그 말을 믿을 거라고 생각진 않겠지.,80
7572,......,80
7573,내가 여길 온 이유는 적어도 자네한테만큼은 솔직한 대답을 듣고 싶어서네.,80
7574,우리 사이가 그 정도로 가까웠나?,80
7575,이봐....자네들 지금 무슨 짓을 하고 있는 건지나 아나?,80
7576,이건 내란이고 우린 그걸 진압하고 있어!,80
7577,내란? 이게 내란이라면 그걸 부추긴 건 자네들이야! 이런 식으로 잡은 권력이 얼마나 갈 것 같은가?,80
7578,이거....흥수 자네도 혹시 빨갱이 물든 거 아냐?,80
7579,최순기!,80
7580,"야, 모셔다 드려..... 가는 길에 폭도로 몰려선 험한 꼴 당할지도 모르니까.",80
7581,총보다 무서운 게 뭔지 아나?,80
7582,.......,80
7583,사람이야.,80
7584,.......,80
7585,자네들 생각처럼 쉽게 끝나진 않을 걸세.,80
7586,지금 몇 시냐?,80
7587,응....애들하고 시내에 갔다가....,80
7588,너 혹시 데모했어?,80
7589,새끼들 별 거 아니더라고 쪽 수에 밀어붙이니까 꼬리 내리던데. 두고 봐 인제 시민들이 전부 들고 일어날 거야. 그리구....,80
7590,내가 학교 마치고 바로 오랬어 안했어?! 너 죽고 싶어 환장했어 임마?!,80
7591,형! 내 말 좀 들어봐! 상필이가 죽었어. 형도 상필이 알잖아. 공수놈들한테 맞아 죽었대.,80
7592,........,80
7593,개노무 새끼들. 감히 금쪽같은 내 아들 뱃대기에 구멍을 내야?,80
7594,병조 아부지 이러지 마씨오. 우짤라고 이라요?,80
7595,이거 노란께. 나가 오늘 다 죽여 불란께. 말리지 말어!,80
7596,"신부님!! 이래도 되는 것이요, 시상이?! 하느님은 뭣하고 있소? 자빠져 자요?",80
7597,"여그서 이라지 말고 일단 들어가쇼. 나하고 내일 아침 같이 시내로 나가자고, 나도 내 눈으로 직접 확인을 해야것어.",80
7598,맞아요! 여러분들! 우리도 같이 갑시다! 모도들 뭉쳐가꼬 나가자고요! 안 그냐 민우야?,80
7599,때린 거.... 미안하다. 형이....,80
7600,내일 나갈 거지?,80
7601,자자.,80
7602,만약에 내가 상필이처럼 된다면 형은 어떡할 거야?,80
7603,재수 없는 소리 하지마 임마.,80
7604,난 형이 만약에 그렇게 되면 진짜 가만 안 있을 거야. 당장 나가서 복수 할 거라구. 형도 마찬가지잖아.,80
7605,"이거 보여? 니 형, 너 혼자 두고 어머니 아버지한테 갈 뻔했어.",80
7606,뭐? 이 개새끼들이 진짜.....,80
7607,내 말 끝까지 들어. 세상이 아무리 난리를 쳐도 우리한텐 아무 일도 일어나선 안 돼. 가족이라곤 너하고 나 둘 뿐이야. 누가 더 있어? 진우 너마저 없으면 그땐 난 살 이유가 없어. 내가 없어지고 너 혼자 남는 건 상상도 안 돼.,80
7608,........,80
7609,그만 하자.,80
7610,미안해 형.....나도 형한테 대들기 싫은데......,80
7611,내일 내가 나가 볼게.,80
7612,정말이야?,80
7613,그 대신 넌 집에 있어.,80
7614,"참, 신애 누나하고 잘 돼가?",80
7615,대답해 임마. 엉뚱한 소리 하지 말고.,80
7616,알았어.,80
7617,진우야....우리 열심히 살자. 넌 열심히 공부해서....서울대 법대 턱하니 붙고. 난 열심히 돈 벌어서 우리 집 사고......!,80
7618,여러분! 지금 계엄사 측에서는 광주에선 단 한 명의 사망자도 없다고 하고 있습니다. 하지만 여러분 여길 보십시오. 이건 뭡니까? 무고한 우리 형제자매가 싸늘하게 죽어 있습니다.,80
7619,맞어! 시방 신문이고 테레비고 광주으 상황에 대해서 제대로 말하는 디는 한 군데도 없단께요. 저 놈들도 공수놈들이랑 한 패란께!,80
7620,폭도들에게 알린다. 지금 즉시 해산하라! 다시 한번 알린다. 폭도들은 무기를 버리고 지금 즉시 해산하라!,80
7621,뭐시라고 그러냐 시방?,80
7622,폭도....폭도는 해산하라는데?,80
7623,폭도가 시방 워딨다고?,80
7624,우리 보고 하는 소리 같은데.,80
7625,뭐시여? 우리가 폭도라고라?! 보시오! 시방 들었소! 우리가 폭도라는 구만!,80
7626,니미 씨발! 저 노무 헤리꼽타부터 떨과 불자고!,80
7627,"선생님, 이러셔 봐야 소용없어요 이제.",80
7628,말리지 않을테니 이리 와봐.,80
7629,이러면 눈이 덜 매울 거야.,80
7630,......,80
7631,강진우. 고개 들어.,80
7632,선생님......,80
7633,"자, 니들도 이리 와.",80
7634,뭐요 이게?,80
7635,"아따, 일단 받으씨요.",80
7636,시방 이 판국에 소주나 빨라고? 당신 미쳤어?,80
7637,"쥑이지라? 아, 뭣하요? 언능 발사하덜 않고.",80
7638,........,80
7639,"자, 여깃소. 근디 형씨, 낯이 많이 익소이?",80
7640,그러지라? 나도 그려요이.,80
7641,시민들이 죄다 시내 전역에 쏟아져 나와 있다는 게 사실이요?,80
7642,그렇습니다.,80
7643,뭐요? 그럼 이거 철수시켜야하는 거 아냐?,80
7644,철수명령에 책임을 지시겠다는 말씀입니까?,80
7645,아니....시위대가 그 정도면 진압가능 수위를 이미 넘어버린 상태 아니오?,80
7646,폭도들 잡는데 진압가능 수위란 게 따로 있겠습니까?,80
7647,"형, 내가 뭐랬어? 전부 들고 일어난댔지?",80
7648,너 언제 나왔어?!,80
7649,"형, 지금 그게 중요해? 걱정 마. 이제 다 끝났어. 시민대표가 도청에 들어갔다 왔는데. 공수들이 곧 물러날 거래.",80
7650,광주시민여러분. 저는 전남 도지사입니다. 여러분 이성을 찾으시고 제 말씀을 들어주십시오. 금일 정오까지 계엄군을 철수토록 해 볼 테니 제발 그 전에 해산해주시기 바랍니다. 다시 한 번 알립니다......,80
7651,거봐! 내 말 맞지?,80
7652,........,80
7653,우리가 이겼어 형!,80
7654,야 임마! 다친 덴 없어?!,80
7655,없어! 집에서 봐!,80
7656,자! 여러분들 이왕 이렇게 된 거 10보 전진합시다이.,80
7657,"어이, 느그들은 머땀시 안가고 섰냐이? 일병. 애인 있어?",80
7658,.......,80
7659,생긴 거 본께 나가 물어본 것이 쪼까 미안하네.,80
7660,나가 괜찮은 아가씨 하나 소개시켜 줄까나? 저그 저 황금동 넝쿨장미에 미스 백이라고 몸매가 아주 죽여부러. 특히 말이여 여그 가심이 장난이 아니란께. 요로코롬 뒤에서 안아불믄....,80
7661,......,80
7662,"음마, 어이 일병 시방 뭔 생각해여? 시방 머리 속에는 미시 백하고 한창 바쁜가 보네이. 저 남대문 불룩한 거 봐야. 아야 튀어 나오것다.",80
7663,"어이, 느그들 짐은 다 쌌냐? 시간 다 되았어. 10분 전이요!",80
7664,"자, 여러분! 떠나가는 공수들에게 박수 함 보내아 줍시다!",80
7665,잘 가세요 잘 가세요~ 그 한 마디였었네~~,80
7666,잘 있어요 잘 있어요~ 인사만 했었네~,80
7667,5분 전!,80
7668,지...진우야.....,80
7669,가만 있어. 나가면 자네도 죽어!,80
7670,놔! 내 동생이야. 진우야!,80
7671,"야이, 개새끼들아!",80
7672,지금 무슨 짓을 하려는 거야?!,80
7673,이거 놔요!,80
7674,진우야! 진우야 임마.....,80
7675,형....배가 아파.....아....형....,80
7676,정신 차려! 이러고 있다간 둘 다 죽어!,80
7677,......,80
7678,아직 죽지 않았어. 빨리 서둘러!,80
7679,여기 좀 도와주세요?! 아무도 없습니까?!,80
7680,도와주세요.....,80
7681,아직이에요.,80
7682,350으로 올려요.,80
7683,"지금 뭐하는 거예요? 더 해봐요.....예?! 더 해 보라고! 당신 의사잖아, 그럼 살려 내야지.....",80
7684,........,80
7685,내 동생 이렇게 죽을 리가 없어. 만져봐. 아직 따뜻하잖아!,80
7686,진우야....임마....눈 떠 봐. 새끼야. 형 말 안 들을래? 일어나 빨리. 진우야.....집에 가자....,80
7687,이것들 완전 돌았구만.....,80
7688,그건 우리도 마찬가지 아닙니까?!,80
7689,뭐?,80
7690,......,80
7691,장갑차다! 11시 방향! 돌진한다!,80
7692,저격수들 뭐하나? 지금 저거 안 보여? 새끼들아!!,80
7693,이러지 말어야. 시방 어딜 간다고 이러는 거여?!,80
7694,이거 놔! 형.,80
7695,"민우야 임마, 넌 시방 상주여.",80
7696,비키라니까!!,80
7697,민우씨!,80
7698,저기....진우 좀 들여다봐주세요.,80
7699,어딜 가시게요?,80
7700,아직 할 일이 남았거든요.,80
7701,민우씨.....지금 시내엔....,80
7702,그리고...오늘은 약속 못 지킬 것 같네요. 기다리지 마세요.,80
7703,뭐이냐 그것은?,80
7704,TNT 같은데. 뇌관도 있어. 가져가자!,80
7705,이런 거이라믄 화순 탄광에 엄청 많을 것인디. 아예 거그도 가가꼬 싸그리 쓸어 옵시다.,80
7706,그려! 썩을 노무 공수놈들 한방에 날려불자고요. 안 그냐 민우야?!,80
7707,"너, 이거 어디서 났니?",80
7708,터미널에서 시민군들이 나눠줬어요.,80
7709,시민군?,80
7710,빨리 돌려줘요.,80
7711,이건 장난감이 아냐.,80
7712,나도 알아요. 어서 줘요.,80
7713,안 돼. 빨리 여길 벗어나야 한다. 날 따라오너라.,80
7714,어떻게 전부 죽어서 실려 오냔 말이야?! 어떻게 할 수가 없잖아!,80
7715,지금 금남로 주변에 총격전이 벌어진 모양입니다. 구급차가 들어갈 엄두를 못 내고 있어요.,80
7716,그렇다고 숨 끊어지는 걸 보고만 있단 말이야? 당장 구급차 대기 시켜! 누구 나와 같이 갈 사람 없나?,80
7717,제가 갈께요.,80
7718,"그래?! 좋아 박간호사, 서두자구.",80
7719,"엎어진 김에 쪼까 쉬었다 가자고이. 아따, 월남에서는 이것이 요로코롬 무겁덜 안혔는디....",80
7720,참말로 월남용사요?,80
7721,그라제! 무적으 백마부대 들어나 봤는가?,80
7722,"근디 형씨, 낯이 많이 익소이?",80
7723,그러지라? 나도 그려요이.,80
7724,"맞어! 형씨, 고향이 화순 맞지라?",80
7725,나는 담양 출신인디.,80
7726,그려요?,80
7727,혹시....학교를 광주서 다녔는감?,80
7728,야.,80
7729,맞어! 수창중핵교! 맞제?,80
7730,나 국졸이어요.,80
7731,서둘러! 시간이 없어!!,80
7732,"야이 씨발놈아, 안 갈기고 뭐 하노?!",80
7733,뭐고 저거?!,80
7734,사격 중지! 그만!,80
7735,개자슥들 저것들도 한 패 아이가!,80
7736,신애씨.....,80
7737,신애씨! 나에요! 나라구요!,80
7738,뛰라! 저 새끼들 잡아!,80
7739,유상병님......유상병니임.....,80
7740,"신애씨, 빨리 도망가요! 어서!",80
7741,"이봐요! 아, 어떡해.....",80
7742,죽으면 안돼요.....이봐요!,80
7743,미안해요....미안해요. 정말....미안해요.,80
7744,신애씨..... 신애씨!,80
7745,........,80
7746,다 끝났다구요....그만해요.,80
7747,뭐야 이거?! LMG 소리 아냐?!,80
7748,전일 빌딩 옥상엣 도청 정면으로 발사되고 있습니다.,80
7749,뭔 소리야? 거긴 저격수들 배치시킨 자린데!,80
7750,벌써 점령당한 모양입니다.,80
7751,뭐? 딱총 든 놈들한데 자릴 내줬다고? 이런 씨..... 야! 거기면 여긴 유효사거리 안에 들고도 남잖아!,80
7752,빨리 헬기 띄우고 기총소사 하라 그래!,80
7753,대장님.....철수 하셔야 합니다.,80
7754,.......,80
7755,이대로 가다간 궤멸되고 말 겁니다!,80
7756,스톱! 잠깐 스톱이란께요!!,80
7757,여러분! 놈들이 완전히 물러갔습니다!,80
7758,우리가 이겼다! 우라질 공수놈들 우리가 몰아냈단께!,80
7759,야이! 공수놈 새끼들이 가서 똥이나 처먹어라!,80
7760,그려 똥이나.....!,80
7761,모든 게 꿈이었으면 좋겠어요.,80
7762,"형, 기타는 다음에 사줘. 생각해보니까 지금은 기타보다 형수가 더 필요한 것 같아. 미안하지만 형이 끓여주는 김치찌갠 정말 지겹거든. 신애누난 십자가 목걸이 무지 좋아하더라. 결정적인 순간에 멋있게 선물해.",80
7763,"유치하다 생각 말고 꼭 줘야 돼. 나중에 내가 확인해 볼 거야. 약속이다. 형, 파이팅! 서울대 법대 수석합격 예상자 강진우.",80
7764,저로코롬 꼼짝도 안한 단께요. 뭔 말을 혀도 대답도 안허고 참말로 저러다 뭔 일 나제.,80
7765,........,80
7766,우리 창수가 아니여.....,80
7767,아니여. 자네는 친굼서 창수 얼굴도 모르는가? 우리 창수는 코도 오똑하고.....얼매나 잘 생겼는디.... 절대 우리 창수 아니여..... 머인가 잘 못 되았는 갑네....창수가 죽을 리가 없제. 우리 창수같이 착한 아그가 어찌케 폭도 것어? 우리 창수는 폭도가 아니란께.....,80
7768,진우 이 놈....뭐랬는줄 알아요?,80
7769,........,80
7770,만약에 내가 죽으면 자긴 절대 가만있지 않겠대요.,80
7771,총기를 휴대한 시민군들은 지금 즉시 광주공원으로 모이시오! 다시 한 번 알립니다. 총기를 가지고 있는 시민군들은......,80
7772,지금 즉시 광주 공원으로 모이시기 바랍니다.,80
7773,나는 공수특전단 예비역 대령출신 박흥수올시다! 군인의 이름을 더럽힌 저 놈들은 더 이상 대한민국 국군이 아니요! 저들이야 말로 진짜 폭도요 반란군입니다! 하지만 우리가 아무리 총을 들었다 해도 지금 이런 식으로는 백전백패요! 해서 내가 감히 나서서 시민군들을 정비해 볼까 하는 데 괜찮겠소?!,80
7774,"야, 넌 싸게 안가고 뭣하는겨? 어린 노무새끼가.....",80
7775,난 장남도 아니고 독자도 아녀요.,80
7776,콱씨--. 언능 가서 느그 엄니 젖이나 더 먹고 와이.,80
7777,우리 엄니 공수놈들한티 맞아 죽었소. 갈라믄 아자씨나 가봇쇼.,80
7778,"좋소. 이제 여기 남은 우리가 목숨을 걸고 광주를 사수합시다. 먼저, 군대 갔다 온 사람들부터 앞으로 나오시오.",80
7779,근데....인봉이 자네는......,80
7780,이 양반 이래봬도 월남용사여요. 백마부대!,80
7781,방위병도 월남에 갔었나?,80
7782,근께 그 유명한 월남방위구만....아따 참말로. 총알이 빗발치는 장글을 헤침서 예비군 통지서 돌렸어이.,80
7783,아따 날씨가 어째 들쩍찌근 허네......,80
7784,그러덜 안혀도 시방 온 시내가 어수선한 거이 뭐인가 불안하다 혔는디 박대장이 요로코롬 나서준께 참말로 든든허요.,80
7785,지금 같은 무정부 상태가 지속되면 곤란합니다. 냉정하게 말하면 이건 승리가 아니라 고립입니다. 식량이나 연료도 금방 바닥날 테고...... 한시 바삐 타계책을 마련하지 않으면 더 큰 혼란이 올지도 모릅니다. 신부님.,80
7786,수습위원들이 계엄군들하고 협상을 하기로 합의를 봤은께 뭔 방법이 나오것제.,80
7787,음마?! 저거 민우 아니여?,80
7788,야! 민우야! 너 임마 시방 거그서 뭐하는 거여?!,80
7789,저 친구 저거 왜 저러까이? 설마 콱 떨어져 죽어 불라는 건 아니것제?,80
7790,뭐?! 아따 참말로 나가 저 놈 저럴 줄 알았어. 다들 보고만 있을 것이요? 어떻게 좀 해 봇시오! 아이고 민우야. 언능 내려와야.,80
7791,그라제. 도시 전체가 초상집인께 조기를 올려야제.,80
7792,협상?,80
7793,체포자 석방과 공식사과를 요구하고 있습니다.,80
7794,"이봐, 놈들은 총을 들었어. 이젠 진압이 아니라 전시상황이야! 이런 판국에 협상은 무슨 놈의 협상을 하나?!",80
7795,.......,80
7796,광주로 통하는 모든 도로를 철저하게 봉쇄하고 주변지역 수색 및 경계 강화에 만전을 기해! 독 안에 든 쥐 몰라? 숨통을 막으면 말라 죽게 돼 있어.,80
7797,아따 뭔 총포사서 일하요?,80
7798,"아뇨, 군대 갔다오면 다 하는 거 아닙니까.",80
7799,그라고 빠르다고 다 좋은 것은 아니여.,80
7800,월남빵우는 샤따 마우스!,80
7801,잘돼가나?,80
7802,사장님.,80
7803,"어허, 시방은 사장님이 아니여. 대장님이란께.",80
7804,아따 뭔 잔치라도 벌린 줄 알것네 참말로.,80
7805,두려워서 그런 거야. 혼자가 아니라는 걸 느끼고 싶으니까.,80
7806,.......,80
7807,"저, 궁금한 게 있습니다.",80
7808,뭔가?,80
7809,전 하나뿐인 동생을 잃고 이렇게 나왔어요. 저 사람들도 마찬가질 겁니다. 근데..... 사장님....아니 대장님은 무슨 이유로.....,80
7810,사실 이제 와서야 군복 벗은 걸 후회하고 있네.,80
7811,.........,80
7812,작은 불씨 하나가 온 산을 태워버릴 수도 있어. 그 불씨를 보고도 외면했던 걸 나중에야 땅을 치고 후회하지. 하지만 어쩌겠나 불은 점점 번져 온 산을 삼키려드니 손발 걷어붙이고 끌 수밖에.,80
7813,수고가 많아 박간호사.,80
7814,아버지......,80
7815,도청 의료진으로 자원한 거니?,80
7816,.......,80
7817,잘 했다. 그러잖아도 얼굴보기 힘들다했는데. 피곤해 보이는구나.,80
7818,아니에요. 괜찮아요.,80
7819,모두가 힘든 상황이니 네 몸은 네가 알아서 챙겨라.,80
7820,근데요....마지막엔 어떻게 될까요?,80
7821,네?,80
7822,그때 보다 만 영화 말이에요. 이주일 진짜 웃겼는데..... 그거 있잖아요. 캉캉춤 추는 장면. 아 진짜 웃겼죠?,80
7823,.......,80
7824,웃으니까 좋네요. 신애씨 웃는 거 보니까 왠지 힘이 불끈 솟는데요.,80
7825,.......,80
7826,저한테 힘을 좀 주세요. 저 아직 할 일이 많거든요.,80
7827,어떤 새끼부터 죽고 잡냐? 너여?!,80
7828,"나는 우리 형님 죽었어. 형수, 조카 다 뒈저부렀어.... 근디 인자 와서 총을 내 놓으라고?",80
7829,이봐 용대....그란다고 같은 편한티 총을 들이대믄 우짜는가.,80
7830,너도 콱 뒈지고 싶냐?! 월남빵우새끼야?! 같은 편은 무신 같은 편이여? 이것들 분명 공수놈들 뿌락칠 것이구만....손 똑바로 안 들어!,80
7831,무슨 일이야?!,80
7832,수습위서 총기 반납을 결정했담서 야들이 총을 내놓란께 요래 팍 돌아버리는 구마이. 아따 간 떨리는 거이.,80
7833,이것이 말이 되는 거여?! 수습위 즈그가 뭐인디?! 어이 민우! 나으 말이 틀렸는가?!,80
7834,이것 봐! 우리 요구사항이 먹히질 않는데 무기를 반납해봐. 그 다음은 뻔해! 그렇게 당하고도 모르겠나?,80
7835,제 말도 결국은 같은 뜻입니다. 만약 무기를 반납하지 않으면 무력으로 진압을 하겠다는 계엄군 측의 공식적인 입장이 있었지 않습니까?! 더 이상 피를 보아선 안 됩니다. 그렇지 않습니까?!,80
7836,나....당신들처럼 대단한 사람 아니고 그냥 광주 시민 그냥 대한민국 국민의 한 사람으로서 한 마디 하겠습니다.,80
7837,......,80
7838,저들은 지금! 우리 손에 총을 쥐어주고선 우릴 폭도라고 하고 있습니다. 지금 총을 내놓으면 먼저 죽은 사람들은 영원히 폭도가 되어버립니다. 우리가 폭도가 아니란 걸 밝힐 수 있는 길은! 끝까지 싸워서 이기는 것뿐입니다!! 아시겠습니까?!,80
7839,총기를 반납하자는 건 수습위원들만의 의견은 아닌 것 같아. 자진해서 총기를 도청에 놓고 가는 시민들도 적지 않아.,80
7840,그럴려면 진작에 총을 들지 말았어야죠. 안 그래요?,80
7841,하루빨리 일상으로 돌아가고 싶은 마음이 더 큰 거지.,80
7842,"광주시민 여러분, 지금 부상당한 우리의 부모형제들이 피가 모자라 사경을 헤매고 있습니다. 여러분, 가까운 병원이나 도청으로 오셔서 헌혈을 해주시기 바랍니다.",80
7843,자넨 애인 있나?,80
7844,.....있죠.,80
7845,그래?,80
7846,얼굴 예쁜 건 둘째 치고 마음씨가 비단 결이죠. 천사예요 천사. 대장님은 자녀가 어떻게 되세요?,80
7847,무남독녀 외동딸.,80
7848,"야, 무척 귀하신 따님이네요.",80
7849,귀하다 뿐인가. 지 애미 일찍 여의고도 어두운 구석 하나 없이 잘 컸어.,80
7850,예뻐요?,80
7851,"글쎄, 난 잘 모르겠는데. 주위에선 왜 미스코리아에 안 내보내냐고 난리야.",80
7852,어머니를 많이 닮았나보군요.,80
7853,........,80
7854,어쨌거나.... 이젠 사랑하는 사람을 혼자 보내진 않을 겁니다. 반드시 꼭.....끝까지 지켜줄 겁니다.,80
7855,보급반이다. 아따 반가븐거. 싸게 와야 배고파 뒈지것구만!,80
7856,어제 송암동 쪽에서는 난리가 났담서?,80
7857,"응, 공수놈들하고 전교사 부대원들하고 한판 붙었다더마.",80
7858,뭐여? 그라믄 전교사는 우리 편이란 말이여?,80
7859,아냐. 이동 중에 서로 오인 사격을 했나봐.,80
7860,"병신 같은 노무새끼들 인자는 지들끼리 쏴불고 별 염뱅을 다하는 구마이. 참, 시방 시내로 들어갈 거이제? 나 쪼까 태워줄란가? 어차피 교대시간도 다 되았고. 나가 찾을 사람이 쪼까 있어가꼬.....",80
7861,혹시 집에 가라고 할 거면 나 형하고 얘기 안 해요.,80
7862,만약에 싸우다가 너 혼자 남게 되면 당장 총 버리고 아무 집이나 들어가 꼭 숨어있어. 알았니?,80
7863,싫어요.,80
7864,니들은 왜 이렇게 말을 안듣니?,80
7865,알았어요.....,80
7866,민우형.....,80
7867,조심해라.,80
7868,뭐하세요?,80
7869,"아, 신애씨. 뒤에 감춘 건 뭐죠?",80
7870,"와, 진짜 크다. 같이 먹어요.",80
7871,사과 잘 쪼개면 연애박사라던데.,80
7872,정말요?,80
7873,이거 되게 맛있네.,80
7874,"리듬을 타란 께, 시방 이 노래는 부루슨께 부드럽게.",80
7875,이 노래는 찻잔이여 노고지리으 찻잔.,80
7876,"무식은 자랑이 아니여 월남방위. 자, 거그서 턴!",80
7877,턴?! 워디로? 왼짝으로? 오른짝으로?,80
7878,뒷다리가 빠졌은 께 왼짝으로 돌아야제!,80
7879,요...요렇게?!,80
7880,"자, 하나 둘 셋에 찍습니다이. 하나 둘 세....셋. 셋. 뭐시여 이거.",80
7881,"아, 죄송허요. 요것이 공수놈들이 버리고 간 거이라. 쪼까 문제가 있는 갑소...보자...이것도 군용이라 안전장치가 있는 겨 뭐여. 아, 되았네. 자....다시 한번 갑니다이. 자, 하나....두....잠깐만요이.",80
7882,"그라고 보자......구도상으로 문제가 있은께 나가 재배치를 쪼까 하것습니다이. 어이, 키 큰 자네는 뒤로 가고.... 뒤에 신부님, 머리통 밖에 안 보인께 싸게 내려옷쇼.",80
7883,간호사 선상에서 갑자기 팍 연령대가 튀어버린께 쪼까 그려요이. 섭섭하덜 생각지 마시고.....보자...딱 되았네. 이거 뭔 결혼식 사진 같구마이. 좋아이.,80
7884,아따 인상들 펴요! 뭔 현상수배 사진 찍소?,80
7885,이것이 어제 날짜로 미국서 나간 신문이요. 인자 전 세계가 광주서 뭔 일이 일어났는지 다 알게 되았다 이거요. 이것을 나한티 전해주는 그 외국기자가 그럽디다. 5일만 버티면 우리가 이길거이라고이.,80
7886,그라고 또 있소. 시방 부산항으로 미국 항공모함이 오고 있다더마요. 결국에는 전두환이으 만행을 미국이 그냥 보고만 있지 않는다 이겁니다.,80
7887,우리 좀 더 냉정해집시다. 미국이 항공모함을 부산으로 입항 시키는 건 우리를 위해서가 이니오. 미국이 우리 편이라면 진작에 이런 일은 일어나지도 않았을 거요. 5일만 버티면 우리가 이긴다? 그 말은 어쩌면 우리에게 남은 시간이 5일뿐이라는 뜻일 거요. 5일 안에 저들은 끝장을 볼 거란 소리란 말이오! 아시겠소?!,80
7888,"야, 눈에 힘 빼고 쉬어. 개미새끼 한 마리 없는디 뭘 그래쌌냐?",80
7889,경계근무는 항상 긴장을 늦추지 말랬어요.,80
7890,"야, 너는 어린놈이 무섭지도 않냐?",80
7891,무서울 거 하나도 없어요. 어차피 희망이 없으니까.,80
7892,뭐여? 어린 놈이 말하는 것 좀 보소. 새파란 놈이 희망이 왜 없어? 너그 같은 놈들은 희망을 품고 끝까정 살아야 헌단께.,80
7893,살아서 뭐해요.,80
7894,음마? 너그가 살아서 야그를 해줘야제. 우리가 어찌케 억울한 개죽음 당했는가 세상 사람들한테 알려야제. 어차피 나 같이 무식한 양아치 말은 믿어주덜 안헌께. 한자라도 더 배운 너그가 말해야 혀. 나으 말 알 것냐?,80
7895,저것 봐요!,80
7896,대장님 말이 사실일까이?,80
7897,"글쎄, 믿고 싶진 않지만 맞는 말 같애.",80
7898,그라믄 참말로 공수놈들이 확 쳐들어오믄 어떡할 것이여?,80
7899,겁 하나도 안 난다. 우린한텐 TNT가 있잖아. 죽고 싶으면 쳐들어오라고 그래.,80
7900,"야, 공수놈들이 우리가 TNT가 있는지 어떻게 안다고 그려?",80
7901,대장님 어디 계시죠?,80
7902,아따 숨 넘어 가것네. 뭔 일이댜?,80
7903,지원동 입구에 공수부대 탱크가 진입을 하려한데요.,80
7904,사령관님....,80
7905,글쎄 일단 외각 진입로만 확보하고 상황을 지켜보자구.,80
7906,더 이상 무슨 상황을 지겨봅니까? 위에선 지금 우리더러 뭐라는 줄 아십니까?,80
7907,"이봐, 폭도들이 TNT를 확보하고 있다는 정보가 있어요. 만일의 사태가 생길 경우 이리 폭발사고의 수십 배야.",80
7908,그 따위 유언비어를 믿으십니까?,80
7909,이 친구가 지금 눈에 뵈는 게 없나.......,80
7910,"사령관님, 당장 시내로 계속 밀고 들어가야 합니다.",80
7911,이걸 폭도 새끼들이 보내왔단 말이야?,80
7912,"네, 이런 궤짝이 도청지하 창고에 가득하다고 합니다.",80
7913,이래도 유언비어야?! 당장 탱크 빼라고 해!,80
7914,"대장님, 들었지라? 땡크들 전부 대가리 돌려가꼬 물러갔다는 구만요. 아따, 고놈 새끼들 금방 꼬리 팍 내릴 것임서 까불고 자빠졌어이.",80
7915,누가 보냈지?,80
7916,TNT를 보낸 게 누구야?,80
7917,시방 그것이 중요한 것이 아니고요....,80
7918,자넨가?,80
7919,제가 보냈습니다.,80
7920,감히 목숨가지고 장난을 쳐?!,80
7921,탱크로 밀고 오는데 그럼 어쩌란 겁니까?... 그러는 대장님은 뭘 하셨습니까?,80
7922,니가 한 짓이 어떤 건지 알기나 해? 진짜 폭도가 되고 싶은 거야?,80
7923,방금 뭐랬습니까? 어디 다시 한 번 말해보세요!,80
7924,왜 그렇게 힘들게 살아? 그 나이쯤 되면 세상 순리대로 따를 줄도 알아야지. 전장군께서 자넬 얼마나 이뻐하셨나? 근데 자네 지금 이 꼴이 뭐야?,80
7925,군은 이미 그 자체로 하나의 큰 조직이야. 그 속에 또 다른 조직이 있다는 건 말이 안 돼.,80
7926,그 조직이 지금 새 역사를 쓰고 있어. 그걸 알아야지.,80
7927,피로 쓴 역사는 반역에 불과해.,80
7928,말 좀 가려서 하지. 옷 벗었다고 그게 끝인 줄 아나? 자네 처지를 생각해.,80
7929,전장군을 만나게 해주게.,80
7930,뭐?,80
7931,자네들 그 작전..... 감행이 되면 절대 안 된단 말일세. 시민들은 TNT를 마지막 보루로 믿고 있어.,80
7932,그 따위 협박은 꼰대들한테나 먹히지 나한텐 어림도 없어. 어깨에 별 달았다고 다 같은 별인 줄 아나?,80
7933,"이봐, 저 사병들을 봐....자네 새끼들까지 다 죽어!",80
7934,자전거 알지 자전거. 자전거도 보험에 들 수 있어. 근데 항공모함은 보험에 들어주질 않아. 왠 줄 아나?,80
7935,.......,80
7936,항공모함은 군사용이거든. 군사용이란 게 그런 거야. 군인이란 게 바로 군사용 인간 아냐?,80
7937,......,80
7938,TNT? 터뜨려 버리라고 해. 광주가 통째로 날아간다며? 그래주면 우린 고맙지.,80
7939,내가 자네에게 어려운 부탁 하나 해도 되겠나?,80
7940,부탁이라뇨....차라리 명령을 내려주십시오.,80
7941,시간이 많지 않아. 서둘러 주게.,80
7942,니들 뭐야?! 물러서! 움직이지 마!,80
7943,신경 쓰지 말고 계속 하게.,80
7944,손가락 하나 까딱해봐 그냥 당겨버린다.,80
7945,그 총 치워. 자칫하면.....,80
7946,저 놈들 하고 한 통속이었습니까?,80
7947,자네 맘대로 생각하게. 이걸 건드리는 날엔 우린 진짜 폭도가 돼. 놈들이 원하는 게 그거야.,80
7948,말장난하지 마십시오. 폭도가 아닌데 어떻게 폭도가 됩니까?! 죽는 게 그렇게 두렵습니까? 총에 맞아 죽으나 터져 죽으나 그게 그겁니다.,80
7949,죽어서 뭘 어떡하겠다는 거야?,80
7950,죽기를 각오하자고 한 건 당신이야!,80
7951,"죽기를 각오한 그 마음, 단 한 번도 흔들린 적 없다. 자, 당겨라......",80
7952,.......,80
7953,어서 당기라니까!,80
7954,........,80
7955,단 이것만은 명심해. 무사히 집으로 돌아가기를 바라는 사람들..... 간절하게 살아남기를 원하는 사람들.... 그런 사람들이 더 많다는 사실..... 여기 살아야 할 이유가 없는 사람은 아무도 없어.,80
7956,.......,80
7957,우린 살기 위해 총을 들었을 뿐이야.,80
7958,수고들 했네.....가는 길은 내가 봐주겠네.,80
7959,뵙게 되어서 영광이었습니다.,80
7960,더 이상 미룰 수 없습니다. 이미 해외 언론에도 알려진 상태라 사태가 장기화되면 곤란하지 않습니까?,80
7961,........,80
7962,오히려 위쪽에서 연락을 기다리고 있을 지도 모릅니다. 그만큼 사령관님을 지켜보는 눈이 많다는 얘기겠죠. 기회를 놓치지 마시길 바랍니다.,80
7963,수습위에 최후 경고 시한 통보하고 익일 자정을 기해 투입해.,80
7964,그 미스리는 어떻게 되았냐? 찾았어?,80
7965,모르것어. 시내 순찰 돌 때마다 살짝 가봤는디 다방문을 닫아 논께 누구헌티 물어 볼 수도 없고. 참말로....죽었는지 살았는지....,80
7966,공수다!! 공수놈들이 쳐들어온다.,80
7967,뭐여? 공수새끼가 여그를 어떻게 들어왔어?!,80
7968,손 바짝 들란께?!,80
7969,손들 필요 없어! 그냥 쏴부러 씨발!,80
7970,잠깐만요! 일단 우리가 먼저 무장해제를 하겠소.,80
7971,"어쭈, 씨부랄놈 엄청 신사적으로다 나오네이.",80
7972,일단 차에서 내려!,80
7973,그냥 쏴 버려 씨발노무새끼덜!!,80
7974,그만 둬!,80
7975,이젠 돌이킬 수 없는 상황입니다.,80
7976,........,80
7977,주 타격 목표는 도청입니다. 부디 그 시간까지 여길 피하셔야합니다.,80
7978,......,80
7979,대장님......,80
7980,고맙네.,80
7981,"여러분, 어서 집으로 돌아가세요. 오늘 밤 계엄군이 들이닥칩니다!",80
7982,여러분! 우린 할 만큼 했습니다. 제발 돌아가세요.,80
7983,너나 꺼져 이 썅노무새끼야! 잘난 척 함서 설칠 쩍은 언제고 이제 와서 뭐시가 워쩌?,80
7984,아니야.....,80
7985,떠날 사람은 지금 당장 떠나도 좋습니다. 그렇다고 해서 절대 비겁자가 아닙니다. 각자의 선택일 뿐이니 잘 생각하기 바랄 뿐입니다.,80
7986,......,80
7987,지금부턴 어떠한 권유도 하지 않겠습니다. 함께 죽을 각오로 싸울 사람만 남으십시오.,80
7988,동칠이 아부지요. 내 말 쫌 들으소.,80
7989,어허! 언능 집에 들어가란께. 난 안죽어야!,80
7990,아따 참말로 창피스럽게 자꾸 이럴 거여?!,80
7991,형....그만 돌아가.,80
7992,그려 도청은 우리한티 맡기고 가정을 지키란께.,80
7993,고맙습니데이. 동칠아부지 퍼뜩 가입시다.,80
7994,아따....씨발.... 미안허다. 참말로 쪽팔리고 미안혀.,80
7995,무슨 소리야. 어서 가기나해.,80
7996,아참 월남방위! 이거 받어. 요것은 황금다방 미스리한티 꼭 좀 전해줘이. 외상값하고 편진께 뜯어보덜 말고이. 그라고 요것은 접때 나가 실수헌 세차비여.,80
7997,뭐여? 왜 이려 시방?,80
7998,아따 빨리 가란께.,80
7999,"어허, 이러지말어.",80
8000,제발 부탁입니다. 신애씨. 돌아가세요. 이제 다 떠나고 남을 사람만 남았어요.,80
8001,저도 남을 사람이라구요.,80
8002,신애씨가 남을 이유가 뭡니까?,80
8003,몰라서 물으세요?,80
8004,........,80
8005,그날 그 일.....한 순간도 잊혀지질 않아요. 내가 할 수 있는 일은 이것 밖에 없어요. 시민군이든 계엄군이든..... 아파하면서 죽어가는 사람들....곁에 있어주는 거....,80
8006,이러시면 제가 더 힘들다는 거 모르세요? 그때 절 왜 구했어요? 차라리 그냥 모른척하고 도망가지 그랬어요?,80
8007,.......,80
8008,전요......,80
8009,........,80
8010,내가 사랑하는 사람! 다시는 그렇게 혼자 떠나보내지 않을 거란 말입니다! 아시겠어요 신애씨!,80
8011,미안하다 진우야......,80
8012,애인은 떠나보내고 자기는 사지에 남는다. 그럼 그 애인은 결국 혼자가 되겠구만.,80
8013,.......,80
8014,박신애 간호사가 자네 애인이었나보구만.,80
8015,이젠 남의 얘기까지 엿듣습니까?,80
8016,박간호사.....예쁜 건 둘째 치고 마음씨가 비단결이지.,80
8017,지금 뭐하자는 겁니까?,80
8018,근데 고집이 황소고집이야 그 친구.,80
8019,........?,80
8020,내 딸을 사랑하나?,80
8021,.......,80
8022,대답하게. 신애를 진심으로 사랑하나?,80
8023,........,80
8024,신애를 데리고 여기서 나가라.,80
8025,대장님.....전....,80
8026,사랑하는 사람을 다시는 혼자 보내지 않겠다며.,80
8027,그럼 대장님은 왜 남습니까?,80
8028,난 저들을 여기로 끌어들였다. 내 목숨이 붙어 있는 한 저들과 같이 해야 해.,80
8029,대장님....,80
8030,내 말 들어라 강민우.,80
8031,제발 나가란 말씀은 말아주세요. 아버지도 여기 계실 거잖아요.,80
8032,그래 알았다. 정 그렇다면..... 끝까지 네가 맡은 소임을 다 하거라.,80
8033,신애야.....,80
8034,.......,80
8035,아니다....어서 가거라.,80
8036,제가 같이 갈께요.,80
8037,지금 즉시 정문을 봉쇄하라. 이 시간 이후로는 절대 출입을 엄금한다.,80
8038,아버지! 안 돼요 제발! 아버지......,80
8039,다시 한 번 말한다. 이 시간 이후로 어느 누구의 출입도 허용하지 않겠다.,80
8040,아버지!,80
8041,다들 겁 난께 집에 꽁꽁 숨었는갑소. 여그선 방송을 해봤자 소용이 없을 거인디 주택가 쪽으로 가봐야 쓰것구먼. 안 그러요?,80
8042,네 그래야겠네요.,80
8043,차 좀 세워줘요.,80
8044,여그서?,80
8045,"신애씨, 난 이만 돌아가 봐야겠어요. 아버님은 제가 꼭 지켜드릴테니 걱정 마시구요.",80
8046,.......,80
8047,그리고 이거.....,80
8048,이거 사실 제 꺼 아니거든요.,80
8049,........,80
8050,진짜 주인한테 돌려주는 겁니다.,80
8051,강민우씨!,80
8052,내일 아침 저 데리러 와 주실거죠?,80
8053,뭐라구요?,80
8054,내일....아침도 저 데리러 와 달라구요!,80
8055,그럼요! 기다리세요 신애씨!,80
8056,탄약이 많지 않다. 사격명령을 철저히 따르도록.,80
8057,신애씨도 부탁을 하더라구요. 대장님을 꼭 지켜달라고요.,80
8058,뭐야?,80
8059,죄송하지만 신애씨 부탁이 더 중요하거든요.,80
8060,.......,80
8061,아무 걱정 마십시오. 제가 지켜드리겠습니다.,80
8062,"여러분, 지금 계엄군이 시내로 쳐들어오고 있습니다.",80
8063,사랑하는 우리 형제자매들이 계엄군의 총칼에 죽어가고 있습니다.,80
8064,우리 모두 일어나서 계엄군과 끝까지 싸웁시다.,80
8065,우리는 최후까지 싸울 것입니다.,80
8066,우리는 광주를 지키고야 말 것입니다.,80
8067,"광주시민 여러분, 우리를 기억해주십시오.",80
8068,모두 옆에 있는 사람 얼굴을 보십시오.,80
8069,오늘 밤 거룩한 전투를 함께할 전우들입니다. 나의 얼굴은 전우의 거울입니다. 하니 모두 그 얼굴에서 두려움을 지워버리십시오!,80
8070,우린 살기 위해 싸우고 이기기 위해 싸우는 것입니다! 그러니 당당하게 끝까지 맞서 싸웁시다!,80
8071,썰렁한 거이 본께 맴이 아프구만 맴이 아퍼.,80
8072,돗대기 시장마냥 뽁짝거리더만 이거 뭐여?,80
8073,"신부님, 어쩐 일이십니까?",80
8074,나? 주님 만나러 안 왔소.. 여그서 화끈하니 한판 붙어불고 천국 갈라고. 뭣하요? 나도 총 한 자루 주소.. 좋은 놈으로다가.,80
8075,기분이 착찹하니 거시기 하네.,80
8076,자네 고향이 화순이랬제?,80
8077,화순 맞제. 지금 쯤 우리엄니 코 들들 곰서 자고 있을 거인디.....,80
8078,아따 나도 엄니 보고 잡네..... 우리 고향을 봄서 큰절이나 올릴꺼나?,80
8079,그럴까나.,80
8080,"아차, 해가 저쪽에서 뜬 께....이짝이 아니구만.",80
8081,"아따, 똑바로 좀 못 해. 뭔 제사 지내남? 절을 두 번이나 하게?",80
8082,"근디 너는 화순이람서? 이짝은 담양 방향이여, 너는 북쪽이란께.",80
8083,"아, 그려?",80
8084,자네 부친은 언제 돌아가셨다고 했지?,80
8085,제가 열두 살 때요.,80
8086,그럼 아버지라 불러본지도 꽤 오래 됐겠군.,80
8087,......,80
8088,......민우야.,80
8089,.......,80
8090,넌 꼭 살아야 한다.,80
8091,.......,80
8092,사는 게 곧 희망이고 희망은 소중한 거니까....알겠니?,80
8093,우리집 뒷에 개울이 하나 있는디 시방 가믄 엄청 시원할 것이오. 거그다가 수박이니 참외니 담가서는 건져 먹고 그랬은께....,80
8094,나의 살던 고향은 꽃피는 산골......,80
8095,복숭아 꽃 살구꽃 아기 진달래.....,80
8096,울긋불긋 꽃 대궐 차리인 동네 그 속에서 놀던 때가 그립습니다.,80
8097,꽃동네 새동네 나의 옛 고향 파란들 남쪽에서 바람이 불면,80
8098,냇가에 수양버들 춤추는 동네 그 속에서 놀던 때가 그립습니다.,80
8099,폭도들은 들으라. 너희들은 완전히 포위됐다. 무기를 버리고 투항하면 목숨을 살려주겠다.,80
8100,본관 1층 완전히 뚫렸어라! 다 죽었단께요! 2층으로 막 쳐들어 올라 오고 있어요.,80
8101,일단 전원 옥상으로 후퇴해! 후문 나오라! 후문!,80
8102,시민군 여러분... 여기서 살아남으시는 분이 지지직... 계시면 제 이름을 기억해주세요. 저는 이.재.선입니다..,80
8103,"광주시민 여러분, 우리를 기억해주세요.",80
8104,기동타격대 3조 조장 성용준입니다. 다들 수고하셨습니다. 지지직... 지지직...용준아...고마웠다이...지지직... 박흥수 대장님.....살아 계신게라? 나 보급반...문주성이요.,80
8105,"광주시민여러분, 부디 우리를 기억해 주세요. 우리가 어떻게 싸우다 죽어갔는지 잊지 말아주세요.",80
8106,지지직.....광주일고 3학년 3반 35번 한민재입니다. 대한민국 만세! 광주시민 만세!,80
8107,이 새끼....거짓말 했어....대학생이라더니...,80
8108,나 제5타격대 장용대요....지지직..... 내말 들리시오? 혹시 살아나가거들랑 황금다방 미스리 헌티 나 인간 장용대가 겁나게 사랑했다고 좀 전해 주시오....,80
8109,용대 괜찮은가?,80
8110,대장님이셔요? 괜찮덜 안혀요.....두어 방...맞았어라... 아따 겁나게 아프구만요이....나....지하에 있는디요....,80
8111,위치 말 하지마! 이거 저쪽에서도 다 듣고 있어.,80
8112,괜찮여요....씨발....공수부대 병신들아... 쏠라믄 한 방에 죽일 것이제 이거 뭐여? 최정예 공수특전단이 총솜씨가 이래가고 쓰것냐? 대장님.....듣고 있소? 정말 고마웠어요이. 덕분에 양아치 장용대도 인간이란 거이를 느꼈은께요.... 고맙습니다이.....그라고 인봉이 성! 성은 처자가 있은께 시방 언능 항복하쇼. 인봉이성! 살았는가 죽었는가 어찌 대답이 없어?!,80
8113,용대! 용대!,80
8114,곧 여기로 몰려 올 거야. 어서 여기서 나가.,80
8115,싫습니다.,80
8116,내 말 들어! 어서 나가!,80
8117,여기 있을 거면 저도 여기서 싸울 겁니다!,80
8118,지금 뭐하는 겁니까?!,80
8119,그리로 곧장 가면 도청 뒷길로 통하는 작은 문이 나올 거야. 나가는 즉시 총을 버리고 어디든 숨어라.,80
8120,이러지 마세요. 어서 문 열어요!,80
8121,민우야.....,80
8122,.......,80
8123,우리 신애....잘 돌봐줄 수 있지? 부탁한다.,80
8124,.....아버님.,80
8125,대장님?,80
8126,.......,80
8127,왜...왜 아직도 여기 계시는 겁니까?! 왜 돌아가지 않으셨습니까......,80
8128,내가 그렇게 가르쳤나? 김대위.... 적을 앞에 두고 도망가라고?,80
8129,....대장님.,80
8130,투항하면 살려준다.,80
8131,폭도는 총을 버려라!,80
8132,마지막 경고다. 폭도는 지금 당장 총을 버려!,80
8133,아니야....우린.....,80
8134,우린 폭도가 아니야 이 개새끼들아!!,80
8135,"사랑하는 광주시민 여러분, 저희를 잊지 말아주세요.",80
8136,"열중 쉬어. 차렷, 교장선생님께 대하여 경례. 바로 열중 쉬어",90
8137,이어서 애국가 재창이 있겠습니다. 애국가는 1절부터 4절까지.,90
8138,전체 차렷.,90
8139,"아저씨, 얼굴이 좀 이상하게 나왔어요.",90
8140,번호판이 하나도 한 보이네.,90
8141,왜 웃어요?,90
8142,할 수 없죠 뭐. 아저씨 필름 좀 넣어 주세요.,90
8143,필름을 넣을 줄 몰라요 ?,90
8144,좀 해주세요.,90
8145,이리 와봐요. 가르쳐 줄테니 잘 들어요,90
8146,"설명은 듣지 않고.. 아가씨, 셔터 누를 때 숨을 멈춰.",90
8147,니가 알아서 잘 좀 골라 봐.. 이따가 병원에서 연락할께.,90
8148,아버지 친구분들이 영정 사진보고 막 웃으시더라구 예날 생각이 났나봐,90
8149,너무 젊었을 때 사진을 썼나 ?,90
8150,아니야 한참 잘나갈 때 사진이라서 당신도 좋아하셨을거야,90
8151,여기서 뭐해요?,90
8152,한참 기다렸어요.,90
8153,....,90
8154,이따가 오면 안돼요 ?,90
8155,이거 급한거니까 빨리 찾아오래요. 얼마나 걸려요 ?,90
8156,아까 저 때문에 화났었죠 ?,90
8157,"아침부터 혼나고, 너무 더워서 그래요.",90
8158,이리와 앉아요.,90
8159,더운건 정말 싫어요,90
8160,난 좋은데,90
8161,이번 사진은 어떻게 나올지..걱정된다. 이번에도 촛점이 안맞으면,90
8162,뭐하다가 이렇게 늦게 들어오냐.,90
8163,여기있는 애가 내가 찍은 애예요.,90
8164,이 애는 내꺼예요.,90
8165,뻥가고 있네. 이게 어디 예쁘냐? 아저씨 얘가 더 예쁘죠?,90
8166,이 걸 확대하면 좀 흐리게 나올텐데.,90
8167,괜찮아요.,90
8168,너는?,90
8169,난 좀 많아요.,90
8170,너 내꺼 건드리지마.,90
8171,야 야. 싸우지들 마라. 너희들 이 여학생들한테 말이나 걸어 봤어?,90
8172,자식들.. 알았어. 내일 와라.,90
8173,어른이나 애들이나 남자들은 왜 그래요?,90
8174,왜. 남자가 여자를 좋아하는 게 나쁜가? 그래도,90
8175,아저씨는 그런 것도 해 줘요?,90
8176,이 사진들 다 아저씨가 찍은 거예요?,90
8177,이 사진은요?,90
8178,아버지가 찍으신 거예요. 지금은 눈이 나빠지셔서 사진을 찍으면 포코스가 잘 안맞아요,90
8179,나랑 비슷하시네.,90
8180,이런 사진찍기는 굉장히 힘들 것 같은데 ..,90
8181,학생때 찍은건데..저런 인물사진 찍기가 더 힘들어요,90
8182,벌이가 좋네요.,90
8183,아저씨는...,90
8184,오늘은 급한거 아니죠 ?,90
8185,괜찮아 이리줘,90
8186,아저씨가 쓰는 카메라 얼마쯤 해요 ?,90
8187,어떤 카메라 ?,90
8188,있잖아요. 노란 끈 달리고 사진기 앞에 대포처럼 튀어나온거,90
8189,왜요?,90
8190,그냥요.. 그런거 가지고 다니면서 단속하면 사람들이 무시 못할꺼예요,90
8191,좀 쉬었다 가도 돼죠 ?,90
8192,사자자리죠 ?,90
8193,...,90
8194,생일이 팔월 아니에요? 사자자리가 나랑 잘 맞는데...,90
8195,이십대 후반,90
8196,삼십대구나? 그렇게 말하는 거 보니까. 완전히 아저씨네,90
8197,벌서 애가 둘인데.,90
8198,아저씨 옷 입는 거 보면 알아요. 거짓말 마세요.,90
8199,어린 것이 별 걸 다 묻네.,90
8200,어린 것이라뇨. 기분나빠. 나 이제부터 십분만 잘테니까 말시키지 마요,90
8201,"그런데 아저씨, 왜 오늘은 반말해요.?",90
8202,할아버지!,90
8203,철구 오빠 아버님이 돌아가셨다면서?,90
8204,오빠 약은 시간 지켜 잘 먹지?,90
8205,밥 잘먹고 약만 꼬박꼬박 시간 지켜서 먹어도 병이 낫는다는데.,90
8206,아빠가 잘 감시하세요.,90
8207,의사는 별 말이 없어요?,90
8208,응.,90
8209,그 병원에 내가 아는 선배가 있더라구요. 형님 이야기를 했는데...,90
8210,오랜만이다.,90
8211,"그러게, 꽤 됐지?",90
8212,집에 왔니?,90
8213,응.,90
8214,옛날이나 지금이나 똑 같구나.,90
8215,그렇치 뭐.,90
8216,나 갈께.,90
8217,그래 잘가.,90
8218,저기 있잖아...,90
8219,왜? 보기 싫어?,90
8220,그런건 아니구...,90
8221,알았어. 치울께.,90
8222,고마워.,90
8223,아저씨. 어디가요?,90
8224,가게로 가는데.,90
8225,숙녀가 이렇게 무거운 걸 들고 가야 되겠어요?,90
8226,단골 손님인데. 뒤에 타.,90
8227,구청으로 가야되지.,90
8228,예.,90
8229,복수하려고 했는데.. 또 당했네.,90
8230,어지럽다면서 이젠 괞찬아요? 이것도 아저씨 마시세요.,90
8231,이젠 괞찬아.,90
8232,예전에 이 앞을 지나면 아카시아 냄새가 진동을 했었는데.,90
8233,아무말도 안하고요?,90
8234,응. 그냥 걷기만 했어.,90
8235,난 아직 연애 한번 제대로 못해 봤는데.,90
8236,좋아하는 남자 없어?,90
8237,다들 시시해요.,90
8238,좋아하는 사람을 만나면 달라질걸.,90
8239,모르죠. 어느 세월에.,90
8240,이건 열무김치니까 냉장고에 두고 삼일 후부터 꺼내 먹고.,90
8241,수고했다.,90
8242,나 갈께. 버스정류장까지 바래다 줘.,90
8243,수박 먹고 갈래?,90
8244,그럴까?,90
8245,낮에 지원이 집에 잠깐 갔었어.,90
8246,지원이 생각만 하면 마음이 아파.,90
8247,그런 얘기 이제 그만해,90
8248,그래도 안된걸 어떡해. 새파랗게 젊은 나이에 ..,90
8249,...오래전 얘기야,90
8250,생각나 ? 오빠 고등학교 다닐 때 책갈피에 지원이 사진넣어 다니고 그랫었잖아...,90
8251,오빠...,90
8252,"옛날 사진이 있는데, 이거 많이 구겨졌어요.",90
8253,어디 봐요.,90
8254,아줌마세요?,90
8255,예. 고등학교 때 무용을 했어요.,90
8256,사진이 많이 상했네.,90
8257,"무용할 때 사진은 이것 밖에 없는데, 애기가 이렇게 해 놨어요.",90
8258,걱정마세요. 새 사진으로 만들어 드릴께요.,90
8259,고마워요.,90
8260,깜짝 놀랐네. 언제 들어 왔어?,90
8261,몰래 살금살금.,90
8262,커피 줄까?,90
8263,안돼. 밤에 잠을 못자.,90
8264,정숙이가 찾아갔었다며.,90
8265,응. 오늘이 8월 15일이야.,90
8266,그래 난 아직도 오늘이 되면 방학이 끝나간다는 생각이 들어.,90
8267,맞아 이맘때부터 일기쓰고 숙제하기 바쁘지,90
8268,너 생각나니?,90
8269,뭐,90
8270,내가 니 일기보고 날씨 베낀거,90
8271,맞아 정숙이꺼 보고 베기지 왜 내 껄 보냐고 싸웠지.,90
8272,그때가 벌써 이십년전이네,90
8273,그래 눈감작할 사이에 어른이 되어버렸어,90
8274,욱영수 여사 죽은날 기억하니 ?,90
8275,응 그때 꽃밭에서 맨드라미를 보고 있었어.,90
8276,아픈 데는 없니?,90
8277,내가 물을 말인데.,90
8278,오빠는 이 동네에서 이십년이 넘게 살았는데 지겹지도 않아?,90
8279,모르겠어. 지겨운 것도 잊고 살아. 그냥 아무 생각 없어.,90
8280,여기를 다시 오게 될 줄은 몰랐어.,90
8281,왜 아직 결혼 안했어?,90
8282,너 기다리느라고.,90
8283,오빠. 많이 아프다면서?,90
8284,겉은 멀쩡해. 속에서 곪나 봐.,90
8285,심각해?,90
8286,"아저씨, 이거 오늘 꼭 맡겨야 돼요.",90
8287,출장가는 길인데 내일 오지 그래.,90
8288,안돼요. 급한거예요.,90
8289,그럼 저기 큰 길에 17분 완성에 갖다 맡겨.,90
8290,안돼요. 거기는 가기 싫어요. 아저씨..,90
8291,아저씨. 아이스크림 안 좋아해요?,90
8292,아니. 많이 먹었어.,90
8293,아저씨 외아들이죠.,90
8294,어떻게 알았어?,90
8295,형제가 많은 집에서 자란 사람은 먹는 거 보고 알아요.,90
8296,형제가 많아?,90
8297,우리 엄마는 뭐 한다고 그렇게 많이 낳았는지 몰라요.,90
8298,잘 봐요. 이렇게 똑같이 나누는 것부터 싸움의 시작이에요.,90
8299,아저씨 저기 저 여자요.,90
8300,왜 그런 생각을 했어?,90
8301,여자의 직감이죠.,90
8302,맞죠.,90
8303,아저씨는 웃는 걸로 다 떼울려고 해.,90
8304,아가씨랑 노니까 정말 재미있다.,90
8305,나도 아저씨랑 노니까 편해요.,90
8306,사진이 다 나왔겠는데.,90
8307,다른데 가서 먹자,90
8308,여기서 뭐해?,90
8309,너무 더워서 쉬고 있어요. 어디 갔다 오세요?,90
8310,응. 시장.,90
8311,아저씨가 시장엘 가요?,90
8312,난 음식 잘해.,90
8313,정말요?,90
8314,이거 마늘 쫑 아냐? 아저씬 이런 것도 할 줄 알아요.,90
8315,먹을 정도는 돼.,90
8316,다림인 자요. 오늘 일이 많았거든요.,90
8317,여기 괜찮치?,90
8318,너하고 이렇게 술마시는 것도 정말 오래간만이다.,90
8319,결혼한 뒤로 처음인 것 같은데.,90
8320,그래. 너 제대하고 할 일 없을 때 매일 갔던 그 술집 기억 나냐?,90
8321,학교 앞에? 주인 딸이 예뻣잖아.,90
8322,너 그 아가씨 따라 다니며 노태우 선거 운동까지 했잖아.,90
8323,"몇 해 전인 것 같은데, 벌써 10년이 지났어.",90
8324,그만큼 나이를 먹은 거야.,90
8325,한잔 더 해야지.,90
8326,그만하자. 내 몸이 예전같지 않아.,90
8327,자식 웃기네. 스물아홉 살 마지막에 너랑 나랑 뭐라 그랬냐?,90
8328,술 먹구 죽자!,90
8329,정원아. 우리 마누라가 이상한 말을 하던데.,90
8330,뭘?,90
8331,정숙이한테 들었다면서 뭐라고 하는데 도대체 무슨 일이냐?,90
8332,너한테 무슨 안 좋은 일이 있냐?,90
8333,웃지마 이 자식아,90
8334,술먹고 운전한 것도 죄냐? 가둘래면 가둬 새끼들아.,90
8335,"아저씨, 이런 말을 해도 될지 모르지만 난 이동네 민정당",90
8336,아저씨 앉아 계세요.,90
8337,민정당 조직책이면 뭐 어떻게 안되나.,90
8338,그래서 어쩌란 말이에요!,90
8339,민정당 새끼들은 다 도둑놈들이야. 사과박스. 사과박스.,90
8340,조용하세요.,90
8341,니미 씹이다. 조용히 하라구? 내가 왜 조용히 해.,90
8342,여보세요? 철구냐? ..... 파출소 갔었냐? .....,90
8343,"칠이사팔 세피아 칠이사팔, 세피아 차량 이동시켜주세요.",90
8344,육육칠팔 코란도 육육칠팔 코란도,90
8345,아저씨 뭐해요?,90
8346,일하고 있어,90
8347,나 들어가도 돼요?,90
8348,뭐라고 ?,90
8349,커피한잔 할까? 커피!,90
8350,알았어요 들어갈께요.,90
8351,왜 나만 보면 웃어요 ?,90
8352,귀여워서,90
8353,싱겁기는//,90
8354,아가씨 일하는게 힘들지?,90
8355,내 이름은 아가씨가 아니고 다림이에요,90
8356,힘들지 않아?,90
8357,뭐 그냥 그렇고 그래요. 사람 사는게 다 그렇죠. 자기 뜻대로만 살수 없드라구요,90
8358,참 나 애 늙은이네,90
8359,"아저씨, 사는게 재미가 없죠?",90
8360,나도 뭐 그냥 그래 ...,90
8361,고등학교때도 지금처럼 별 볼일 없었어요..그냥 그렇게 사소해요,90
8362,선물이예요,90
8363,근데 어떡하지 난 아무것도 줄게 없는데,90
8364,"얼굴을 조금만 왼쪽으로, 조금만 더 턱 좀 내리고..",90
8365,살짝 웃으면 더 예쁘겠는데,90
8366,어머니. 독사진 찍으세요.,90
8367,엄청나게 온다. 비가 오니까 한잔하고 싶어지는데요.,90
8368,괜찮죠.,90
8369,"다림씨, 같이 가는 거죠?",90
8370,난 술 못 마셔요.,90
8371,그러면 피자 먹으로 가는 건 어때요?,90
8372,아저씨.,90
8373,어.. 여기 웬 일이야.,90
8374,꼭 아저씨를 만날 것 같더라구요. 내 예감이 맞았어.,90
8375,잘 왔다. 우산 좀 빌려 줘.,90
8376,나는 어떡하라구요.,90
8377,그러면 사진관까지 나 좀 바라다 줘.,90
8378,맨 입으로?,90
8379,"아저씨, 이따가 일 끝내고 올꺼니까 술 사줘요.",90
8380,그래.,90
8381,저기.. 끝났어요?,90
8382,아뇨. 낮에 오신 분이시죠.,90
8383,부탁이 있어서 왔는데.,90
8384,아까 찍은 사진이 영 마음에 걸려서..,90
8385,다시 찍으시려구요?,90
8386,"내 나이가 여든 일곱이유. 이제 갈 준비도 해야 되는데,",90
8387,이리 오세요. 다시 찍어 드릴게.,90
8388,"곱게 나와야지, 죽은 다음에 애들이 그 사진으로 날 기억할 텐데..",90
8389,"할머니, 앉으세요.",90
8390,할머니 웃으세요.,90
8391,"웃어야 되는데, 이거 원..",90
8392,할머니. 영정에 쓸 사진이라고 생각하니 좀 쓸쓸하시지요?,90
8393,이제 나도 가는구나.. 이런 생각이지.,90
8394,할머니 잠깐만요.,90
8395,나레이션 시간이 얼마 안남았는데 나는 긴 시간이 거리는 사랑을 시작하고 있다.,90
8396,오랜만에 모이니까 좋구먼.,90
8397,철구가 연락했지?,90
8398,응. 너 하는 일은 잘 되냐?,90
8399,잘 모르겠어.,90
8400,정말 아차하면 끝이야. 서울역 지하차도가 남의 일이 아니라고.,90
8401,넌 일 좀 하냐?,90
8402,인생에 반을 살았는데 갈수록 어렵다. 장가가기도 힘들 것 같고.,90
8403,"그래, 따지고 보면 많이 살았어. 삼십사년이나 살았으니.",90
8404,여자는 있냐?,90
8405,없어.,90
8406,너 옛날에 그 아가씨는 참 아까웠는데..,90
8407,좀 웃어라 웃어. 누구 죽었냐.,90
8408,아버지 안 주무세요?,90
8409,야... 이거 정말 어렵구나.,90
8410,왜요?,90
8411,조금 있다가 콰이강 다리를 하는데 그걸 예약 녹화해야,90
8412,그거 보려고 아직 안주무셨어요?,90
8413,니 어미하고 봤던 영화잖아.,90
8414,제가 해드릴께요.,90
8415,이제 아버지가 한번 해 보세요.,90
8416,아저씨 어제 내가 안와 삐졌죠,90
8417,왜 안왔어?,90
8418,그냥 오기 싫어서 안 왔어요,90
8419,다시 한번 더요.,90
8420,화장했네.,90
8421,왜 보기 싫어요?,90
8422,아니.,90
8423,...,90
8424,혼자 술 마시려구요?,90
8425,다림이는 술 마시나?,90
8426,잘 마셔요.,90
8427,잘 됐네. 혼자 먹기도 그랬는데.,90
8428,여자랑 이렇게 술 마시는 게 오랫 만인데.,90
8429,혹시 처음 아니에요?,90
8430,아저씨 쉬는 날 뭐해요.,90
8431,잠자.,90
8432,하루 종일 잠만 자요?,90
8433,응.,90
8434,아저씨. 여자들이 재미없는 남자 싫어한다는 거 알아요?,90
8435,내가 얘기 안했나? 롯데월드에서 일하는 친구가 있거든요,90
8436,그거 굉장히 더울텐데..,90
8437,롯데월드가면 걔가 공짜로 표 얻어다 준다고 그랬거든요 근데...,90
8438,근데,90
8439,그냥 그렇다구요. 언제 한번 가긴 가야 되는데 시간이 나야 말이죠,90
8440,벌써 나왔어요? 남자가 역시 빠르기는 빠르구나.,90
8441,초소에서 내 바로 밑에 애하고 보초를,90
8442,큰일 났네. 내일부터 무서워서 이길을 어떻게 다니지.,90
8443,"어떨 때는 무섭고, 또 어떨 때는 안 무섭기도 해.",90
8444,"아저씨 말 들으니까, 갑자기 하나도 안 무서워지는데요.",90
8445,같이 식사해도 돼죠?,90
8446,앉으세요.,90
8447,"다림씨, 다음 주에 로테이션 되는 거 아시죠?",90
8448,잘 되었네요. 철이씨 얼굴 안 봐도 되니까. 그런데 어디로 간데요?,90
8449,아직 안 정해졌을 걸요. 다림씨는 무슨 섭섭한 말씀을 그렇게..,90
8450,그러다 둘이 정든다... 그러나 저러나 이번에는 어디로 가려나.,90
8451,떠나기 전에 술 한잔해야죠.,90
8452,이런 방 얻으려면 얼마나 있어야 돼?,90
8453,여긴 얼마 안해. 너 집 나오려고?,90
8454,응.,90
8455,그러면 너 나하고 합치자. 원룸으로 갈 수 있을 거야.,90
8456,괜찮기는 한데...,90
8457,너 귀신 이야기 해줄까?,90
8458,귀신 이야기?,90
8459,응. 너 귀신 봤어?,90
8460,아니,90
8461,귀신을 본 사람은 많아도 냄새를 맡은 사람은 별로 없을걸,90
8462,냄새 ? 우 와 귀신도 냄새가 있어?,90
8463,내 손 꼭잡고 들어봐,90
8464,"다림씨, 저 철인데요. 저. 연락 좀 주세요",90
8465,아버님. 빨리 가야 돼요. 여보. 간단하게 속옷만 챙겨요.,90
8466,아빠. 오빠 옷들이 어디 있어?,90
8467,그건 놔 둬라. 내가 할게. 너희는 어서 정원일 차에 태워라.,90
8468,아빠. 그릇하고 담요를 가져 가야지.,90
8469,너무 많이 가져가지 마라. 어떻게 될지 모르니.,90
8470,오빠. 깼어 ? 아프진 않지?,90
8471,응,90
8472,무슨 생각해,90
8473,갑자기 아카시아 냄새가 맡고싶어 아파트가 들어서기전 삼거리 동산이 있었잖아,90
8474,오빠 요새 ....어떤 아가씨하고 친하게 지낸다며?,90
8475,됐어 보고싶은 사람없어.,90
8476,사진 나왔어요.,90
8477,다림아. 너 취하겠다.,90
8478,다림씨 한잔 더 해요.,90
8479,좋아요.,90
8480,난 안따라 줘요?,90
8481,다림씨. 마셔요.,90
8482,"다림씨, 어디 가요?",90
8483,화장실 가요.,90
8484,그 주차단속원 아가씨 너 입원하고 안보이더라,90
8485,그만 뒀데?,90
8486,야 벌써 가을이 다 갔네.,90
8487,"내 기억속의 무수한 사진들 처럼, 사랑도 언젠가는 추억으로 그친다는 것을",90
8488,아... 결려.,90
8489,아 자식. 밤 샌 거 꼭... 이렇게 극적으로 티를 내요. 하튼 보면 영리해. 찜질방이라도 갔다 와. 미팅 2시니까...,90
8490,내가 건축주 만나 뭐해요?,90
8491,임마. 디자인 한 놈이 같이 가야지.,90
8492,... 나 옷도 없는데...,90
8493,양복 하나 갖다 놓으랬지!,90
8494,아 진짜! 사무실에서 피지 말라니깐! 간접흡연이 얼마나 안좋은데!,90
8495,그럼 직접흡연하는 난 얼마나 안좋겠니? 안그래? 보면 꼭... 지 생각만 하고.,90
8496,손님 왔어요.,90
8497,손님? 누구?,90
8498,몰라요. 팀장님 친구래요.,90
8499,내 친구? 친구 누구?,90
8500,그걸 내가 어떻게 알아요!,90
8501,오랜만이네.,90
8502,...,90
8503,동문주소록 정확하네. 혹시나 했는데. 근데 맞네.,90
8504,저기... 근데...,90
8505,... ?,90
8506,... 누구... 신지?,90
8507,나 몰라? ...... 세요?,90
8508,... ?,90
8509,저기... 옛날에... 대학 1학년때...,90
8510,어떻게 날 까먹어?,90
8511,에이. 까먹긴 뭘 까먹어. 하도 오랜만이니까...,90
8512,그래두. 나 별루 변한 것도 없는데.,90
8513,살은 좀... 찐 거 같은...,90
8514,...,90
8515,그래서... 무슨 일 해?,90
8516,그냥 방송일 조금.,90
8517,방송? 방송 뭐?,90
8518,케이블 같은데서 아침에 배도 타고 산도 오르고. 있어 그런 거.,90
8519,사는 덴 어디야?,90
8520,개포동.,90
8521,남편은 뭐하는데?,90
8522,... 동사무소에서 인구조사 나왔니? 지금.,90
8523,옛날에 살던 집인데... 너무 낡아서. 이번에 싹 밀고 제대로 새로 지으려고.,90
8524,...,90
8525,언제부터 시작할 수 있어?,90
8526,나? ... 나보고 하라고?,90
8527,그럼 내가 널 왜 만나러 왔겠어?,90
8528,근데 왜... 나한테...?,90
8529,"내가 몇 명 만나봤는데, 보니까 죄다 사기꾼 같고 영 못 믿겠어. 아무래도 이런 일은 아는 사람한테 맡기는 게... 딴 사람들도 다 그러더라.",90
8530,에이. 내가 무슨. 나 못해.,90
8531,왜?,90
8532,나 이런 거 한번도 안 해봤어.,90
8533,잘됐네. 그럼 이번에 해보면 되잖아.,90
8534,"야야. 그러지말고, 내가 이런 거 잘하는데 딴데 소개 시켜줄께. 이런 거...",90
8535,이런 거? 돈이 안된다 이거야? 돈 제대로 줄께. 걱정마.,90
8536,아니. 그런 게 아니라...,90
8537,아니면 됐네.,90
8538,안된다니깐!,90
8539,그게 회사엔 룰이란 게 있어요. 젤 위에 소장. 그 밑에 부장. 그렇게... 응? 난 그저 월급 받는 직원. 전문 용어로 설계보조원. 더 정확히는 시다. 따까리.,90
8540,...,90
8541,나같은 일개 시다가... 응? 사무실에서 봤을 땐 말이 안된다는 거지.,90
8542,"그러니까 니 말은, 느네 소장이 오케이 할 리가 없다... 이거야?",90
8543,그렇지. 바로 그거지. 알아듣네.,90
8544,잘 할 수 있지?,90
8545,안 내켜.,90
8546,왜요?,90
8547,뭔가 말리는 기분이야. 불길해.,90
8548,뭐가?,90
8549,생각해봐. 친구랍시고 갑자기 불쑥 나타나서 ‘집 져줘’ 안이상해?,90
8550,뭐가 이상해? 우정만 돋는구만. 뭐.,90
8551,우정 좋아하네. 싸가지 못봤어? 지가 청담동 며느리면 다야?,90
8552,개포동이라며.,90
8553,저 나이에 집 짓겠다는 것도 이상하고...,90
8554,남편 복 받은 년인가 보지. 뭐.,90
8555,... 너 오늘 유난히 대답 잘 한다? 라임 맞춰가면서.,90
8556,그니까. 쓸데없는 걱정 말고... 좋은 기회잖아요. 데뷰? 응? 제대로 된 포트폴리오 하나 생기는 건데... 그거 돈으로 치면 얼말까?,90
8557,지금부터 바짝 서두르면 얼마나 걸려? 추워지기 전에 끝내줄 수 있지?,90
8558,저기. 그 전에.,90
8559,... ?,90
8560,집을 왜 짓는데?,90
8561,... 왜냐니?,90
8562,그 비싼 강남 아파트에 사시는 사모님께서 구태여 촌구석에 집을 짓는 이유가... 그게 뭐냐고?,90
8563,그야 내 맘이지.,90
8564,남편이 돈을 잘 버나봐?,90
8565,... ?,90
8566,공기 좋은 데다 집도 뚝딱 짓고. 아니 그래두 그렇지. 전원주택 단지도 있고. 더 좋은데 많은데 굳이 여기에다. 아하~ 혹시 투기야? 좋은 정보... 그런 거?,90
8567,너 말 되게 예쁘게 한다?,90
8568,...?,90
8569,돈지랄이야. 됐어?,90
8570,...,90
8571,더 고상한 이유가 있어야 돼? 그냥 돈지랄이면 집도 못짓니?,90
8572,...,90
8573,"진짜 드럽게 재수없게 구네. 내키지 않으면 하지마. 내 돈 갖고 사정해 가면서 일 시킬 생각, 나도 없어. 별...",90
8574,이거...,90
8575,... 이것도.,90
8576,내가 잘못했어. 미안. 미안. 쏘리. 암쏘쏘리.,90
8577,...,90
8578,그렇다고 뭘 또 그렇게... 너 많이 격해졌다?,90
8579,뭐?,90
8580,"집 짓는 이유가 그렇게 중요해? 왜, 내가 사기라도 칠까봐?",90
8581,또. 험악하게. 그런 게 아니라... 왜 집을 짓는지 알아야 어떤 집이 필요한지를 알지.,90
8582,...,90
8583,널 잘 알아야 너한테 맞는 집을 잘 지을 거 아니야? 안그래?,90
8584,아하~ 그러니까 날 잘 알고 싶다 이거지? 내가 궁금하시다? 뭐가 그렇게 궁금할까? 나 어디? 뭐?,90
8585,그동안 어떻게 지냈어?,90
8586,음... 대학 졸업하고 아나운서 시험 준비하면서 방송일 시작했지.,90
8587,...,90
8588,근데 시험엔 계속 떨어지고. 그러다가 에라... 4년 전에 결혼하고.,90
8589,남편은 뭐하는데?,90
8590,의사. 돈 잘 버는 압구정동 성형외과. 비포에프터 전문.,90
8591,... 오.,90
8592,그러다가 음... 그게 끝이네? 와. 나 너무 심플하게 살았나?,90
8593,근데... 아빠가 몸이 좀 안좋아.,90
8594,... ?,90
8595,수술하고 좀 괜찮아지긴 했는데... 지금도 병원에 있거든.,90
8596,...,90
8597,"그래서 집 깨끗이 잘 고쳐놓고, 퇴원하면 좀 잘 모시게.",90
8598,...,90
8599,이제 됐어? 집 짓는 이유.,90
8600,...,90
8601,넌 어떻게 살았어?,90
8602,... 나?,90
8603,내 집 지어줄 사람이 어떤 사람인지 잘 알아야 나도 믿고 맡길 거 아니야?,90
8604,그러니까 그게... 너 낳자마자 처음 세를 들어가서. 니 엄마랑 그렇게 셋이.,90
8605,"그러다가... 너 초등학교 입학할 때, 모아둔 거 다 해서 그 집을 그냥 산 거지.",90
8606,... 그 집이 그렇게 좋았어?,90
8607,니 엄마가 좋아했었지. 분가해서 처음 산 집이라서... 니 엄마가 참 좋아했었지. 니 엄마가 맨날 쓸고 닦고.,90
8608,...,90
8609,"건너 집에 광우엄마라고, 니 엄마랑 친한 아줌마가 있었어. 그 아줌마가 너랑 광우랑 나중에 결혼 시킨다고... 너 참 예뻐했었는데.",90
8610,몰라. 기억 안나.,90
8611,"하긴. 니 엄마가 있을 때니깐, 20년도 더 전이네. 벌써... 그렇게 됐네.",90
8612,...,90
8613,그때가 참 좋았지.,90
8614,너무 없어 보이지 않게.,90
8615,없어 보이지 않게. 그러니까 있어 보이게? 그런 거?,90
8616,집이 너무 낡았잖아. 너무 초라하지 않게. 그런 거.,90
8617,"구체적으로 얘기해봐. 있어 보이는 것도 여러 가지잖아? 예를 들어 알프스풍이라던가. 스칸디나비아풍이라던가. 그런 거. 어디서 본 거, 들은 거, 근데 말은 안 되는 거. 그런 거 디립다 해달라는 게... 사모님들 기본자세거든?",90
8618,아무거나 막?,90
8619,아무거나 막.,90
8620,글쎄... 별루 생각해본 게... 음... 일단. 밝게. 햇빛이 많이 들어오게.,90
8621,기본이고.,90
8622,거실이 넓었으면 좋겠어. 천장도 높고. 그렇다고 너무 휑하진 않게.,90
8623,이것도 뭐. 다들...,90
8624,로비가 있었으면 좋겠어. 현관문 열면 집 다 보이지 않게...,90
8625,요건 좀 유니크...,90
8626,바닥은 돌 같은 거. 대리석같은 거루다가.,90
8627,... 대리석?,90
8628,거실에서 하늘이 다 보이는 거야. 별도 보이고.,90
8629,...,90
8630,옥상에도 정원을 만들어서 거기서 꽃도 키우고.,90
8631,게스트룸에 화장실이랑 욕실 따로.,90
8632,박수 치면 불이 탁 꺼지고.,90
8633,에어콘은 천장에 달고.,90
8634,주방은 빌트인.,90
8635,에이브이룸.,90
8636,싸우나실.,90
8637,어떤 거 같애?,90
8638,지금 회장님 집 짓니? 왜? 이왕이면 마당에 사슴도 키우지? 아니다. 이참에 아주 청와대를 짓자. 그래서 오바마도 초대해서 만찬도 하고.,90
8639,아무거나 막 얘기하라며.,90
8640,아무거나 막 얘기하랬지. 아무 생각 없이 막 얘기하랬니? 이런 울트라 럭셔리면 니가 가진 견적으론 화장실 하나 겨우 짓고 땡이야.,90
8641,그럼 어떡해?,90
8642,"뭘 어떡해! 욕심을 줄이던가, 아님... 화장실에서 살던가.",90
8643,"근데 왜 구박이야, 구박은! 기분 나빠질려구 그러네!",90
8644,아니... 그러니깐. 내 말은 딴 게 아니라... 기준이 뭐냐는 거지? 아버지가 살 집이야? 니가 살 집이야?,90
8645,아빠 집이 내 집이지. 나도 부지런히 왔다갔다 할거니까.,90
8646,아니 그래도 누가 살지는 정해야...,90
8647,우리 아빠 어쩌면 오래 못살지도 몰라.,90
8648,근데... 굳이 왜 집을 지어?,90
8649,그래서.,90
8650,... ?,90
8651,철 들고 아빠랑 같이 살아본 적이 거의 없어.,90
8652,...,90
8653,"집 짓고 한 2,3년 같이 살다가... 그러다 보내드리면... 그것도 나쁘지 않겠다. 그랬어. 그러면 한은 안되겠다. 그랬어.",90
8654,...,90
8655,시간이 별루 없을 지도 몰라서... 그래서 굳이.,90
8656,...,90
8657,아빠한테 마지막 집일 테니까. 제대로 지어 주고 싶어. 예쁘고 좋은 집으로.,90
8658,그럼 너한테 예쁘고 좋은 집이 뭔데?,90
8659,근데 그렇게 물어보면 뭐부터 얘길 해야할지... 잘 모르겠단 말이지.,90
8660,작은 거부터.,90
8661,... 작은 거?,90
8662,예를 들어서... 아침에 일어나서 제일 먼저 하는 게 뭐야?,90
8663,... 화장실 가지.,90
8664,그럼 그거부터. 화장실부터. 아무 생각 없이 말고. 생각하면서.,90
8665,난 화장실 어두운 게 그렇게 싫더라. 낮에도 불 켜야 되고.,90
8666,욕조. 물 받고 목욕하고 싶어. 푹 몸 담그면서.,90
8667,밤 새고 낮에 자는 일도 많으니까 침실은 너무 밝지 않게.,90
8668,거실 창은 좀 넓었으면 좋겠어. 시원하게.,90
8669,문을 여닫이 말고 미닫이로. 아빠가 힘들어 해.,90
8670,테라스가 길게. 거기다 테이블도 놓고 그럴 수 있게.,90
8671,쉬는 날은 주로 뭐해?,90
8672,뭐. 책도 보고. 청소도 하고.,90
8673,창 좀 시원하게 활짝 열리게. 빨래는 야외에 널 수 있게.,90
8674,아빠가 정원 가꾸는 걸 좋아하니까 안방에서도 마당이 잘 보이게.,90
8675,호리젠틀한 요소로 파사드를 강조해 본 거야. 리빙룸 창을 페러럴하게. 솔리드한 벽을 코너로 몰아서...,90
8676,"이건 스페이스를 디바이드 해 본 건데, 리빙룸을 센터로 해서...",90
8677,결국 내 생각도 이게 정답인 거 같은데... 레벨을 플렉서블하게 구성해 본 거야. 그러면 리빙룸은 퍼브릭해지고.,90
8678,...,90
8679,마스터룸이 프라이빗해지면서...,90
8680,왜 죄다 영어야? 영어마을 짓니?,90
8681,뭐가 그렇게 마음에 안드는데?,90
8682,그냥 좀 낯설어. 아빠집 같지가 않아. 너무 딴 집 같애.,90
8683,"새로 짓는데 낯설지, 그럼 친숙할까? 도대체 취향을 모르겠네. 니가 트렌드를 몰라서 그러는데 요즘 이런 게 있어 보이는...",90
8684,"아 진짜. 내가 맘에 안든다는데, 왜 자꾸 가르치려구 들어?",90
8685,...,90
8686,그래두 너 오늘 옷은 예뻤어. 옷은. 어. 이거다.,90
8687,어릴 때 여기서 키 재고 그랬었거든. 참 작았다.,90
8688,이거 타고 올라가서 옥상에서 혼자 소꿉놀이 하고...,90
8689,그런 거 있잖아. 비밀장소 그런 거. 다락방 같은 거. 그러다가 6살 땐가? 옥상에서 혼자 놀고 있는데 보니까 나무에 감이 열린 거야. 어린 마음에 손 뻗으면 딸 수 있겠더라고. 그러다 그냥 머리부터 꼬꾸라져서...,90
8690,...,90
8691,나 진짜 죽을 뻔 했었대. 그때 아빠가 막 나 들쳐 업고 뛰고. 보여? 여기 땜빵. 그때 흉터.,90
8692,이거. 우리 아빠가 직접 만든 거다.,90
8693,굳기 전에 내가 밟아서... 나 4살 때던가... 엄청 울었는데...,90
8694,무슨 4살 때 기억이 나? 천재야?,90
8695,기억 나. 여기서 아빠가 나 세수 시켜주고 그랬던 거...,90
8696,...,90
8697,"여름에 비 올 때 마루에 누워 있으면, 쾌쾌한 냄새. 나무 바닥 냄새.",90
8698,...,90
8699,그런 거... 다 기억 나.,90
8700,... 나 많이 컸지?,90
8701,어. 언제 왔어?,90
8702,이거... 우리집이야?,90
8703,생각해 봤는데... 증축을 하자.,90
8704,증축?,90
8705,"이 집을 없애지 말고. 적당히 털고. 그 옆에 새로, 또 적당하게. 증축.",90
8706,글쎄... 너무 낡지 않았어?,90
8707,집 멀쩡한데 뭘. 그리구... 이거 아깝잖아?,90
8708,그럼 좀 싸지나?,90
8709,이게 원래 있는 집이고. 이쪽이 증축하는 부분. 원래 있던 방 두개를 터서 아버지 안방을 크게 만들고. 그 옆에 새롭게 주방과 거실이 확장 되는 걸로. 현재 21평. 새로 증축하는 면적이 9평. 그래서 총 30평.,90
8710,...,90
8711,재료는 원래 집에 있는 벽돌. 새로 지어지는 집은 나무. 그리고 그 사이를 이어주는 유리. 이렇게 3가지로.,90
8712,"원래 있던 아버지 집 옆에, 새로 짓는 딸의 집이 조금 물러나서 나란히... 어때? 좀 있어 보여?",90
8713,... 내가 아빠 등에 업혀 있는 거 같애.,90
8714,근데 방이 겨우 2개야? 너무 적지 않나?,90
8715,아버지 안방. 니 방. 그럼 됐지 뭘. 작은 방 여러 개보다 안방이랑 거실을 그만큼 넓게 써. 그게 훨 나.,90
8716,손님이라도 오면... 사랑방. 그런 거 있잖아.,90
8717,무슨 대감집이야? 사랑방이 있게.,90
8718,사랑방 손님과 어머니. 몰라?,90
8719,그래서 트러블 생기는 거 아니야. 괜히 사랑방 같은 거 있어서.,90
8720,트러블이래. 교양하고는.,90
8721,그렇잖아? 애궂게 애만 중간에 왔다갔다. 애가 무슨 죄야. 하튼 그런 얘기들이 문제야. 괜히 아름다운 척. 착한 척. 현실을 왜곡되게.,90
8722,하긴 인어공주도 생각해 보면 그거 스토커잖아요. 밤에 바다에 떠서 막 바라보고. 그것도 반은 생선이. 완전 무서워.,90
8723,잠자는 공주는 왜 꼭 키스를 해줘야 깬대? 변태야? 애들 보는 건데 야하게. 그것도 무쟈게 오래 잔 애잖아. 그 입 냄새 어떡할꺼야. 왕자가 비위도 참 좋아.,90
8724,너 왜 이렇게 뺀질뺀질해졌어? 옛날엔 안 그랬잖아?,90
8725,어머. 팀장님 옛날엔 어땠는데요?,90
8726,흉했지. 엄청 흉했지. 여자들한테 인기도 없었고...,90
8727,그건 지금도 그래요.,90
8728,둘이 사겨? 콤비야?,90
8729,근데... 처음에 두 분 서로 어떻게 알게 됐어요?,90
8730,그찮아요? 과도 다르고. 뭐가 겹치는 게 없는데. 소개팅이라도 했나?,90
8731,너 얘기 안했어? 그게... 얘가 나를 하도 쫓아와서.,90
8732,이건 또 무슨 창의적인 소릴까?,90
8733,"에이. 뭐 어때, 이제와서. 괜찮아. 고백해. 사람이 솔직해야지.",90
8734,뭔 소리야? 숙제 도와달라고 니가 먼저 따라왔잖아. 막.,90
8735,얼씨구.,90
8736,"난 집에서. 요기. 38번 버스를 타고. 요렇게 요렇게. 요래, 요래... 해서 여기. 학교로 오지.",90
8737,한 명씩 나와서. 자기가 집에서 학교 오는 길을 표시해봐. 이렇게.,90
8738,자네는 집이 청담동이야?,90
8739,그럼 노유동이 어디야?,90
8740,... 모르겠는데요.,90
8741,요기잖아. 요기. 강 건너 윗동네도 몰라?,90
8742,... 강북은 잘 몰라서...,90
8743,근데 1학년 아니지? 에프였어?,90
8744,자네는 정릉 살아?,90
8745,정릉이 누구 능이야?,90
8746,... 정조? ... 정종?,90
8747,자기 동넨데... 그런 것도 몰라?,90
8748,살긴 사는데 관심이 없어. 자기가 사는 곳을 너무 모른다고. 자기 사는 동네도 잘 모르고. 서울은 더더욱 모르고.,90
8749,"다음 시간까지 리포트가 있는데, 자기 동네를 여행해 보는 거야. 습관적으로 매일 지나치는 동네 건물들, 길들을 유심히 한번 봐봐.",90
8750,살고 있는 곳에 관심을 가지는 것이. 바로 건축을 이해하는 첫걸음이야.,90
8751,형. 밥 사주세요. 밥!,90
8752,넌 내가 식권으로 보이니? 맨날 나만 보면 밥을 사달래...,90
8753,저... 오빠... 저 갈께요.,90
8754,어... 서연아. 들을 만 해? 어렵진 않아?,90
8755,아뇨... 뭐... 그냥...,90
8756,힘들면 얘기해. 밥 사줄께.,90
8757,네... ... 갈께요...,90
8758,누구예요?,90
8759,방송반 후배. 음댄데...,90
8760,음대가 왜 건축과 수업을 들어?,90
8761,개론 수업은 원래 타 과생들도 많이 들어. 그래서 물이 좋잖아.,90
8762,아. 그래서 굳이 일부러 한 번 더 들으시는...?,90
8763,넙죽아!,90
8764,... 아는 애야?,90
8765,어? 아니. 아니.,90
8766,공부는 잘 돼?,90
8767,재수하는 것도 서러운데 공부까지 열심히 해야 되냐? 넌? 애인은 생겼어?,90
8768,무슨 애인이야...,90
8769,납뜩이 안되네. 납뜩이. 대학생이 연애를 안 하면 뭘 해. 그럼?,90
8770,누구야? 아는 애야?,90
8771,다 큰 애한테 애가 뭐야. 니 형수님이시다. 형수님.,90
8772,... 고삐리잖아?,90
8773,"그럼 재수생이 고삐리를 사귀지, 누굴 사궈? 중삐릴 사귈까?",90
8774,헤어가 이게 뭐니? 대학생이. 이 열라 납뜩 안되는 새끼야. 미팅 나갈 때 쪼금씩 아껴 써.,90
8775,이게 뭔데?,90
8776,일단 흔들고 빗에다 푸욱... 해서...,90
8777,엄마. 냉장고 안에... 이런 거 좀 버리면 안돼?,90
8778,시끄러. 와서 이거나 좀 도와.,90
8779,어이쿠. 벌써 시간이...,90
8780,저... 알죠?,90
8781,... 예?,90
8782,건축학 개론... 같이 듣지 않아요?,90
8783,...,90
8784,그날 버스도 같이 타고 왔는데.,90
8785,아~ 그랬어요?,90
8786,여기서 오래 살았어요?,90
8787,뭐... 태어나서 계속...,90
8788,와. 그럼 동네 잘 알겠다.,90
8789,예. 뭐...,90
8790,난 이사 온지 얼마 안돼서 하나두 모르는데...,90
8791,여긴 무슨 집이에요?,90
8792,아. 여기 아무도 안 살아요. 빈 집이에요.,90
8793,왜요?,90
8794,예? 왜냐면... 그러니까... 그러게. 왤까요?,90
8795,들어가 볼래요?,90
8796,...... 왜요?,90
8797,그냥. 집 어떻게 생겼나 궁금하기도 하고.,90
8798,남의 집인데. 어떻게 함부로. 에이. 그리고 잠겼을 거예요.,90
8799,... 남의 집인데... 허락도 없이 막...,90
8800,뭐 어때? 죽은 거 살려준 건데.,90
8801,... 잠깐만요.,90
8802,1학년이죠?,90
8803,... 예.,90
8804,나두 1학년인데.,90
8805,근데... 음대가 건축학개론은 왜 들어요?,90
8806,왜? 들으면 안돼?,90
8807,... 아니... 그런 건 아니고...,90
8808,어! 근데 나 음댄지 어떻게 알았어?,90
8809,아... 재욱이형 한테 들었어요.,90
8810,아~ 재욱 오빠.,90
8811,예. 재욱이형한테. 살짝. 얼핏.,90
8812,음... 내가 생각을 한번 해봤는데...,90
8813,...,90
8814,"우리 이렇게 하자. 난 건축과도 아니고, 이 동네도 잘 모르고... 근데 넌 건축과고, 여기서 오래 살았고... 그러니까... 숙제를 같이 하는 거 어때? 그럼 공평하지?",90
8815,... 예? 그게... 뭐가 공평하다는 건지. 전 잘...?,90
8816,근데 왜 말 안 놔? 동갑인데.,90
8817,... 먼저 노세요.,90
8818,나 아까부터 놨잖아. 말 논 거 안보여?,90
8819,...!,90
8820,너두 말 놔.,90
8821,... 네. 알았어요.,90
8822,그러니깐... 노라니깐.,90
8823,알았다구요! 노면 되잖아요!,90
8824,이번엔 가장 먼 곳을 가보는 거야. 가장 먼 곳... 자기가 살고 있는 곳에서 가장 먼 곳이 어딜까... 생각해 본 적 있어?,90
8825,엄마. 파란색 남방... 그거 안 빨았어?,90
8826,안 빨았는데.,90
8827,그거 오늘 입어야 되는데...,90
8828,지금 빨아서 언제 입어?,90
8829,개포동까지... 42개.,90
8830,... 개포동? 그거 미사일 이름 아닌가?,90
8831,"이상해. 저렇게 집들이 많은데, 저 중에 내 집이 하나 없다는 게.",90
8832,어른 되면 저거 하나 사려구 평생 돈 모은 다잖아.,90
8833,서울은 정말 복잡하구나. 사람도 너무 많고...,90
8834,넌 고향이 어디야?,90
8835,글쎄... 어디라고 해야 될까. 초등학교 때까진 춘천 살다가... 그후론 하도 여기저기 떠돌아다녀서.,90
8836,... 그럼 부모님은?,90
8837,우리 아빠는 지금 어딨는지 몰라.,90
8838,... ?,90
8839,어쩌면... 한 대서양쯤?,90
8840,... ?,90
8841,우리 아빠는 배 타. 유조선 선장. 마도로스.,90
8842,그럼 여기엔 엄마랑 같이 있는 거야?,90
8843,엄만 돌아가셨어. 여긴 친척집에 잠깐 있는 거야.,90
8844,... 어... 미안...,90
8845,니가 뭐가 미안해? 우리 엄마가 너 때문에 돌아가신 것도 아닌데...,90
8846,...,90
8847,"이번에 아빠 들어오면 독립시켜 달라고 그래야지. 내 방도 없고, 친척들 눈치 보이고. 더는 이렇게는 못살겠다.",90
8848,난 아버지가 옛날에 돌아가셨어. 그 얘기하면 친구들도 그래. 지들이 왜 미안해?,90
8849,그지? 괜히 할 말 없으니깐 그러는 거야.,90
8850,근데... 이거 누구 노래야?,90
8851,이거? 전람회를 모른단 말이야? 기억의 습작.,90
8852,아... 들어본 거 같애.,90
8853,좋지? 내가 제일 좋아해.,90
8854,4미터라니깐.,90
8855,그니까 그게 어느 정도냐구? 상상이 안 돼.,90
8856,... 한 이정도?,90
8857,"음... 이왕 높이는 거, 더 높으면 안되나?",90
8858,높다고 다 좋은 게 아니야. 냉난방 골치 아파져.,90
8859,어. 근데. 잠깐! 이거 뭐야?,90
8860,주방이 아일랜드식으로. 원래 있던 집 외벽이 새로 생기는 주방 벽으로.,90
8861,"바로 여기. 주방이 되고, 이쪽으로 새로 거실 벽이 생기고.",90
8862,그럼 거기에 책장을 짤까? 벽 전체를 꽉 채워서. 그럼 예쁠 거 같은데.,90
8863,책이 그렇게 많어?,90
8864,아니... 뭐 이제부터라도 좀 읽어볼까... 해서...,90
8865,먼저 좀 읽구. 응?,90
8866,어. 근데. 잠깐! 이건 또 뭐야?,90
8867,거실창이잖아. 여기서 그대로 테라스랑 마당으로 이어지게.,90
8868,아...,90
8869,"날씨 좋은날 활짝 열어놓고, 테라스에서 커피도 마시고. 음악도 듣고. 뭐... 책... 두 읽으려면 읽고.",90
8870,읽을 거야. 열라 많이 읽을 거야.,90
8871,그럼. 이제라도 읽으면 돼지. 책도 막 열심히 읽고. 독후감도 열라 쓰고. 일일 계획표도 짜고. 곤충 채집도 하고... 다 해. 다. 생각만 해도 신난다.,90
8872,잘 한 거 같애. 살면서 자기 집을 지어본다는 게 얼마나 대단한 일이야. 아마 내 평생 가장 대단한 일일 꺼야. 이게.,90
8873,이제 두 달정도면...,90
8874,어. 근데. 잠깐!,90
8875,...,90
8876,이건 뭐야?,90
8877,... 화단.,90
8878,... ?,90
8879,테라스 바로 앞에 조그만 화단. 책 읽으면서 꽃도 보고. 그러라고.,90
8880,...,90
8881,너 꽃 키우는 거 좋아하잖아.,90
8882,... 그런 걸 다 기억하네?,90
8883,어. 미안. 자고 있었어? 미안. 미안. 딴게 아니라... 너 오징어가 좋아? 쥐포가 좋아? 여기 속초. 촬영 때문에 왔는데... 여기 새벽 바다가 너무 예쁘다.,90
8884,오늘 저녁에 약속 있어? 공사도 시작했는데... 너랑 술 한 잔 할까 해서. 알았어. 내가 쏠께. 그럼 이따 저녁때. 응. 응. 그래.,90
8885,선배. 여기서 아침 드시고 서울 올라가시죠?,90
8886,그래. 그러자. 배 고프다.,90
8887,근데... 선배. 요즘 무슨 좋은 일 있죠?,90
8888,... 응?,90
8889,뭐가 있긴 있는데...,90
8890,있긴 뭐가 있어?,90
8891,내가 같이 오자고 그랬어. 은채도 수고했잖아.,90
8892,저 껴도 되죠?,90
8893,에이. 그럼.,90
8894,너랑 그 동네에서 놀 때가 엊그제 같은데. 니가 내 집을 지어줄 줄 누가 알았겠어?,90
8895,그니까 니가 복 받은 거지.,90
8896,근데 넌 연애 안해?,90
8897,...,90
8898,내가 후배 소개 시켜줄까? 말해봐. 너 어떤 애 좋아하는데?,90
8899,예쁘고 착한 애.,90
8900,그런 귀한 애가 널 좋아하겠니?,90
8901,하튼 보면 둘이 잘 맞어. 보면.,90
8902,어디가?,90
8903,화장실. 화장실.,90
8904,... 저... 결혼해요.,90
8905,어머! 정말? 언제?,90
8906,아마... 연말쯤? 늦어도 연초에는...,90
8907,축하해. 근데 왜 지금까지 아무 말도 없었어?,90
8908,얼마 전에 결정 났어요. 결혼하고 곧장 미국 가기로.,90
8909,미국 어디?,90
8910,뉴욕이요. 가서 저는 공부하고. 오빠는 취업하기로. 운이 좋았어요.,90
8911,야... 잘됐네. 그 남자 땡잡았다. 이렇게 예쁜 은채씨를...,90
8912,그죠?,90
8913,뭐가 이렇게 신났어?,90
8914,아니 글쎄... 은채씨가...,90
8915,팀장님 얘기 했어요.,90
8916,나 뭐?,90
8917,땡 잡았다고.,90
8918,그게 저에요. 예쁘고 착한 애. 막 이래.,90
8919,아... 그랬구나. 야. 전혀 몰랐어. 왜 진작 얘길 안했어?,90
8920,회사에도 비밀이에요. 아무도 몰라요.,90
8921,...,90
8922,그래두 언니는 아셔야 될 거 같아서.,90
8923,잘됐다. 둘이 어울려. 에이. 응큼한 놈. 이렇게 예쁜 여자 친구를 두고. 그랬구나. 난 그것도 모르고. 하하.,90
8924,근데요... 오빠 옛날에 첫사랑 있었다던데. 그거 누군지 아세요? 물어봐도 얘길 안해줘. 궁금하게. 1학년 때라던데.,90
8925,그게 누구야? 내가 아는 애야?,90
8926,됐어.,90
8927,궁금하잖아. 누군데?,90
8928,얘기 좀 해봐. 쌍년이었다며?,90
8929,어머. 그거 뭐에요?,90
8930,아. 이거... 속초에서 사온 건데.,90
8931,제건 없어요?,90
8932,둘이... 나눠 먹어.,90
8933,그럴까? 우리 반반 나눌까?,90
8934,그러니까... 원룸인 거잖아?,90
8935,...,90
8936,달랑 방 하나에서 먹고 자고. 그렇게 어떻게 사냐? 그래두 신혼인데...,90
8937,그 얘기 끝났잖아.,90
8938,우리 이모가 그러는데 이스트빌리지 쪽이 살기 좋다고. 거기가 학교도 가깝고.,90
8939,알면서 왜 그래? 형편이 그렇잖아. 첨엔 좀 힘들더라도...,90
8940,그래서 우리 아빠가 도와준다잖아.,90
8941,예민하게 굴 일 아니잖아. 한번 생각해 보는 게 그렇게 힘들어?,90
8942,고작 방 한 칸 가지고. 이모라는 사람이.,90
8943,지 조카가 대학 들어가서 잠깐 몇 달 신세지자는 걸. 그렇게 야박하게.,90
8944,다 지난 얘기해 뭐해.,90
8945,죽은 지 언니 딸인데. 생판 남한테도 그렇게는 안하겠다.,90
8946,...,90
8947,"내가 하도 화가 나서, 당장 너 집에서 나오라고 그런 거야. 니 이모가 괘씸해서.",90
8948,그때 집 담보로 대출 받았지? 요번에 등기 떼보니까... 딱 그거더라.,90
8949,...,90
8950,그래두 그렇지. 빚까지 져가면서 나한테 뭐하러 그렇게 비싼 데를 얻어줬어?,90
8951,너 기죽을까봐. 서울 애들한테 기죽지 말라고.,90
8952,하여튼 참... 집에 한이 많어. 우리 아빠는.,90
8953,공부를 할 수가 없잖아! 공부를.,90
8954,쉿. 듣겠다.,90
8955,들으라고 그래! 내 친구 중에 자기 방 없는 애가 있는 줄 알아?,90
8956,알았어. 알았어. 쫌만 기다려. 쫌만.,90
8957,언니. 나 자야 되는데.,90
8958,어. 알았어.,90
8959,형 부럽다. 이런데서 설계하면 아이디어 팍팍 나올 꺼 같애.,90
8960,새로 사신 거예요?,90
8961,펜티엄에 하드 일기가.,90
8962,일기가... 요?,90
8963,천메가. 천메가.,90
8964,천메가! 와... 천메가면 평생을 써도 다 못 쓰겠다.,90
8965,... 형. 이거 뭐야?,90
8966,그러니까 별거 없어. 여자는 일단 술을 먹여서 취하게 만들어.,90
8967,그리구요?,90
8968,뭘 그리구야? 취했잖아? 그럼 업어. 그리고 침대에 뉘여. 끝.,90
8969,그럼 저 스타킹두 그렇게?,90
8970,아우. 밥이나 쳐드세요. 그렇게 사달라며.,90
8971,형 써클 재밌어요?,90
8972,왜?,90
8973,그냥... 궁금해서요.,90
8974,서연이 알지? 걔도 방송반이잖아.,90
8975,... 누구요?,90
8976,그때 인사했잖아. 방송반 후배.,90
8977,아! 걔~ 음대! 걔 괜찮던데...,90
8978,걔가 예뻐? 난 모르겠던데.,90
8979,"아직 화장도 안하고, 좀 촌스럽지만. 그런 애들이 2학년 되면 확 예뻐진다고. 이 좆도 모르는 것들아. 빨리 쳐 먹고. 이제 일 해.",90
8980,그럼 걔... 써클에 남자친구도... 있겠네요?,90
8981,스타킹 걔 꺼구나?,90
8982,야!,90
8983,... 왜?,90
8984,... 단무지 좀 아껴 먹어. 새끼야. 혼자 다...,90
8985,어서 오세요. 니가 가게에 웬일이야?,90
8986,오늘 열쇠를 안 가지고 나가서...,90
8987,칠칠맞게. 곧장 들어가 있어.,90
8988,어. 승민아!,90
8989,아니 근데 무슨 남자애가 순대국도 못 먹어?,90
8990,... 아니... 냄새가... 좀...,90
8991,하튼. 서울 촌놈.,90
8992,짠~,90
8993,내가 주말에 와서 다 치웠어. 쓸고 걸레질 다하고. 이제 여기 내 집이야.,90
8994,여기다 꽃을 심었거든.,90
8995,가을에도 꽃을 심어? 무슨 꽃인데?,90
8996,궁금하지? 안가르쳐줘.,90
8997,참... 얼마 전에... 재욱이형 작업실 갔었는데...,90
8998,근데?,90
8999,강남 오피스텔인데 되게 좋더라. 컴퓨터도 있고. 넌... 안 가봤어?,90
9000,얘기만 들었어. 좋다구.,90
9001,... 재욱이형이 그러던데... 너 써클에서 인기 많다며?,90
9002,당연하지.,90
9003,... 그러면... 남자 친구... 있겠네?,90
9004,없어. 그딴 거.,90
9005,그동안 뭐했냐? 남자 친구두 없구?,90
9006,넌 뭐 있어?,90
9007,나야 뭐...,90
9008,"지두 없으면서 무슨... 인기야, 재욱이오빠가 폭발이지. 우리 써클에서 재욱이오빠 안 좋아하는 여자애들 없어.",90
9009,그럼... 너도?,90
9010,...,90
9011,...... 너도 재욱이형... 좋아해?,90
9012,...,90
9013,... 혹시... 그래서 개론 수업... 듣는...,90
9014,몰라!,90
9015,너 어디 가서 얘기하면 안돼! 너만 알고 있어. 알았지? 알았지?,90
9016,재욱이 오빠. 나한테 관심도 없고... 그냥 나 혼자 삽질하는 거지. 뭐.,90
9017,재욱이형. 뭐가 그렇게 좋은데?,90
9018,잘 생겼지. 키 크지. 집도 부자지.,90
9019,...,90
9020,게다가 건축과잖아. 내가 옛날부터 건축하는 사람에 대한 판타지가 있거든.,90
9021,... 나두 건축관데.,90
9022,... 그렇지.,90
9023,... 그냥 그렇다고.,90
9024,너 어떻게 된 거야!,90
9025,... !,90
9026,한 시간두 넘게 기다렸잖아!,90
9027,그냥 열쇠 집 불러서 열지.,90
9028,그런데 쓸 돈이 어딨어? 돈이 남아돌아?,90
9029,알았어. 그만 해.,90
9030,오늘도 2만원 밖에 못 팔고 들어와서 속상해 죽겠는데!,90
9031,이 새끼가 대학가서 술만 배웠나?,90
9032,니 여자 친군 잘 있냐?,90
9033,아... 싱숭이? 잘 있지.,90
9034,싱숭이? 그게 이름이야?,90
9035,"독서실에 예쁜애가 둘 있는데... 보고 있으면 싱숭생숭 해진다고 해서 싱숭이, 생숭이. 아! 그래. 너 생숭이랑 소개팅 할래?",90
9036,됐어. 무슨 고삐리를...,90
9037,생숭인 중3인데...,90
9038,야... 저기... 내가 아는 애가 있는데...,90
9039,여자?,90
9040,아니... 남자. 근데 걔가... 어떤 여자애랑... 어떻게어떻게 하다가...,90
9041,잤어?,90
9042,아니... 친해졌어.,90
9043,...,90
9044,근데... 걔네 둘이... 진짜루 금방 친해졌거든? 숙제도 같이하고... 자기 집 얘기도 하고 그러면서... 근데...,90
9045,근데?,90
9046,그럼... 그 여자애는 그 남자애랑... 왜 친해진 걸까?,90
9047,그게 뭔 소리야?,90
9048,그러니까... 어떤 여자애랑 남자애가 있는데... 전혀 모르는 사이였거든? 근데...,90
9049,근데 그게 너지?,90
9050,아니야! 그냥 내가 아는 앤데. 우리 과에...,90
9051,좆까 병신새끼야. 좀 그럴싸하게 야부릴 치던가. 누구야? 그 여자애?,90
9052,걔 임자두 있다며?,90
9053,걔 혼자 짝사랑하는 거라니깐!,90
9054,니 선배라며? 강남 살고 차도 있고.,90
9055,...,90
9056,그냥 잊어. 새끼야. 원래 첫사랑은 잘 안되라고 있는 거야. 잘되면 그게 첫사랑이냐? 마지막 사랑이지. 나 봐. 중 3때 깜찍이. 걔 기억나지? 아유. 그 쌍년. 지금 생각해두...,90
9057,...,90
9058,야! 쫌만 기다려. 내년에 내가 대학가서 넌 확실히 책임질께. 어떤 스타일? 이효리? 성유리? 아. 맞다! 너 이진 좋아하지?,90
9059,... 근데 나... 여기서 그냥 포기하면...,90
9060,...,90
9061,평생 후회할 거 같아.,90
9062,윤서연. 윤서연... 이름 괜찮네. 획수도 괜찮고.,90
9063,...,90
9064,일단 소주 한 병을 사. 그리고 걔네 집 앞에 가는 거야. 가서 소주를 병나발로 딱! 불고... 전화를 해. 받잖아? 그럼 딱! 집 앞이다. 잠깐 나와. 그러고 딱! 끊어. 그냥.,90
9065,그냥 끊어?,90
9066,그냥 끊어. 그럼 사람이 궁금하게 돼있어. 갑자기 왜? 이러면서 나오게 돼있어.,90
9067,딱! 다가가?,90
9068,딱! 다가가. 그럼 걔가 첨엔 무서우니까... 뒤로 슬슬 물러난다고. 그러다 벽에 딱! 부딪히잖아? 그러면 오른손으로 니가 벽을 딱! 짚어. 그러면 걔가 완전히 쫄아서 ‘왜에... 그래에...’ 그런다고. 그때 딱! 기습적으로!,90
9069,아무 말도 않고 그냥 가.,90
9070,...,90
9071,터프하게. 절대 뒤 돌아보면 안돼. 뒷모습이 컨셉이야. 남자의 뒷모습. 왠지 쓸쓸해 보이는 그런... 응?,90
9072,... 아무 말도 하지마? 그냥 그게 끝이야?,90
9073,왜? 너무 함축적이야? 오케이. 그럼... 딱 한마디만 해.,90
9074,뭐라고?,90
9075,널 갖고 싶어! 딱! 그래.,90
9076,...,90
9077,아니면 더 세게. 도발적으로! 내 아이를 낳아줘! 딱! 그래.,90
9078,내가 지금 어떻게 애를 키워?,90
9079,이 븅신... 누가 진짜 나래? 말을 그렇게 하라는 거지.,90
9080,고맙다. 납뜩아. 너밖에 없다.,90
9081,이 새끼. 여자도 좋아할 줄 알고. 이제 남자 다 됐네. 다 컸어.,90
9082,서연이. 걔 열라 귀엽거든! 졸라 귀엽거든! 서연아!!!!,90
9083,조용히 해 새끼야! 쪽 팔리게.,90
9084,이게 4미터. 어때?,90
9085,근데 거실이 왜 이렇게 작아 보이지? 안그래?,90
9086,이천백에 천오백. 시스템으로 달릴 거고.,90
9087,... 음...,90
9088,아버지가 여기 앉아 계시면 마당이 한눈에 들어올 거야. 감나무도 잘 보이고.,90
9089,창 크기를 더 높이면 어떨까? 천정 끝까지 다.,90
9090,더 내려 봐. 더.,90
9091,더. 더. 거기. 그쯤이 될 거야.,90
9092,밝은 것도 좋지만 종일 직광이 들어오면 그것도 불편하다고. 창 높이가 이쯤에서 끝날 꺼고 그러면... 계절마다 조금씩 다르겠지만.,90
9093,...,90
9094,아침엔 해가 저기서 시작해서 지금 1시엔 여기쯤. 그리고 해질 때쯤 저쪽으로. 니가 있는 곳에 소파가 놓일 거니까 한 낮에 직사광선은 거기까지...,90
9095,근데 궁금한 게 있어.,90
9096,... ?,90
9097,지금 방 하나 더 만들 순 없는 거야?,90
9098,... 응. 없어.,90
9099,아무리 생각해도 방 2개는... 지금 어떻게 안될까?,90
9100,아. 더워.,90
9101,창문도 생각보다 너무 작아 보이고. 안방도 생각보다 작은 거 같고... 도면으로 보다가 직접 보니까... 너무 다른데. 아무리 생각해도...,90
9102,그 아무리 생각... 그걸 하지마. 더운데 굳이 왜 그래. 힘들게.,90
9103,그래두 아무리 생각해도...,90
9104,아 진짜 덥다. 오늘 이상하게 덥네. 그지? 왜 더울까?,90
9105,6학년때 3반. 5학년때 8반. 4학년때 1반. 3학년때... 아... 몇 반이었지?,90
9106,지금 보니까 운동장 참... 작다.,90
9107,오늘따라 뭐든지 다 작아 보이는구나. 너 요즘 키 크니?,90
9108,근데... 궁금한 게 있는데...,90
9109,너 키 크는 거 맞구나? 오늘따라 궁금한 것도 많구.,90
9110,아 진짜! 한마디를 안져! 한마디를! 어쩜 그렇게 필사적으로 구박일까?,90
9111,... 알았어. 뭔데? 뭐가 또 궁금한데?,90
9112,그... 썅년이 나야?,90
9113,... ?,90
9114,너 첫사랑. 그 썅년이 나냐고?,90
9115,... 아니야. 너 아니야. 너랑 나랑 뭐가 있었다구? 얘는.,90
9116,그렇지? 나 아니지?,90
9117,...,90
9118,그게 왜 나 같지? 그 썅년이. 이상하네...,90
9119,그게 왜 너같애? 어처구니가 없네. 하튼... 진짜 웃긴 애야.,90
9120,아니면 됐어. 그럼 됐지. 뭐.,90
9121,그럼. 그 쌍년은 왜 썅년이었어?,90
9122,그게 왜? 왜? 그게 왜 궁금한데?,90
9123,그거 나 맞지?,90
9124,아니라니깐! 아니라구! 아니야!,90
9125,...,90
9126,그게 아니라... 그게 왜 썅년이었나면... 실은 썅년이 아니라 쌍년이야. 쌍년. 내가 첫사랑을 양다리로 시작했거든. 여자 둘. 그래서 쌍. 년.,90
9127,이거 어때?,90
9128,그럼 이건?,90
9129,그럼 도대체 뭐?,90
9130,이거. 이거로 화장실은 전부 다. 쫙.,90
9131,... 핑크로?,90
9132,... 왜?,90
9133,전부 핑크로?,90
9134,좀... 그런가?,90
9135,핑크로. 쫙? 진짜? 막? 핑큰데?,90
9136,좀... 작은가? 아닌가?,90
9137,왜 여기서 똥을 싸고 그래. 사이즈 다 똑같애.,90
9138,그립감이란 게 있어. 잘 알지도 못하면서...,90
9139,너 그랬어.,90
9140,안 그랬어.,90
9141,그때. 분명히 그랬어.,90
9142,그런 적 없다니깐.,90
9143,니가 분명히. 첫 눈 올 때 만나자고 그랬어.,90
9144,말도 안돼. 내가 그런 유치한 얘길 했을 리가 없어.,90
9145,아. 짜증나. 녹음을 해 놨어야 되는데. 진짜.,90
9146,소파. 집에 있잖아?,90
9147,이번에 바꾸려구. 너무 작어. 이리와 봐.,90
9148,... 왜?,90
9149,와 봐. 좀.,90
9150,앉아 봐야 제대로 알지. 어때? 어울리는 거 같애?,90
9151,... 뭐가?,90
9152,소파.,90
9153,알았어. 집문제는 그럼 오빠 말대로 해. 아빠한테 내가 잘 얘기할께.,90
9154,... 미안해. 근데 너 잘 알잖아. 그게...,90
9155,알았어. 알았는데... 나 좀 섭섭해.,90
9156,어차피 이제 다 식군데 그렇게 자존심 세워야겠어?,90
9157,윤서연님.,90
9158,이제 다 끝난 건가요?,90
9159,네. 3개월 내에 구청에 접수하시면 됩니다.,90
9160,아니라니깐. 그건 은채 혼자 생각이고. 그런 게 있어. 엄만 몰라도 돼. 예.,90
9161,시장 사람들 다 하는데. 엄마만 혼자 어쩌자구. 공사 들어가면 어차피 장사는 못하는 거잖아. 몰라. 엄마 맘대로 해.,90
9162,하튼 지금 바쁘니까 나중에. 이따가.,90
9163,못됐다. 엄마한테 하는 거 봐라. 이거.,90
9164,...,90
9165,근데 무슨 공사?,90
9166,엄마 가게 있는 시장이 재개발 들어가는데... 하튼 뭐가 복잡해.,90
9167,어머니 시장에서 가게 하셔?,90
9168,...,90
9169,그랬구나. 몰랐네.,90
9170,...,90
9171,기분도 그런데. 우리 술 마실까? 술먹자. 술.,90
9172,됐어. 무슨 술이야.,90
9173,오늘 나랑 놀자.,90
9174,얘가 왜 이래? 안돼. 나 이따가 학교 들려야 돼.,90
9175,학교?,90
9176,성적증명 떼러.,90
9177,... 미국 가는 거 땜에?,90
9178,귀찮게... 뭘 보내라는 게 많아. 에이...,90
9179,좀 봐봐. 공부 얼마나 잘했나 보게.,90
9180,됐어. 무슨.,90
9181,학교 많이 변했다. 새로 생긴 건물들도 많고.,90
9182,...,90
9183,근데 왜 우리 한번도 학교에서 못봤지? 오다가다 만났을 법도 한데.,90
9184,나 1학년 마치고 군대 갔었어.,90
9185,아... 그랬구나. 그래서 그랬구나.,90
9186,방송반 사람들은 가끔 봐?,90
9187,전혀. 방송반. 1학년 때까지만 하고 관뒀어. 연락이고 뭐고 없어.,90
9188,... 재욱이형두?,90
9189,미국은 갔다 언제와?,90
9190,모르지 뭐. 몇 년이 될지... 가봐야 알지.,90
9191,섭섭하겠다. 그 동네에서 오래 살았잖아.,90
9192,섭섭하긴. 지긋지긋하지.,90
9193,그럼 느네 어머니는 거기 혼자 계시는 거야?,90
9194,...,90
9195,가게도 정리하신다며?,90
9196,몰라. 어떻게 될지.,90
9197,그래두. 걱정되겠다. 혼자 아프시기라도 하면 큰일인데...,90
9198,...,90
9199,나이 드신 분들은 순간이더라. 니가 신경 많이 써.,90
9200,그럼 나보러 어쩌라고?,90
9201,... ?,90
9202,그냥 여기서 평생 엄마랑 같이 살까?,90
9203,난 그냥... 걱정 돼서...,90
9204,니가 그런 걱정을 왜 해?,90
9205,왜 화를 내? 그냥 자주 왔다 갔다 하면 되잖아. 적적하지 않으시게...,90
9206,"자주 왔다 갔다 하기는... 내가 어디 놀러가는 걸로 보이니? 당장 학비에, 집세에. 먹고 살 걱정으로도 빠듯해. 모르면 속 편한 소리 말어.",90
9207,... 그래. 알았어. 그만 하자. 내가 잘못했어. 그만해.,90
9208,왜 하루종일 술타령이야? 뭔 일 있어?,90
9209,꼭 뭔 일 있어야 술 먹어?,90
9210,아니지. 그냥 먹어도 돼지. 그래서 술이지... 암요. 자. 마셔.,90
9211,아깐... 미안했어.,90
9212,화 났어?,90
9213,뭘 화가 나. 너 찌질한 거 내가 모르니?,90
9214,매운탕 나왔습니다. 지금 드셔도 돼요.,90
9215,매운탕... 이름 이상하지 않냐?,90
9216,... ?,90
9217,알이 들어가면 알탕이고... 갈비가 들어가면 갈비탕인데... 이건 그냥... 매운... 탕. 탕인데... 맵다! 그냥 그거잖아. 그게 끝이잖아. 뭐가 들어가든... 다 그냥 매운... 탕. 마음에 안들어.,90
9218,... 개그야?,90
9219,나 사는 게 매운탕 같아서. 안에 뭐가 들었는지 잘 모르겠어. 그냥 맵기만 해.,90
9220,지리로 시킬 걸 그랬나?,90
9221,나 오늘 이혼했다.,90
9222,... !,90
9223,오늘 법원가서 서류 정리하고 왔어. 이제... 법적으로 싱글.,90
9224,...,90
9225,근데 반응이 왜 이따위야. 깜짝 놀라거나. 좀 그래야 되는 거 아니야?,90
9226,대강... 알고 있었어.,90
9227,... !,90
9228,설계 하면서 남편 얘기 한번도 안하길래... 보통은 안 그러거든. 그래서 적어도 혼자 사나보다. 그 정도 생각은 했어.,90
9229,오... 집 설계 맡기면 그런 것도 뽀록 나는구나.,90
9230,얼마나 된 거야? 그런지.,90
9231,한... 3년? 결혼하고 1년만에 갑자기 갑자기 이혼을 해달래네. 그 새끼가.,90
9232,왜?,90
9233,나도 모르겠어. 갑자기 그러더라고.,90
9234,...,90
9235,모르지 뭐. 내가 그렇게 싫던가. 아니면... 딴 여자가 생겼던가. 하긴. 마음 떠났는데 그 이유가 뭐가 중요해?,90
9236,...,90
9237,별거 하면서 3년 버티다가... 오늘 들어줬지.,90
9238,왜 버텨? 3년이나.,90
9239,그럼 난 뭐 먹고 사니?,90
9240,...,90
9241,버틸수록 한푼이라도 더 받는대. 이혼하면 대출도 잘 안되고.,90
9242,...,90
9243,버틴 덕에 집도 짓고. 세금까지 싹 다 잘 챙겼어. 뭐. 괜찮아.,90
9244,나 열라 치사하지? 진짜 쌍년이지?,90
9245,...,90
9246,근데 어쩔수 없어. 세상의 섭리야.,90
9247,잘했어. 씨발. 졸라 축하해.,90
9248,아니야. 술 안마셔. 응? 대학동창 잠깐 만나서. 아니... 너 모르는. 응. 알았어. 장모님한테 한번 들리겠다고 전해줘. 응. 그래. 응.,90
9249,우리 한 잔 더하자. 입가심으로 맥주... 한 잔 더.,90
9250,사모님. 아니. 아가씨. 입가심은 양치질로 하시고요...,90
9251,괜찮아?,90
9252,괜찮아. 괜찮아. 빨간 약 바르면 금방 나.,90
9253,... 병신.,90
9254,뭐?,90
9255,... 개새끼.,90
9256,... 나?,90
9257,... 씨발...,90
9258,...,90
9259,다... 좆 같애!,90
9260,우리 10년 뒤에 뭐하고 있을까?,90
9261,우리 10년 뒤에 뭐하고 있을까?,90
9262,난 건축하고 넌 피아노치고 있겠지.,90
9263,아니. 난... 피아노 안 칠 꺼야.,90
9264,왜?,90
9265,음악 하는 애들 재수 없어. 다들 지 잘났다고. 부모 돈지랄. 재수 없어.,90
9266,그럼... 뭐 할 껀데?,90
9267,아나운서! 그래서 라디오 디제이도 하고. 돈도 많이 벌고... 유명해질 꺼야.,90
9268,아나운서가 돈 많이 벌어?,90
9269,... 아닌가? 아니면 적어도 돈 많은 남자랑 결혼해.,90
9270,저기 봐... 와...,90
9271,나 오늘 생일이다.,90
9272,오늘?,90
9273,응.,90
9274,근데... 왜. 나랑... 생일이면 친구들이랑 같이... 파티하고 그런거...,90
9275,넌 내 친구아니야?,90
9276,진작 얘기했으면 선물이라도 준비할걸.,90
9277,해줘.,90
9278,뭐 해줄까?,90
9279,나중에 이런데다 집 짓고 살거야. 그때 니가 지어줘. 꽁짜로. 알았지?,90
9280,당연하지!,90
9281,난 어떤 집에서 살 꺼냐면... 일단 2층집. 창이 많고. 여기가 거실이랑 안방. 애들 방은... 애는 둘 정도 낳을 꺼니까...,90
9282,... 나 오줌 마려...,90
9283,망 잘 봐.,90
9284,그게 키스냐? 키스란 건 말이야... 일단 입술이 딱! 붙어... 딱 붙잖아? 그러면... 혀가! 혀가... 스르르... 이렇게... 하다가.... 이렇게이렇게... 그러다가... 그 다음엔 졸라 이렇게이렇게... 헉헉... 알았어? 이런 게... 헉헉... 키스야. 니가 한건 뽀뽀. 만나면 반갑다고 뽀뽀뽀. 새끼야.,90
9285,저번에 철길 걷기 내기를 했는데...,90
9286,그게 뭐야?,90
9287,몰라? 철길 걷다가 먼저 떨어지는 사람이 지는 거.,90
9288,오 갓. 너무 유치해.,90
9289,걔가 내기로 손목 때리기를 하자는 거야.,90
9290,근데?,90
9291,손목 때리기는... 보통 사이에선 하지 않지 않냐? 막 손잡고 그래야 하는데...,90
9292,그럼 뭘 해? 아구창을 날려?,90
9293,학우 여러분. 날씨가 쌀쌀해졌습니다. 어느덧 가을도 얼마 남질 않았네요. 전 며칠 전 마당에 꽃을 심었습니다. 같이 있던 친구가 가을에도 꽃을 심느냐고 궁금해 하더군요. 무슨 꽃인지 물어봤지만 대답하지 않았습니다.,90
9294,작은 설레임을 가지고 봄을 기다려보는 것도 나쁘지 않을 거 같아서요. 마지막 곡은... 전람회가 부릅니다. 기억의 습작. 지금까지 진행에 윤서연 연출 한만수 책임 최재욱였습니다. 에이.비.에쓰.,90
9295,... 그냥 버스 타고 가면 되는데...,90
9296,괜찮아. 선배가 후배 드라이브 시켜주는 셈 치지 뭐. 저 새낀 자네.,90
9297,오빠 오피스텔이 대치동이죠? 거기 얼마나 해요?,90
9298,왜? 너 이사 오게?,90
9299,네.,90
9300,언제?,90
9301,최대한 빨리요. 아빠가 집 알아보라고 해서...,90
9302,오... 잘 됐네. 그럼 내 오피스텔로 한번 놀러와. 와서 보고... 술도 한잔 하고...,90
9303,그래두 돼요?,90
9304,당연하지. 후배가 이사 온다는데. 방송반 압서방파 한 명 늘었네.,90
9305,압서방... 그게 뭐에요?,90
9306,"압구정동, 서초동, 방배동. 너두 이사 오면 신고해야지.",90
9307,전 여기서 내릴께요.,90
9308,안녕히 가세요. 잘 가.,90
9309,새끼. 인사하는 싸가지 하고는...,90
9310,내가 사리돈을 어디다 뒀더라? 아이고 골치야...,90
9311,엄마 우리 이사 가면 안 돼?,90
9312,무슨 이살 가?,90
9313,그냥 이사...,90
9314,그게 무슨 뚱단지같은 소리야?,90
9315,강남에 아파트 같은 데로...,90
9316,가득이나 골치 아파 죽겠는데 얘가 웬 헛소리야. 나중에 니가 돈 벌어서 이사 가. 오늘두 겨우 2만원 팔고 들어왔어.,90
9317,그래. 자랑이다!,90
9318,이제 진짜 없다. 딱 한 가지 방법밖에 없다.,90
9319,...,90
9320,고백해.,90
9321,... 뭐라고?,90
9322,뭐라고 그러냐면... 첫눈 올 때 만나자고 그래.,90
9323,그게 고백이야? 그냥 아무 의미 없이 생각 할 수도 있잖아.,90
9324,그걸 아무 의미 없이 생각하는 여자면. 그건 여자가 아니라 곰이야. 곰! 우루사! 그런 짐승보다 못한 년은 차라리 안 사귀는 게 나아.,90
9325,... 년이 뭐냐... 년이.,90
9326,됐다. 너한텐 무리다. 인수분해도 못하는 놈이 무슨 미적을 풀어.,90
9327,그래. 됐다. 그만 할란다.,90
9328,뭘 한게 있어야 그만 하지.,90
9329,난 그냥... 서연이가 행복하기만 하면 돼. 그럼 돼.,90
9330,행복? 해피니스? 좆까라마이신이다! 병신 새끼.,90
9331,...,90
9332,해피니스. 거기 p가 두갠가? 아. 난 스펠링이 너무 약해. 문제야.,90
9333,이제 다 끝났어. 다신 안봐. 끝!,90
9334,무겁지?,90
9335,헉헉... 아니야... 나... 헉헉... 무거운 거 드는 거 좋아해... 헉헉...,90
9336,이건 국민학교 졸업식 때. 그땐 키가 작았어.,90
9337,여긴... 어디야?,90
9338,춘천 아빠집. 우리 아빠.,90
9339,자... 이거.,90
9340,선물.,90
9341,됐어. 무슨 선물이야.,90
9342,받어. 고마워서 그래. 오늘 짐도 옮겨주고... 맨날 나한테... 하튼... 받어.,90
9343,저기... 첫 눈 올 때... 뭐 해?,90
9344,첫 눈? 그거 언제 오는데?,90
9345,아... 그러니까... 글쎄... 보통 겨울에... 때 되면...,90
9346,우리 그때 만날까?,90
9347,... !,90
9348,재밌겠다. 첫 눈 오면 무조건 늬네 동네. 그 빈 집에서 보기로. 어때?,90
9349,어... 뭐... 그럴까. 그럼?,90
9350,거봐. 내 말대로 하니까 되잖아.,90
9351,...,90
9352,이럴 때일수록 침착하고. 이제 최종 마무리. 오답 체크. 일단 이벤트가 필요해. 첫눈이 왔다. 그러면...,90
9353,됐어. 보면 순 엉터리. 이제부터 내가 알아서 할꺼야.,90
9354,야... 이런거야? 배은망덕한 놈. 결초보은이 이런 건가? 그래서 어쩔 건데?,90
9355,선배. 좋은 기회잖아요?,90
9356,... 글쎄.,90
9357,아니. 반응이 왜 이래? 난 무지 칭찬 받을 줄 알았는데. 고맙다고 뭐 먹고 싶냐고 물어보면 한우 사달라고 그러려구 그랬는데.,90
9358,고마워. 고맙긴 고마운데. 너무 갑작스러워서.,90
9359,MC하고 싶어 했잖아? 선배도 이제 현장 그만하고 메인 해야지. 언제까지... 같이 해요. 선배가 MC하고. 내가 PD하고. 아름답잖아?,90
9360,...,90
9361,아빠. 이거 봐봐. 집. 너무 예쁘지?,90
9362,아빠. 나랑 같이 살래?,90
9363,너 뭐하니?,90
9364,따까리.,90
9365,여긴 정말... 하나도 안변했네.,90
9366,밥 먹자. 내가 살께.,90
9367,여기서 체르니 처음 시작했는데.,90
9368,뭐 먹을래?,90
9369,선생님 진짜 무서웠거든. 맨날 손바닥 맞고.,90
9370,먹고 싶은 거 없어?,90
9371,아니. 왜 하루종일 밥타령이야? 요즘 굶고 다녀?,90
9372,너 미역국이나 챙겨주게.,90
9373,...,90
9374,너 오늘 생일 아니야?,90
9375,아니야? 생일 바꿨어?,90
9376,맞어. 오늘 내 생일 맞어.,90
9377,근데 왜?,90
9378,... 기특해서. 귀여워서.,90
9379,근데 선물은 없어?,90
9380,역시 막국수는 춘천 막국수라고.,90
9381,국수 한 끼로 퉁치게?,90
9382,막국수는 이름 이상하지 않어?,90
9383,나 받고 싶은 거 있는데.,90
9384,막국수. 얘는 그냥 막. 막... 국순 거야.,90
9385,얘기 해도 돼?,90
9386,또 뭐. 뭐?,90
9387,피아노.,90
9388,... 뭐?,90
9389,피아노 얼마 안해.,90
9390,... 얼만... 데?,90
9391,한 2천?,90
9392,야!,90
9393,좀 비싸? 그럼 피아노는 됐고. 대신...,90
9394,...,90
9395,피아노 놓을 곳이 필요해. 제대로 된 방으로.,90
9396,... !,90
9397,... 그러니까... 2층을 올려줘.,90
9398,고민 많이 했는데...,90
9399,...,90
9400,나 다 정리하고... 완전히 내려와 살려고.,90
9401,...,90
9402,이 집이 좋아졌어. 여기 살면서 인생 리셋할까 하고. 새출발. 멋지지?,90
9403,진심이야?,90
9404,응.,90
9405,이미 공사 한 거 뜯어내야 돼.,90
9406,응.,90
9407,돈도 많이 더 들 거야.,90
9408,응.,90
9409,...,90
9410,응.,90
9411,그게 말이 돼? 지금!,90
9412,"다음주 준공검사 앞두고, 이제와서 무슨 2층을 올려? 장난쳐?",90
9413,추가 비용 다 감수하겠대.,90
9414,돈이면 다야? 설계 다시 하고 골조 건들면 최소한 한달인데. 그럼 스케쥴은?,90
9415,좀 늦춰지겠지.,90
9416,다음달에 우리 결혼식인 거 까먹었어? 지금 할일이 산더민데. 우린 어쩌라고?,90
9417,얘기했잖아. 서연이가 완전히 내려와서...,90
9418,그건 그 여자 사정이지!,90
9419,"야. 됐어, 됐구. 나한테 넘겨. 넌 이제 손 떼고 결혼 준비나 해. 쨔샤.",90
9420,내가 할께.,90
9421,뭐?,90
9422,내가 마무리하게 해줘.,90
9423,...,90
9424,시간 맞출께. 할 수 있어.,90
9425,...,90
9426,"내가 시작한 거니까, 내가 끝낼께.",90
9427,골조를 손대면 기초부터 다시 해야 하니까... 그건 너무 일이 커지고. 피아노방은 그냥 1층 방을 쓰자. 방음재 대고.,90
9428,그럼 내 방은? 나 짐 다 싸서 내려 올건데.,90
9429,니 방은 새로 2층에.,90
9430,"원래 집이 조적이니까, 그 위에 매스 하나를 얹히고. 거실로 켄틸레버 천오백 더 나오는 식으로. 구조를 풀고.",90
9431,...,90
9432,"새로 2층에 6평 방이랑 욕실, 드레스룸. 덤으로 1층 지붕이 2층의 마당으로.",90
9433,...,90
9434,"거실 뒷벽을 따라 계단이 일자로 쭉 가고, 그 밑부분을 주방 수납공간으로. 그러면 거실면적 손해도 거의 없고, 추가비용도 최소화 할 수 있을 거 같애.",90
9435,와...,90
9436,한 학기 동안 건축학개론 듣느라고 수고했어.,90
9437,"오늘 종강인데, 간단하게 뒷풀이 자리를 만들었으니까... 시간 되는 학생들 잠깐 들려서 맥주 한 잔씩 하구 가.",90
9438,너 어디야? 왜 수업 안 왔어? 이거 확인하자마자 연락해.,90
9439,뭐 해?,90
9440,같이 들렸다 가자. 끝나고 내가 데려다 줄께.,90
9441,오빠. 승민이 못 봤어요?,90
9442,승민이? 몰라. 왜?,90
9443,...,90
9444,뭐 해. 빨리 와.,90
9445,저기... 이번 크리스마스에 뭐해? 약속 있어? 없어? 그러면 그날... 나랑 같이 놀래? 왜냐고? 왜냐면... 왜...,90
9446,난 더 이상 널... 친구로만 대하기엔... 너무나 마음이...,90
9447,널... 좋아해.,90
9448,자. 원샷.,90
9449,오빠. 저 술 잘 못해요.,90
9450,그러니까 배워야지.,90
9451,야. 좀 걸어봐.,90
9452,서연아. 들어가자. 3층 맞어? 301호?,90
9453,어디 가세요?,90
9454,... 정릉이요.,90
9455,아... 정릉은 안 되는데...,90
9456,... 예?,90
9457,거긴 안 되는데...,90
9458,왜요?,90
9459,다른 차 타요. 지금은 강 못 건너.,90
9460,왜 못 가는데요?,90
9461,아니 못 간다면 그런 줄 알지... 빨리 문 닫아.,90
9462,가요... 정릉...,90
9463,아... 진짜... 이 사람이...,90
9464,왜 못 가냐구!,90
9465,아 새끼. 진짜 짜증나게... 야! 너 빨리 문 못 닫아?,90
9466,씨발... 못내려. 왜 못가? 왜!,90
9467,씨발?,90
9468,씨발? 어디서 어린 새끼가... 술 쳐 먹었으면 곱게 취할 것이지... 어쭈 이거 안 놔? 안 놔?,90
9469,못 놔! 씨발!... 정릉 가!,90
9470,이런 미친 새끼가...,90
9471,... 씨발. 개좆같은 년.,90
9472,...,90
9473,야! 다 잊어... 뭐 여자가 걔 하나냐?,90
9474,...,90
9475,관두라 그래. 그런 쌍년은 줘도 안 갖어.,90
9476,...,90
9477,다 잊어버리고... 이 형님만 믿어. 내가 대학만 가면...,90
9478,새끼야... 힘 내...,90
9479,어. 있었네.,90
9480,이사 시작 한 거야?,90
9481,이사는 다음 주고... 그냥 몇 개 가벼운 거 챙겨 왔어.,90
9482,이제 남은 게 뭐야?,90
9483,뭐 조경 마무리 하고. 담장 마감만 하면... 끝이지.,90
9484,이제 완전 끝이네. 정말 집을 다... 지었어.,90
9485,잘 살어. 재밌게 살어.,90
9486,넌? 결혼 준비는 잘 되가?,90
9487,뭐. 그럭저럭.,90
9488,너두 잘 살어. 재밌게 살어.,90
9489,느네 동네. 우리 놀던 빈 집 있었잖아. 그건 어떻게 됐어?,90
9490,없어졌어. 4년 전에 아파트 들어섰어.,90
9491,... 하긴.,90
9492,...,90
9493,그때 재밌었는데... 생각해보면 우리 동네 친구였잖아?,90
9494,...,90
9495,서울 올라와서 친구 한 명 없을 때... 너한테 정말 고마웠었는데.,90
9496,말해봐.,90
9497,...?,90
9498,그때 나한테 왜 이렇게 잘 해줬었어?,90
9499,... 널 좋아했었으니까.,90
9500,... 알고 있었어?,90
9501,내가 바보야? 그걸 몰랐을까?,90
9502,...,90
9503,너... 나한테 키스 했잖아. 자고 있을 때...,90
9504,... !,90
9505,나 그거 첫 키스였는데... 응큼한 놈.,90
9506,승민아. 기억나?,90
9507,...,90
9508,그날...,90
9509,...,90
9510,건축학개론 마지막 날...,90
9511,...,90
9512,그날... 너 수업 안오고...,90
9513,글쎄. 기억이 잘 안난다.,90
9514,...,90
9515,너무 늦었다. 가야겠다.,90
9516,... 그래.,90
9517,그래. 그날!,90
9518,...,90
9519,왜 그랬어?,90
9520,...,90
9521,그날... 왜 그랬어?,90
9522,그러게. 왜 그랬을까?,90
9523,...,90
9524,기억이 잘 안나.,90
9525,근데 이걸 왜 지금까지 가지고 있는 건대!,90
9526,...... 내 첫사랑이었으니까.,90
9527,괜찮지?,90
9528,근데 가슴 너무 파인 거 아닌가? 너무 야할까봐.,90
9529,아니에요. 요즘 이 정도는 다 해요. 여기선 이렇게 보여도 식장에 들어가면...,90
9530,... 내가 미쳤지. 내가 미친년이지.,90
9531,짐 다 들어온 거 같은데요.,90
9532,어... 은채씨. 고마워. 수고했어.,90
9533,이제 다 끝났네요. 저... 그리구 이거...,90
9534,꼭 오셔야 돼요.,90
9535,... 결혼 축하해.,90
9536,그럼 저희 먼저 가 볼께요. 오늘 회사에서 저희 환송회가 있어서...,90
9537,어... 그래. 어서 가봐. 차 막히기 전에.,90
9538,가자. 늦었어.,90
9539,아... 왜 또 평일이야?,90
9540,그것도 겨우 잡은 거예요.,90
9541,저런 놈이랑 결혼하는데 좋아? 그렇게 행복해?,90
9542,... 좋죠. 그럼!,90
9543,가서 살 집은 정했어?,90
9544,이스트 빌리지 쪽에 얻을 꺼 같아요.,90
9545,오... 비싼데서 사네. 승민이 저거 돈 좀 있네. 저거...,90
9546,그런 거 아니에요.,90
9547,근데 너 오늘 왜 이렇게 맥아리가 없어... 왜? 결혼하기 싫어?,90
9548,내가 뭐...,90
9549,이젠 못 물러. 늦었어. 늦었어.,90
9550,지금 그게 말이 돼? 사람들 다 저기 있는데.,90
9551,미안해. 니가 좀... 잘 마무리해라.,90
9552,도대체 지금 어딜 간다는 거야? 무슨 급한 일인데? 말을 해야 알거 아니야.,90
9553,나중에 얘기할께. 나중에...,90
9554,왜 더 자.,90
9555,... 답답해.,90
9556,답답해? 어디가 어떻게 답답해?,90
9557,그냥... 기분이 이상해. 내가... 내가 아닌 거 같아.,90
9558,... 어떻게 할까? 의사 부를까?,90
9559,됐어.,90
9560,그럼? 뭐 해줄까? 등 쳐줄까?,90
9561,그냥...,90
9562,...,90
9563,... 집에 가고 싶어.,90
9564,그래. 집에 가자. 집 다 고쳤어. 이제 들어가서 살면 돼. 볼래?,90
9565,여기가 거실이구... 여기가 안방... 예쁘지?,90
9566,...,90
9567,여기가 2층.,90
9568,... 이 사람은 누구야?,90
9569,그냥... 친구야.,90
9570,고마워. 너무 수고 많았어.,90
9571,...,90
9572,저기 잠깐만.,90
9573,이거...,90
9574,이걸 왜?,90
9575,받어.,90
9576,...,90
9577,너 첫작품이잖아.,90
9578,... 궁금하더라고. 너 어떻게 살고 있나... 어떻게 변했을까?,90
9579,...,90
9580,날 기억은 할까? 살면서 문득문득... 생각나더라구.,90
9581,...,90
9582,... 웃으면서 그런 옛날 얘기 하면 재밌겠다... 그냥 그런 거였는데...,90
9583,서연아...,90
9584,가서 몸 건강하게 지내. 아프지 말고...,90
9585,... 그동안 고마웠어.,90
9586,엄마. 이제 다 된 거 같은데.,90
9587,엄마. 여기 봐봐. 사진 찍자.,90
9588,... 에구. 망측하게 내 사진을 왜 찍어.,90
9589,기념으로. 마지막이잖아. 기념사진.,90
9590,그동안... 수고하셨어요.,90
9591,너 미국 가면 이런 거 언제 먹어봐?,90
9592,...,90
9593,가게 정리한 날인데... 그래두 마지막으로.,90
9594,...,90
9595,너 낳고 나서 시작했으니까. 33년 국밥을 말았네. 아이고. 오래 했다.,90
9596,... 엄마. 나 미국가지 말까?,90
9597,그게 무슨 뚱딴지같은 소리야?,90
9598,나 가면 엄마 혼잔데. 걱정두 되고...,90
9599,시끄러! 비싼 밥 먹고 얘가 쓸데없는 소리는... 미친놈.,90
9600,...,90
9601,너 그리고...,90
9602,이거 엄마가 주는 너 결혼 선물이야. 가서 보태 써.,90
9603,가게 판 돈을 왜 날 줘? 차라리 이 돈으로 아파트로 이사 가. 가서 엄마도 이제 좀 편하게 살어.,90
9604,아유. 됐어. 내 걱정 하지 말고. 새 애기한테나 잘해줘. 멀리까지 가서 애 고생시키지 말고... 참... 내 정신 좀 봐. 김치를 안 꺼냈네.,90
9605,여기서 삼십년을 넘게 살았는데... 이제 다 늙어서 어딜 딴 데 가서 정을 붙여? 난 그냥 여기서... 마저 살다가 죽을래.,90
9606,그런 얘기 좀 쉽게 하지마! 엄마가 죽긴 왜 죽어?,90
9607,늙으면 다 죽는 거지.,90
9608,엄만 이 집이 지겹지도 않아? 평생 여기 살면서 고생만 하고... 좋은 기억도 없잖아?,90
9609,... 집이 지겨운 게 어딨어. 집은 그냥 집이지.,90
9610,...,90
9611,이렇게 나이 먹고 보면... 좋았던 일도 나빴던 일도... 다...,90
9612,...,90
9613,그걸 뭐라 그래? 그... 뭐... 응?,90
9614,...,90
9615,그래! 추억.,90
9616,...,90
9617,다... 추억이야.,90
9618,아니. 근데 왜 이렇게 옹 맸대?,90
9619,그냥 찢어. 뭘 그걸...,90
9620,가만히 있어봐. 멀쩡한 걸 아깝게 왜 찢어? 잘 풀면 되지.,90
9621,...,90
9622,... 내 소원은 너 잘되는 거밖에 없어. 너한테 좋은 일이면... 그럼 난 괜찮아.,90
9623,...,90
9624,봐... 이렇게 풀리잖아.,90
9625,윤서연씨랑은 어떤 사이였던 거야?,90
9626,...,90
9627,솔직하게.,90
9628,옛날에... 내가 좋아했었어.,90
9629,...,90
9630,아주 많이... 좋아했었어.,90
9631,... 그게 다야?,90
9632,응. 그게 다야.,90
9633,승민아!,90
9634,너 왜 이렇게 연락이 안돼?,90
9635,... 나 집에 씨디가 없어.,90
9636,...,90
9637,그리구... 이제 나한테 연락 하지마.,90
9638,...... 왜?,90
9639,좀... 꺼져줄래?,90
9640,오늘 눈 올 확률이 70프로라네요. 올 겨울 첫눈인데요...,90
9641,난 좀 잘래.,90
9642,... 그래.,90
9643,아빠... 나 피아노 다시 쳐. 좋아?,90
9644,성은아. 딴따단딴딴... 이 아니라... 딴따단딴딴딴이지. 자... 예쁘게 10번만 더.,90
9645,선생님. 안녕히 계세요.,90
9646,오냐~ 내일까지 연습해와.,90
9647,조명주 / 장윤현,90
9648,비도 오는데 뭐 찡! 한 음악 없을까요?,90
9649,오늘은 신청곡 좀 많이 받을까요?,90
9650,비하고 관계있는 것들로 골라봐,90
9651,오늘 20분짜리 곡나가요?,90
9652,2부에 20분짜리 곡 나가니까 전 CM을 조금 빨리,90
9653,20분... 너무긴데...,90
9654,"Good News, Bad News 뭐부터 들을래?",90
9655,Good News도 있어요?,90
9656,Good News는 어제 음악선곡 완벽했다는 거고...,90
9657,5분짜리 노래만 선곡할거면 PD가 왜 필요합니까?,90
9658,5분짜리만 선곡하라고 있는거야!,90
9659,노래 한 곡이 그렇게 심각한 겁니까?,90
9660,원래 윗사람들이란게 개편때만 심각하잖니.,90
9661,심야프로 질 높이라면서도 청취율은 포기 못하죠.,90
9662,타협하기 싫다고 프로 없앨거야?,90
9663,장수 프로 만들려고...색깔을 죽일 수는 없어요.,90
9664,그래. 나도 너말할땐 그랬어. (알았다는 듯 고개를 끄덕,90
9665,그것도 안 된대요? 촌스러워 정말...,90
9666,...어떻게 됐어요?,90
9667,매일 부딪치는 일이야. 신경쓰지마.,90
9668,다음 개편때 없어진다는 말이 있어요.,90
9669,개편전엔 늘 그래. 왜 걱정돼?,90
9670,제가 맡은지 한달밖에 안됐어요. 작가한텐 좋지못한 경력이에요.,90
9671,자료실에 있을거야.,90
9672,PD가 잘리는 경우란 없으니까...,90
9673,잠깐만요!,90
9674,어떤 여자 분이 수위실에 맡겨놨대요. 드리면 아실거라고 했다는,90
9675,이게 다야? 다른 거 뭐 없었어?,90
9676,뭐가 더 필요해요?,90
9677,엄마야! 기철씨...! 왜 그래?,90
9678,놀래라고 한거다...아무튼 말 되게 안들어? 이렇게 구석진 데다,90
9679,알았어. 다음부터 저쪽에 댈께. 면접은 어땠어? 잘봤어?,90
9680,대충. 나야 뭐 워낙 인물이 출중하니까..,90
9681,대학원은? 진짜 포기한 거야?,90
9682,나같은 날라리가 공부는 무슨... 뭐 찾어?,90
9683,가만 있어봐...내가 키를 어쨌지?,90
9684,어? 이게 왜 나한테 있지?,90
9685,안그래도 하나 살려고 했어. 저번에,90
9686,벌써 우린 딱 통하잖아.,90
9687,어? 저 자식 저거 또 같이 있네?,90
9688,자!,90
9689,지겨워...이 놈의 알러지 때문에 품위 유지가,90
9690,그래!,90
9691,어? 왜 열쇠고리는 없어?,90
9692,열쇠고리? 그게 같이 한 세튼가?,90
9693,그럼 그건 안받아온거야? 그거 때문에 사달라고 한 건데 빼먹고,90
9694,진작 말하지. 그거 없으면 안되나?,90
9695,아후...죽겠다. 몸이 폭탄 맞은 거 같네.,90
9696,원래 지식이란 무거운 거야. 넌 그걸 머릿 속에 안넣고 번쩍번쩍,90
9697,피로 회복제 좀 사다 줄까?,90
9698,됐어. 샤워하고 푹 자면 돼.,90
9699,미안해. 다음에 더 근사한 걸로 사줄게.,90
9700,나 나갔다 온다. 한시간쯤 걸릴거야!,90
9701,또 드라이브야?,90
9702,"아니 물도 떨어졌고, 문 연 데 있으면 약도 좀",90
9703,같이 갈까?,90
9704,"아냐! 시험땜에 자주 못봤을텐데, 놀다 가!",90
9705,오늘 꼭 틀어야 되요? LP라 튈 위험도 있고...,90
9706,TR 1 입니다.,90
9707,세상에서 가장 무서운 습관은 기억이라고 하죠? 추억이,90
9708,이 음악에 추억이 있으십니까? *****의 *****입니다.,90
9709,건안증입니다. 눈물이 부족해요.,90
9710,그래서 뻑뻑하고 아픈 거에요.,90
9711,치료는 얼마나 받으면 돼요?,90
9712,건안증은 특별한 치료약이 없어요.,90
9713,그럼 이건 뭐에요?,90
9714,인공눈물이에요. 수시로 넣어주세요.,90
9715,어떡하죠? 지난번에 보내신 선물이 맘에 안드셨던 모양이에요.,90
9716,그럼 직접 갖다주라 그래. 내가 얘기할게...넘겨.,90
9717,"저, 한번만 더 보내 볼까요?",90
9718,"야, 끊어. 다른 전화나 받어!",90
9719,나쁘지 않다고 생각해요.,90
9720,니 일도 아닌데 뭘 그렇게 신경을 쓰니?,90
9721,마음이 약한 사람이야. 내가 이렇게 해서 두 사람이 잘될지 누가,90
9722,"천사병이야, 천사병.",90
9723,없으신 것 같아서 샀어요.,90
9724,난 필요없어. 홍작가가 써.,90
9725,한팀이라면 뭔가 비슷한 게 있어야,90
9726,내 책상 치웠나?,90
9727,네. 아침에 유리갈러 왔길래...뭐 찾으세요?,90
9728,여기 있던 음반들 어떻게 했어?,90
9729,자료실에 반납했는데요.,90
9730,왜 시키지도 않는 일을 하고 그래!,90
9731,그게 거기 끼어있는 줄 몰랐어요.,90
9732,어제 그 음악 벌써 신청이 들어왔네?,90
9733,아니. 오늘 또 틀거에요?. (책,90
9734,하이텔로 들어온 건가?,90
9735,네.,90
9736,여보세요? 희진이니?,90
9737,여보세요? 야! 전화가 왜이래?,90
9738,스피터 폰이야. 수화길 아무리 찾아도 없어! (수화기 찾으며 크게,90
9739,당연하지.,90
9740,추직 축하한다고 전해 줘.,90
9741,어? 어떻게 알았어? 잠깐만. 축하한대.,90
9742,수현이니?,90
9743,축하해! 될줄 알았어.,90
9744,"키햐! 역시 너밖에 없다. 야! 글쎄, 발표보고 나오는데 요게",90
9745,여보세요? 응 찾았어! 언제 올꺼야? 포도주도 사다놨는데?,90
9746,"안녕하세요, 한기철입니다. 메세지를 남겨주시",90
9747,****),90
9748,영혜?,90
9749,영혜를 만나고 싶어요. 물어봐 줄 수 있어요?,90
9750,몰라!,90
9751,너 무슨일 있니?,90
9752,그래도 내가 너무 심했어. 꽤나 그리워하던 여자 같던데.,90
9753,그 사람 일부러 너한테 접근하는 거 아냐?,90
9754,설마. 방송국 프로듀서야.,90
9755,사이비 기자도 있는데 프로듀서라고 가짜 없겠니?,90
9756,어떡하지?,90
9757,"정 그렇게 마음에 걸리면 미안하다고 해버려. 어차피 통신인데,",90
9758,야 그 옆에 있는 게 더 좋은데?,90
9759,기철인 파란색 안 어울려.,90
9760,왜? 기철씨 파란색 좋아하잖아!,90
9761,니가 어떻게 그런걸 알어?,90
9762,뭘...어떻게 알긴...그냥...언제 들은것,90
9763,이거 신상품이에요.,90
9764,너무 요란해.,90
9765,왜요? 이 정도면 심플한거에요. 더 화려한 것도 많이 하는데요.,90
9766,아무튼 이건 안돼. 신입사원이 너무 튀어!,90
9767,하긴 뭐...튈 수도 있겠다....,90
9768,정말 괜찮아?,90
9769,그럼 저때문에 작가를 바꾸신 거에요?,90
9770,너무 고마워 할까봐,90
9771,프리랜서 수칙! 남 밟고 올라가지 않는다 몰라요?,90
9772,이런 작가들이 또 죽어도 안 밟혀...자기 짤릴땐 더 무서워.,90
9773,그러지 마세요. 안그래도 저 눈밖에 났단,90
9774,아니. 은희도 무서운 사람이 있어? 나랑 일할 땐 뛰는,90
9775,그땐 아무것도 모를 때 였잖아요.,90
9776,그럼 이젠 베테랑이 된거야?,90
9777,그런건 PD가 평가하는 거,90
9778,야..둘이 사겨? 은희 너,90
9779,선배님 그만하시죠. 오늘 많이 드셨는데,90
9780,야! 오랜만인데 술 좀 마셔라.,90
9781,권PD는 술 안 좋아하시나봐요? 취하지도 않으시고,90
9782,동현이랑 마시면 이상하게 나만 금방 취한단 말야.,90
9783,괜히 막 취하게 만드는 사람이 있어요.,90
9784,운전할 수 있겠어? 많이 마신 것 같은데?,90
9785,괜찮아요. 가세요. 모셔다 드릴게요.,90
9786,아니야. 난 혼자 가는 게 편해.,90
9787,권PD는 친해지기 어려운 분인 거,90
9788,그래?,90
9789,일 시작한지 한 달이 지났는데...회식 한번 안했잖아요.,90
9790,그랬었나? 하지 뭐.,90
9791,언제요?,90
9792,아무때나 시간날 때,90
9793,개편도 얼마 않남았는데...그 전에 할 수는 있는 거에요?,90
9794,늘 개편을 기준으로 얘길 하는군. 개편에 왜 그렇게 민감해?,90
9795,어차피 PD와 작가는 시한부 만남이잖아요...하지만 늘 개편에,90
9796,저 찬가?,90
9797,뭐 마시겠어?,90
9798,맥주 있어요?,90
9799,아직 원고에 말이 좀 넘치는 것 같애. 한장,90
9800,지금 그이야기가 어울린다고 생각해요?,90
9801,무슨 뜻이야?,90
9802,지난번 작가와도 늘 일얘기만 했어요?,90
9803,일하다보면 그게 더 편해.,90
9804,이상하군요...서로를 잘 알아야 그게 편한거 아녜요?,90
9805,어떻게 해야 잘 아는거지?,90
9806,얘기 않해도 무슨일 생기면 알아차릴 정도는 되야죠.,90
9807,무슨일 생기면 얘기해. 배려할 마음은 있으니까.,90
9808,내가 왜 왔는지 알죠? 그래서,90
9809,난 일때문에 감정을 숨기는 여잔 아녜요.,90
9810,어떻게 하지?,90
9811,홍은희입니다. 메모를 남겨주세요.,90
9812,나야...,90
9813,여보세요.,90
9814,(입구쪽을 턱짓으로 가르키며( 또 왔어!,90
9815,"가격이요, 십오만 이천원인데요.",90
9816,직접 갖다주라,90
9817,다시 가져오면 어떡해요?,90
9818,아이 씨! 이거 답답하네. 정말!,90
9819,"저, 제가 조금 있다 그쪽으로 전화를 드릴게요.",90
9820,안받겠다는데 무슨 수로 줘요! 한 두,90
9821,이봐요. 이봐요!,90
9822,이수현입니다. 기철씨?,90
9823,아니! 언제왔어? 밑에서 기다리는줄,90
9824,놀랬지?,90
9825,연수는 끝난거야?,90
9826,어제 왔어.,90
9827,근데 여긴 왠일이야?,90
9828,뭐해? 자! 받어. 팔 떨어지겠다.,90
9829,아니. 이게 뭐야?,90
9830,지난번에 미안했어.,90
9831,어머-.,90
9832,맘에 들어?,90
9833,고마워.,90
9834,오늘 저녁에 시간 있어?,90
9835,왜?,90
9836,희진이랑 저녁 먹기로 했는데 같이 와.,90
9837,"아냐, 난 빠질래. 오랜만에",90
9838,아냐 오늘은 같이 있어야돼. 중요한 일이 있거든.,90
9839,중요한 일?,90
9840,응 그런일이 있어.,90
9841,넥타이 좋은데?,90
9842,그래? 희진이 선물이야. 솔직히,90
9843,마음에 들어?,90
9844,난 원래 푸른 계열을 좋아하거든.,90
9845,근데 틀어졌다.,90
9846,그래?,90
9847,야 이것때문에 아침내내 고생했는데 왜 이렇게 안돼냐?,90
9848,이거 참...,90
9849,아니 어떡하려고 풀어?,90
9850,화장실 가서 다시 매지 뭐. 맬 줄 아니?,90
9851,응. 하지만 잘 못해.,90
9852,야! 잘됐다. 한 번 매주라. 나보단 나을 거,90
9853,여기서?,90
9854,어때? 빨리.,90
9855,희진이 샴푸냄새랑 똑같네!,90
9856,"커피 마실래? 참, 점심 먹었어?",90
9857,아냐. 지나가다 들린거야. 빨리 가야돼.,90
9858,아니. 난 빠질래...,90
9859,꼭 와야돼. 올라가.,90
9860,누구야? 애인? 야-,90
9861,"거기, 청취자 둘! 오늘 왜 그래요? 분위기가 삭막하니까. 원고를",90
9862,난 오해하고 싶지 않아요. 어떤 감정인지 확실히 얘기해줘요.,90
9863,감정이 있어서 간건 아냐.,90
9864,그럼 왜 날 찾아온거죠?,90
9865,그냥 은희가 생각났어.,90
9866,부담가질 필요 없어요. 나도 가끔은 누군가 찾,90
9867,타세요.,90
9868,아냐. 괜찮아.,90
9869,혼자 운전하기 싫어서 그래요.,90
9870,"어떤놈이야? 나 만나고 있는데, 이 시각에 누가 삐삐쳐?",90
9871,"너 아니어도 인기 많아, 나.",90
9872,근데 아까 얘기한 중요한 일이 뭐야?,90
9873,"실은말야 오늘 희진이한테 청혼할 생각인데,",90
9874,***** 좀 찾아주세요!,90
9875,희진이니?,90
9876,책은 보기만 해도 지긋지긋하다고 했잖아?,90
9877,그렇다고 내가 언제 도서관 관둔다고 한적 있어?,90
9878,가자. 5년만 있다가 올라오면 돼.,90
9879,"이건 그런 문제가 아니야. 놔! 싫어, 만지지 마.",90
9880,난 그런 촌구석엔 안가.,90
9881,울산이 왜 촌이니? 거기에도 도서관 있어!.,90
9882,거기서 날 받아준대? 그러고 다시 올라오면 누가 떡하니 자리,90
9883,나한테 대학원 포기하고 취직하라고 한게 누구야?,90
9884,"취직하라 그랬지, 누가 울산 가랬어?",90
9885,연구소가 공장에 있는걸 어떡해! 니가 관줘. 난 관둘 수,90
9886,넌 항상 그런식이야! 뭐든지 니 맘대로였어.,90
9887,솔직히 말해. 울산에 가기 싫다는 거야? 나하고 결혼하기 싫다는,90
9888,맘대로 생각해1,90
9889,찾으신는 거 있으세요?,90
9890,"네. 저 혹시, ***** 음반 있어요?",90
9891,그건 구하기 힘든거라 지금은 없네요. 꼭 필요,90
9892,아녜요. 괜찮습니다. 또 오죠.,90
9893,야! 권동현!,90
9894,장산 잘되냐?,90
9895,왠일이냐?,90
9896,"지나가는 길에 들렸어, 얼굴이나 볼까하고...",90
9897,이젠 동창회에도 나오고 해라. 보고싶어하는 사람들도 많은데.,90
9898,사실 너 말곤 별로 보고 싶지가 않다.,90
9899,짜식! 정말 오랜만이다. 뭐 마실래? 커피,90
9900,그래.,90
9901,너 설마 아직 상우선배 일,90
9902,야! 이젠 잊어버려. 아무도 너때문이라고 생각 안해.,90
9903,민영아! 혹시...영혜 소식 들은적 없어?,90
9904,영혜선배? 아니.,90
9905,영혜한테서 음반이 왔어.,90
9906,...그냥 잊어버려...자길 잊으란,90
9907,"아니야, 불길한 느낌이 들어.",90
9908,영혜선배는 선택을 한거야. 그래서 떠난거고... 그렇게,90
9909,제 마음이 전달되길 바래요. 이 수 현.,90
9910,방송용 팩스는 아니죠? 누구에요?,90
9911,언젠가 당신같은 남자를 본적이 있어요.,90
9912,"버스에서 내려 집으로 가는 길이었는데, 한 남자가 나를",90
9913,그리고는 한참 걸었는데 그 남자가 나를 따라왔어요 한번만,90
9914,허탈하게 돌아서는 그 사람이 자꾸 떠올라서 그날밤은,90
9915,변명같지만 그날 전 당신을 실망시키고 싶지 않았어요.,90
9916,사과하려고 애쓰지 말아요.,90
9917,누군지도 모르는데 사과하는 게 그렇게 중요한가요?,90
9918,어디서 어떤 모습으로 만나게 될지 모르잖아요.,90
9919,왜 그 음악을 듣고 싶어하죠?,90
9920,글쎄요. 설명하긴 힘든데...,90
9921,순간 불행이 나를 빗껴가는 걸 느꼈어요. 그후론 자꾸 그,90
9922,혹시...그분 만나셨어요?,90
9923,아뇨.,90
9924,그 음악에 대한 특별한 사연이라도 있어요?,90
9925,그 얘긴 그만합시다.,90
9926,우린 서로에 대해 별로 아는게 없죠?...전 전화로 물건을,90
9927,어떤걸 팔죠?,90
9928,백화점을 상상하시면 돼요. 모든 물건이 다있어요.,90
9929,당신은 상품을 팔고 난 음악을 팔고...비슷한 데가 있군요.,90
9930,혹시 술마셨어요?,90
9931,어떻게 알았어요?,90
9932,직업병이죠. 목소리만 듣고도 어떤 상탠지 알거든요. 도사가,90
9933,......,90
9934,처음에 ID를 보고 특이하단 생각을 했었어요. 왜 그런 ID를,90
9935,아뇨. 우연히 어느 책 표지에서 봤는데...그냥...현실엔,90
9936,그쪽 ID엔 특별한 의미가 있습니까?,90
9937,유일한 별명이에요.,90
9938,특이한 별명이군요.,90
9939,학교다닐 때 잠깐 연극을 한적이 있는데 그때 생긴 별명이었,90
9940,연극을 좋아하나 보죠?,90
9941,아뇨 그런건 아녜요. 연극보단 영화를 좋아해요.,90
9942,저...찾고있는 그분말예요. 아마 만나게 될거에,90
9943,전 그걸 믿어요.,90
9944,끝내 어긋나는 만남도 있어요...하지만 나도 그말을 믿고,90
9945,뭐하러 나왔냐? 외국 가는것도 아닌데.,90
9946,막혀서 늦나봐. 나도 1시간 넘게 걸렸어.,90
9947,기다리는 거 아냔 마.,90
9948,자...,90
9949,오면 전해줄게.,90
9950,아니. 대신 버려줘.,90
9951,올라오면 연락해!,90
9952,이젠 안올거야.,90
9953,쟤 어때? 귀엽지?,90
9954,너 꼭 택시기사 같다.,90
9955,벨트나 매. 넘어지겠다.,90
9956,잘 갔지?,90
9957,응.,90
9958,전 눈물이 안나요.,90
9959,눈물이 안나니까 웬만한 일에는 끄떡도 없어요.,90
9960,그 사람을 안 건 내가 먼저였어요. 제가 좋아하는 그 사람의,90
9961,보고있으면 무척 따뜻하고 기분이 좋아져요.,90
9962,어느날 그런표정으로 친구를 바라보고 있는걸 봤어요.,90
9963,정말 바보같죠?,90
9964,그사람은 발이 무척 커요. 혹시 동현씨도 발이 큰가요?,90
9965,야 오늘 반항곡은 뭐냐?,90
9966,원고야? 봐도 되지?,90
9967,홍은희표 원고...여전히 좋구만! 둘이 좀 친해졌어?,90
9968,네?,90
9969,지난번에 보니까 거의 권동현 맹신자가 다 됐던데?,90
9970,은희...괜찮은 여자지?,90
9971,네,90
9972,야! 내가 은희를 처음 볼 때 말야...같이 밥을,90
9973,왜요?,90
9974,떨려서.,90
9975,넌 안그랬니? 하기야 넌 강심장이니까 난 사춘기 지나고,90
9976,미안하다. 내가 미리 말했어야 하는건데.,90
9977,신경쓰이니?,90
9978,아뇨.,90
9979,일을 같이 하니까 불편한 점이 많아서말야...사람들 눈도 있고,90
9980,아닙니다.,90
9981,니가 신경좀 써줘라.,90
9982,네.,90
9983,동현아! 그리고 말야...,90
9984,"아, 아니다. 오늘 시간있어? 저녁이나 같이하자. 할 얘기도 있는데.",90
9985,네. 그러세요.,90
9986,이쪽으로 앉지?,90
9987,우선 한잔해.,90
9988,홍작각가 있는줄 몰랐어요.,90
9989,같이 할 얘기가 있어서 불렀어.,90
9990,아니 왜들 그렇게 어색해. 처음 만난 사람들처럼.,90
9991,자...두사람한테 전할 소식이 있는데,90
9992,다른 작가랑 하세요. 전 지금 하는것도 힘들어요.,90
9993,동현인 어때? 괜찮겠지?,90
9994,네. 크게 지장이 없다면...,90
9995,일을...하고 안하고는 내가 결정해요.,90
9996,왜그렇게 예민하지?,90
9997,은희한테 딴남자가 생긴것 같애...일하면서 못느꼈니?,90
9998,아뇨.,90
9999,누군가 있다면 보내줘야겠지?,90
10000,...,90
10001,차라리 너라면 좋겠다.,90
10002,언제 안 거에요?,90
10003,...내가 윤차장하고 일하길 바래요?,90
10004,그건 은희가 결정할 문제야.,90
10005,내가 윤차장한테 돌아가길 원하는 거에요?,90
10006,윤차장과는 이미 끝났어요.,90
10007,윤선밴 은희때문에 힘들어해.,90
10008,그럼 윤차장 감정이 정리될 때까지 기다려야 돼요?,90
10009,그건 둘 문제야. 나한테 무어볼 필요없어.,90
10010,윤차장 때문에 물러서는 것처럼 얘기하지 말아요. 왜 자신의 감정,90
10011,더이상 복잡해 지는게 싫어.,90
10012,복잡한거 없어요.,90
10013,난 PD고 은희는 작가야 그걸로 충분해.,90
10014,"난, 그렇지 않아요. 당신이 필요해요.",90
10015,누군가를 다시 만나는게 힘드었어요.,90
10016,그분...민영혜씨 때문인가요? 아직도 사랑하고 있군요?,90
10017,모르겠어요.,90
10018,그렇게 사랑하면서 왜 헤어졌어요?,90
10019,갑자기 떠났어요. 왜 그랬느냐고...물어보고 싶어요.,90
10020,사랑하는 사람에겐 묻는게 아니래요.,90
10021,그때 너한텐 차마 얘기 못했는데...실은...,90
10022,물론...그게 형식적인 거였고 사실 아무 의민 없지만...내 생각엔,90
10023,그때는 영혜를 다 이해한다고 생각했었는데...,90
10024,왠일이냐? 어떻게 왔어? 야아! 너 예뻐졌다.,90
10025,나 혼자 왔어.,90
10026,"야, 그럼 혼자 오지, 나한테 오면서 남자랑 같이",90
10027,너무 많이 마시는 거 아냐?,90
10028,춥지? 안 추워? 들어갈까?,90
10029,좀 더 있고싶어. 파도소리 참 좋다.,90
10030,아 이게 파도소리구나? 난 몰랐지.,90
10031,니가 매준 넥타이 아직 안풀렀어.,90
10032,왜?,90
10033,다시 그렇게 못 맬 것 같아서...,90
10034,실은 내가 너 처음봤을때 관심있었던 거 몰랐지?,90
10035,그때 괜히 친구랑 본 연극 너랑 또 보고 그랬잖냐. 그것도 모르고,90
10036,왜 왔는지...알아?,90
10037,희진이가 가보라고 해서?,90
10038,아니.,90
10039,맞아. 그럴리가 없지. (생각하지만 집중하지,90
10040,이제 춥다. 들어가자.,90
10041,서울이요!,90
10042,무슨 말이에요? 이젠 친구로 만날 수도 없게 됐잖아요.,90
10043,사랑하면서 친구로 만나는게 무슨 의미가 있죠?,90
10044,바라만 보는 사랑도 있어요.,90
10045,왜 그런 사랑을 하죠? 친구 애인이어서 미리 포기하는 건가,90
10046,난 그 사람을 사랑하는거지 사랑받길 원하는건 아녜요.,90
10047,바보같은 소릴 하는군요. 사랑한다면 사랑받길 원하는 겁니,90
10048,그렇지 않은 사랑도 있어요.,90
10049,당신은 친구로부터 애인을 뺏을 용기도 없어요. 포기하는 것,90
10050,너무 심하게 얘기 하는군요 당신...,90
10051,쓸대없는 감정때문에 당신을 사랑하는 사람을 놓칠 수도 있,90
10052,날 사랑해주는 사람은 없어요.,90
10053,그건 모르는 일이에요.,90
10054,그렇게 얘기하는 당신은 새로운 사랑을 만났어요? 왜 헤어진,90
10055,지금 내 얘길 하는게 아니잖아요.,90
10056,피하지 말아요. 냉정한 척 하지만 자신을 속이고 있어요.,90
10057,이건 당신을 위한 충고예요. 그 사람에게선 행복을 얻을 수,90
10058,정말 충고가 필요한 사람은 당신이에요.,90
10059,이제 그런 사람은 잊어요.,90
10060,홍작가 무슨 일 있어요? 이렇게 무책임한 성격은 아닌,90
10061,일단 오늘은 이렇게 가자구.,90
10062,녹은시간 늦추고 빨리 다른 작가 알아봐야 되는거 아니에요?,90
10063,현명한 PD라면 그랬겠죠.,90
10064,일단 시작하지.,90
10065,먼저 얘기좀 해요.,90
10066,녹음 끝나고 해.,90
10067,난 지금 해야겠어요!,90
10068,홍작가! 그러지 말고....,90
10069,"진행자의 손을 뿌리치며) 왜 나는 아닌지, 그 이유를 들어야 겠어",90
10070,여긴 방송국이야.,90
10071,더이상 비참해지는게 싫어요.,90
10072,...,90
10073,더이상 윤차장 핑계 대지말아요. 그게,90
10074,그냥 처음으로 돌아가고 싶은 것 뿐이야.,90
10075,이제와서...처음으로 돌아갈 수는 없,90
10076,"그래 그땐 누군가 필요했고, 은희가 곁에 있었어. 그걸 부인하는",90
10077,음반보낸 그여자 때문인가요?,90
10078,난 지금 누군가를 받아들이기가 힘들,90
10079,너 울산에 갔었니?,90
10080,프로 없어졌다고 다 그만두면 남아있을 PD 하나도 없어요!,90
10081,수고해!,90
10082,왜 그만뒀어요?,90
10083,그냥 그만하고 싶어서요. 그게 궁금해서 찾은건가요?,90
10084,찍을 땐 몰랐는데 찾고나서 보면 허전하게 서있는 독사진을,90
10085,땡! 벌점 하나. 그건 비참한 거 아니다.,90
10086,어머? 왜요? 혼자 서서 히죽 웃고 있는 게 얼마나 허전한데,90
10087,사진을 안 찍어서 그런가? 그건 잘 모르겠는데?,90
10088,그럼 한번 해봐요. 옆에 아무도 없다는 걸 실감하게 될테니,90
10089,어쨌든 그건 인정할 수 없어요.,90
10090,좋아요. 음...크리스마스때 TV에서 하는 영화 보다가 졸았을,90
10091,졸고 일어났는데 디 엔드 자막이 뜨면 더욱더 비참하죠.,90
10092,또 있어요.,90
10093,극장에서 나왔는데 우산이 없어서 비 쫄딱 맞았을 때!,90
10094,"어머. 나두 그런 적 있었는데. 근데, 그것보다 더 비참한 거",90
10095,무지무지 보고싶은 영화가 있는데 같이 볼 사람이 한사람도,90
10096,"다시요! 용기를 내서 혼자 극장에 갔는데, 영화를 끝까지 다 못보",90
10097,왜요? 누가 추근거렸어요?,90
10098,아니요. 영화보는 내내 불이 켜지기 전에 나와야 한다는,90
10099,에로틱한 영화를 보러갔군요?,90
10100,아니에요! 여자 혼자 극장에 가면 사람들이 힐끌힐끔 쳐다보,90
10101,그날은 정말 마음 굳게 먹고 간 건데...영화가 언제 끝날까,90
10102,나 참 바보 같죠?,90
10103,예민한 여자군요?,90
10104,그건 소심한 거에요.,90
10105,어쨌든 이제 혼자서 영화관 같은 덴 안갈거에요.,90
10106,그래요. 혼자선 가지 말아요.,90
10107,건안증이세요?,90
10108,네? 그냥 눈병이에요. 보지 마세요.,90
10109,이 자리 비었어요?,90
10110,두 장이요.,90
10111,여보세요.,90
10112,잘 지내지?,90
10113,"응, 좋아. 넌?",90
10114,...,90
10115,이거...필요할 거 같아서.,90
10116,호주엔 왜 가려고 하지요?,90
10117,좋을 것 같아서요...,90
10118,방송 프로듀서였군요. 가서 뭘 할 겁니까.,90
10119,아직 결정 안했어요. 전혀 다른 일을 해볼 생각입니다.,90
10120,어디에 정착할 계획이죠?,90
10121,그것도 아직 결정하지 않았어요. 아무 곳이나 상관없어요.,90
10122,왜 호주 시민권을 얻으려 하지요?,90
10123,아름다운 나라니까요.,90
10124,그 음반은 오랫동안 영혜가 찾아다녔던 거였어요.,90
10125,영혜에겐 이미 사랑하는 사람이 있었어요. 써클선배였는데,90
10126,그런데 어느날 갑자기 영혜가 떠나버렸어요. 뒤늦게 제대를,90
10127,사람들은 사고였다고 하지만 난 자살이라고 생각했어요.,90
10128,난 그녀가 돌아올 곳은 나밖에 없다고 생각해쓴데..영혜는,90
10129,"저는 한, 한정태입니다.",90
10130,"어려서부터 사, 사람들 앞에서는 마, 말을 못하고 수줍음",90
10131,"제가 이, 이 버릇을 고쳐야겠다고 겨, 결심",90
10132,전화번호가 어디 있을텐데...,90
10133,9대본 보다가) 아뇨. 이민 간다고 하던데요?,90
10134,갑자기 무슨 이민이야?,90
10135,시드니로 간다고 그랬던 것 같은데?,90
10136,언제?,90
10137,다음주 토요일인가?,90
10138,누구 권PD 연락처 아는 사람 없어? 좀,90
10139,혹시...음반을 보냈던 분이세요?,90
10140,권동현입니다.,90
10141,저 수현이에요. 방송국에 갔었어요. 떠난다는 소식을 들었어요...,90
10142,수현이에요...여러번 전화했어요...가기,90
10143,듣고있으면 받아요...동현씨? 저 수현이에요.,90
10144,오랜만이에요.,90
10145,오랜만이군.,90
10146,통 연락이 안되더군요.,90
10147,응. 좋아보여.,90
10148,다시 일 시작했어요.,90
10149,잘 됐네.,90
10150,떠난다구요?,90
10151,언제 떠나요?,90
10152,내일 밤에.,90
10153,다시 안올거에요?,90
10154,글쎄. 모르겠어.,90
10155,얼마전에 방송국으로 어떤 여자가 찾아왔었어요. 만나야 될 것,90
10156,그래?,90
10157,당신을 사랑하고 있다는걸 알았어요. 눈빛이 그랬어요.,90
10158,갈게요. 잘가요.,90
10159,저를 기억하고 있는지 궁금하군요. 수현이에요.,90
10160,단신을 만나겠다는 생각이 잘못된 건가요?,90
10161,오늘 아침 지도를 봤어요. 당신이 가려고 하,90
10162,당신은 이곳에서 유일하게 내가 아는 사람이었는데...당신을 본적,90
10163,언젠가 그랬죠. 만날사람은 꼭 만난다는 걸 믿는다고.,90
10164,오늘 당신을 만나서 이 음악을 함께 듣고 싶었어요.,90
10165,"이럴거 없잖아, 같이 놀자는데",90
10166,왜 그래요?,90
10167,뭘?,90
10168,왜 가만 있는 사람을 괴롭혀요?,90
10169,"야, 이 …… 시발 니가 뭔데 나서?",90
10170,괴롭히기는 뭘 괴롭혀?,90
10171,그럼 됐어요..,90
10172,되긴 뭐가 돼?,90
10173,엄마!,90
10174,"엄마,",90
10175,둘째 형 하는 일은 잘돼?,90
10176,"참, 니 큰성이 아침부터",90
10177,"예, 통신보안 김병",90
10178,이리 줘 봐라.,90
10179,"여보세요, 예 맞아요.",90
10180,엄마. 파출부,90
10181,엄마! 이제 내가 돈 많이 벌테니까,90
10182,"참, 어제 너 찾는 전화가 왔었는데.",90
10183,누군데?,90
10184,"내가 아니? 응, 거기 어디",90
10185,(전화기 옆에 씌여진 먼호를 보며 전화,90
10186,안받네.,90
10187,"그래, 제대 소감이 어떠셔?",90
10188,답답하지 뭐. 할 일도 없고…,90
10189,나야 뭐 먹구 살기 바쁘지 뭐.,90
10190,동네가 너무 많이 변했어. 신도시,90
10191,전에는 뭐 별 거 있었나?,90
10192,그래도......,90
10193,"아, 계란이요, 계란! 계란이",90
10194,미애씨요?,90
10195,"형님, 여기가 옛날 우리땅 아냐?",90
10196,옛날 여기 아카시아 천지였는데......,90
10197,"임마, 이제 너도 돈벌 궁리나 해. 니",90
10198,"아이, 알았어. 돈 벌거야. 두고봐, 어",90
10199,"아, 씨발 걸렸네!",90
10200,"왜 안 서, 도망가면 더 크게 걸려.",90
10201,가만 있어.,90
10202,실례합니다.,90
10203,"아,",90
10204,아무리 바빠도 신호는 지키셔야지.,90
10205,한번만 봐주세요. 서로 아는 처지에…,90
10206,알긴 뭘 알아?,90
10207,딱지 떼면 오늘 장사 공쳐요. 나 하루,90
10208,아저씨 한 번만 봐줘요.,90
10209,아이 봐줘요.,90
10210,줘봐요.,90
10211,고맙습니다. (지갑에서 돈을 꺼낸다.,90
10212,"아니, 아저씨 잔돈 없어요?",90
10213,곤란하네. 오천원이라도 있어야 가다가,90
10214,이리 주세요. 내 차에 가서 바꿔줄께.,90
10215,고맙습니다.,90
10216,어어? 저 새끼 봐?,90
10217,어쩔려고?,90
10218,어쩌긴? 오천원 받아내야지.,90
10219,어떻게 받아내? 그냥 가.,90
10220,"안돼, 왜 눈 뜨고 오천원을 그냥 뺏기냐?",90
10221,"아이, 아저씨 돈줘요? 내돈 줘요 야",90
10222,빽차 정지해라! 차 세워라!,90
10223,"아이구, 일찍도 오셔.",90
10224,늦게 왔다고 조금 더 앉았다 가라,90
10225,아유 오빠들 오랜만이네. 미스 김 보고,90
10226,야아! 안 서? 야,90
10227,야! 김순옥! 안 서? 거기 서!,90
10228,왜 도망 가?,90
10229,맞아. 내가 왜 도망가. 잘못한 것도,90
10230,너 옷 꼬라지가 이게 뭐야.,90
10231,"아, 왜이리 붙들고 이래",90
10232,너 이런 일 아니면 돈 못벌어.,90
10233,"엄마 한텐 말하지마, 엄만 나 공장",90
10234,너 내가 앞으로 돈 많이 벌테니까 이런일,90
10235,돈벌기가 그리 쉽나.,90
10236,빨리와,90
10237,용돈 써,90
10238,필요 없어,90
10239,"받어, 돈 없잖아. 나중에 돈 많이 벌면",90
10240,"여보세요, 거기 뉴스 나이트클럽이죠?",90
10241,"자, 오세요. 오세요, 성인",90
10242,어서 옵쇼!,90
10243,혼자 오셨습니까?,90
10244,예.,90
10245,받으세요.,90
10246,"가져요. 선물로 줄께. 가요,",90
10247,"야, 어디 가?",90
10248,가요.,90
10249,미애씨,90
10250,"보스빠지이 시또 사무노이, 시또사무노",90
10251,형님이 부르시잖아.,90
10252,난 안 가,90
10253,형님이 부르시잖아.,90
10254,난 안 가,90
10255,가시죠,90
10256,놔 이새끼야!,90
10257,알잖아 이러면 안된다는거,90
10258,안 가.,90
10259,이건 뭐야?,90
10260,내 애인.,90
10261,애인?,90
10262,그래 내 애인이야.,90
10263,까불지 말고 가.,90
10264,안 간다잖아!,90
10265,아니 왜 안간다는 사람을 데리고 가요?,90
10266,"놔! 놔, 이새끼들아!",90
10267,"야, 배태곤! 니가 뭐야? 난 너 싫어. 싫어!",90
10268,"야, 불 있어?",90
10269,타요.,90
10270,"괜찮아, 타.",90
10271,너 어디 사냐?,90
10272,일산 사는데요.,90
10273,엊그제 제대 했다며? 이제 뭐 할거야?,90
10274,취직 해야죠…,90
10275,할 때는 있어?,90
10276,없는데요,90
10277,자,90
10278,너 무슨 일 하고 싶어? 커서 뭐가 되고,90
10279,…,90
10280,"임마, 젊은 놈이 왜 그래. 잘할 줄 아는",90
10281,"아이고, 또 개똥철학 나오네. 이 사람",90
10282,너 운전할 줄 알아?,90
10283,군대에 있을 때 면허증 땄어요.,90
10284,여기 가서 내가 보냈다 그래.,90
10285,이 사람 좀 잘 봐줘. 내 애인이니까.,90
10286,내려.,90
10287,"얘기 끝났으니까 내려, 임마.",90
10288,"멋쟁이 아저씨, 잘가. 빠이빠이.",90
10289,엄마!,90
10290,배태곤 사장하고는 어떻게 아는 사이,90
10291,"저, 그냥 아는 사인데요.",90
10292,안녕하세요?,90
10293,키는 두고 내리셨죠?,90
10294,"야, 임마! 여기서 뭐해?",90
10295,차 들어오잖아,90
10296,키 주세요.,90
10297,"괜찮아, 우린 안 줘도 돼.",90
10298,키 받아야 돼요. 주세요.,90
10299,"이 새끼, 안 줘도 된다는데…",90
10300,받아야 되요.,90
10301,야! 그냥,90
10302,야! 일루 와봐!,90
10303,왜요?,90
10304,"일루 와봐, 임마!",90
10305,왜요?,90
10306,불 있어?,90
10307,너 나,90
10308,알아요.,90
10309,그런데 왜 인사 안해?,90
10310,… 우린 서로 인사할 사이가 아닌 것 같,90
10311,야! 일루와!,90
10312,"너 이리와 봐. 뭐, 너 뭐라 그랬어.",90
10313,에이 씨발.,90
10314,"이 새끼, 안 와?",90
10315,새끼 새끼 하지 마. 새꺄,90
10316,뭐?,90
10317,"뭐야, 이거?",90
10318,"너 이 새끼야, 오늘 운수 대통 한 줄",90
10319,말 좀 곱게 할 수 없어?,90
10320,너 이 새끼 너. 계속 주둥아리 놀리면,90
10321,내 입이 주둥아리면 누구 입은,90
10322,"야유 저걸 그냥. 형님, 저 새끼한테 왜",90
10323,"가만 좀 있어, 임마!",90
10324,"형님, 나오셨습니까?",90
10325,야! 음악 좀,90
10326,들어와 앉아.,90
10327,너 일 하나 해볼래?,90
10328,무슨 일이여?,90
10329,아주 간단한 일이야. 이건 법을 어기는,90
10330,"엄마? 나야, 막동이. 여기",90
10331,불초한 이 자식은… 생전에,90
10332,"사장님, 사장님 노래...",90
10333,사장님 노래 하시느라 수고,90
10334,"아, 고맙심다.",90
10335,사장님은 정말 노래 못하십니다. 음정,90
10336,"허참, 내 깐엔 열심히 불렀는데",90
10337,다음부터는 절대로 노래하면 안돼요.,90
10338,"아, 거참. 알았어.",90
10339,"아저씨, 그 실력으로 지금까지 댕기며",90
10340,"아, 알았어. 다음부터 안할께.",90
10341,"형씨, 정말이지?",90
10342,"어머, 이 사람 왜 이래?",90
10343,"그래 그래, 믿어. 내 다시는",90
10344,한번만 더 노래하면 넌 인간이 아니야.,90
10345,이 새끼가 보자보자 하이께…,90
10346,뭐야? 왜 그래? 누가 이랬어?,90
10347,"아이구, 이거 오사장님 아니 십니까?",90
10348,이 새끼들 이제보이…,90
10349,"아야, 니 어쩌다가 손이 이지경이 되어",90
10350,아아아아아악-------!,90
10351,"그래 왔어. 야 막동이, 이리와 앉아",90
10352,손은 어때?,90
10353,괜찮습니다.,90
10354,"괜찮을 리가 있냐, 임마? 멀쩡한",90
10355,"자, 한잔 해.",90
10356,고맙습니다.,90
10357,앞으로는 그런 짓 하면 안돼. 젊을 때는,90
10358,예.,90
10359,이자식 이거 깡다구가 있더라구요.,90
10360,여하튼 너 덕분에 일은 잘 해결됐다. 그,90
10361,"그 새끼 이번에 시의원 나갈려고 하는데,",90
10362,"야, 막동이. 너 이름 막동이라고 했지?",90
10363,예.,90
10364,너 이제 나한테 형이라고 불러라.,90
10365,예.,90
10366,너 몇 살이냐?,90
10367,스물여섯입니다.,90
10368,"스물여섯이면, 무슨 띠야?",90
10369,돼지띠요.,90
10370,판수,90
10371,"형님, 뭘 그런 걸 물으십니까?",90
10372,"무슨 띠야, 임마? 띠 몰라?",90
10373,"형님, 죄송하지만, 그런 선 안",90
10374,비밀?,90
10375,"무슨 띠야, 임마. 말해봐.",90
10376,"형님, 정말 왜 이러십니까?",90
10377,너 띠 모르지?,90
10378,"형님, 그만 하시죠.",90
10379,솔직히 발해봐. 너 띠 모르지?,90
10380,"형님, 정말",90
10381,이리 와.,90
10382,이 양아치 새끼가!,90
10383,"죄송합니다, 형님…",90
10384,이 양아치 새끼가… 어디서 입을 놀려?,90
10385,"죄송합니다, 형님!",90
10386,너희들 똑똑히 들어둬. 이제부터,90
10387,"알겠습니다, 형님.",90
10388,내 식구는 끝까지 책임진다. 막동이 너,90
10389,예?,90
10390,"안에 일이 좀 생겨서요, 지배인님이",90
10391,노래 하다가 손님이 욕을 했다고,90
10392,누가 욕했어요. 누가 노래 하는데,90
10393,내가 욕했다. 아니 가수라는 년이 술먹고,90
10394,덤벼 씨발,90
10395,가시죠,90
10396,"막동씨, 김막동씨.",90
10397,예?,90
10398,이 일이 좋아?,90
10399,…,90
10400,배태곤씨 밑에서 일하는게 좋으냐구?,90
10401,손은 왜 그랬냐?,90
10402,그냥… 조금 다쳤어.,90
10403,낮부터 그렇게 취해 있으면 높은,90
10404,"임마, 니가 걱정할 일 아냐. 너 밥 안",90
10405,먼저 형님 집부터 가야지. 형수님,90
10406,"그래? 그래, 그럼.",90
10407,형님 집으로 안가고 왜 이리로 와,90
10408,"여가 우리 집이야 아줌마, 여기 고기",90
10409,"형님, 우리 식구들 전부 같이 모여 살",90
10410,"자식, 아직도 그런 순진한 생각을 하냐?",90
10411,같이 살면서 같이 돈을 벌고 그러면 좋,90
10412,"마, 공장이나 식당은 아무나 해",90
10413,안돼요. 우린 김형사님 한테 술 못,90
10414,"아이 왜 이러시나, 귀한 손님하고 왔는데",90
10415,귀한 손님이고 뭐고 못 줘요. 딴데로,90
10416,장난이 지나치셔,90
10417,장난 좋아하네. 아줌마 여기 좀 치워요,90
10418,왜요? 그렇게 노려보면 어쩔거예요? 또,90
10419,아줌마 정말 왜 이러세요?,90
10420,왜 이러는지 이 양반 한테 물어보세요,90
10421,미안하다 나가자,90
10422,형님!,90
10423,오른쪽으로 꺾어.,90
10424,여기서 기다려,90
10425,예…,90
10426,여기서 기다려,90
10427,형님!,90
10428,형님!,90
10429,여기다.,90
10430,이리온,90
10431,앉아,90
10432,뭐 먹을래?,90
10433,(어이가 없다. 그러나 장난스럽게,90
10434,"막동아, 내 옛날얘기 하나 해 줄까?",90
10435,형님.,90
10436,누가 날 찾아?,90
10437,"야, 베트콩!",90
10438,저 새끼 누구냐?,90
10439,"글쎄요, 모르는 얼굴인데 아까부터 형님",90
10440,너 그 동안 얼굴 많이 좋아졌다?,90
10441,저 새끼 옛날엔 진짜,90
10442,성질도 베트콩같이 드러웠지. 저 새끼,90
10443,"형님, 저 새끼들 저거",90
10444,가만 있어.,90
10445,형님 오랜 만이요.,90
10446,"그래, 너한테 형님 소리들으니까 감개",90
10447,요즘 먹고 살라면 바빠서 시간이 없어요.,90
10448,안 그래도 그 동안 니가 먹고 산,90
10449,앞으로 먹고 사는데,90
10450,안 그래도 너한테 신세 좀 지게 됐다.,90
10451,(태곤에게 바싹 붙어서서 은근한 목소,90
10452,형님 이 배태곤이가 이 바닥에서 어떻게,90
10453,"형님,",90
10454,"큰일? 야, 임마. 경찰밥 삼십년에",90
10455,형님 30년 만에 진급 하시니까 인생 무상,90
10456,"야, 밴드고 뭐고… 우리 조용하게",90
10457,"야, 너희들밖에 나가있어.",90
10458,나 지금 죽고 싶은 마음밖에 없다.,90
10459,"야, 이제 옷 벗어!",90
10460,예?,90
10461,"옷 벗으란 말야, 새끼야!",90
10462,"살려주십시오, 제발…",90
10463,이 새끼가!,90
10464,"아야, 너 교회 집사지?",90
10465,예.,90
10466,집사 된 지 얼마 됐냐?,90
10467,한 십년쯤 됐습니다.,90
10468,"그래, 집사란 새끼가 남의 유부녀나",90
10469,죄송합니다. 죽을 죄를 졌습니다.,90
10470,죽을 죄를 지었응게 죽어야겄네이.,90
10471,"아이구, 살려주십시오.",90
10472,니가 무슨 죄가 있냐? 요게 죄가 있지.,90
10473,"가만 있어, 새끼야. 다 널 위해서 하는",90
10474,"잘못했습니다,",90
10475,어! 이게 뭐야?,90
10476,이 지저분한 새끼!,90
10477,다음 중 이드링크의 성분이 아닌 것은?,90
10478,다시 한,90
10479,"다시 한 번요? 일번, 액상과당 이번",90
10480,삼번,90
10481,삼번이요?,90
10482,사번,90
10483,사번이요? 안식형상 나트륨?,90
10484,아니 삼번,90
10485,"삼번, 비타민 이. 맞았다. 어이 이거",90
10486,"막동씨, 참 순진한 사람인 것 같애",90
10487,닮았다!,90
10488,우리집 이예요.,90
10489,이렇게 큰 나무가 있어?,90
10490,지금은 많이 바뀌었어요.,90
10491,이거 나 줄래요?,90
10492,가지세요.,90
10493,막동씨 연애 해본 적 있어?,90
10494,…,90
10495,없어? 한번도?,90
10496,없는데요.,90
10497,이 나이가 되도록 연애 한번 못해봤단,90
10498,…,90
10499,"말해봐. 있어, 없어?",90
10500,정식으로 해본 적은 없는데요.,90
10501,정식으로? 내가 가르쳐,90
10502,…,90
10503,지금 당장 오래.,90
10504,…,90
10505,어떻게 할 거야?,90
10506,…,90
10507,난 막동씨가 하자는 대로 하겠어. 돌아갈,90
10508,어떻게 할 거야?,90
10509,가야죠. 형님이 오라고 했으니까요.,90
10510,그래.,90
10511,또 기차 타러 갔었어?,90
10512,맨날 그냥 돌아 올 걸 뭐하러 타,90
10513,넌 나한테 도망칠 수 없어. 알잖아,90
10514,선물 사왔어.,90
10515,뭔데?,90
10516,옷.,90
10517,…,90
10518,입어 봐.,90
10519,이따가.,90
10520,입어 봐. 아주 비싼 거야.,90
10521,싫어.,90
10522,미안해. 내가 널 이렇게 만들었어.,90
10523,형님 저 오늘 집에 좀 가봐야 겠는데요.,90
10524,왜 집에 무슨 일 있어?,90
10525,내일이 저희 어머니 생신 이거든요.,90
10526,음 그럼 가야지. 야! (지갑에서 수표,90
10527,괜찮습니다.,90
10528,받아 임마.,90
10529,고맙습니다.,90
10530,엄마!,90
10531,너는 제 시간에 좀 올 수 없니?,90
10532,"미안 미안, 차가 너무 막혀 가지고, 나",90
10533,왜 이래?,90
10534,술 그만 마셔.,90
10535,까불지 마. 오늘 같은 날 안 마시면 언제,90
10536,"안돼요, 많이 마셨잖아. 인제 그만",90
10537,이게 왜 지랄이야? 이리 안줘?,90
10538,이게 진짜 왜 이래? 식구들 다 모였는데,90
10539,그저께 밤에 뭐라고 그랬어? 다시는 술,90
10540,너 좀 맞을래?,90
10541,"때려봐, 때려봐. 식구들 다 보는",90
10542,"어머니, 제가 이렇게 삽니다. 제가",90
10543,"놔, 이거.",90
10544,에이 이게,90
10545,"자, 노래 하자",90
10546,"아이, 오빠",90
10547,내가 왜 이러는지 몰라......,90
10548,도대체 왜 이런지 몰라.,90
10549,"꼬집어 말할 순 없어요.... 뭐야 이거,",90
10550,"아이 정말, 지금 뭐하는 거야",90
10551,뭐 임마 내가 틀린 말 했냐? 저꼴을 좀,90
10552,"그럼 넌, 넌 잘살아 씨발",90
10553,넌? 씨발? 너 나한테 죽어 볼래,90
10554,정말 너무들해. 어떻게 이럴,90
10555,아이 아저씨,90
10556,아임 쏘리,90
10557,"동주, 우리가 깡패냐?",90
10558,…,90
10559,대답해! 우리가 깡패야?,90
10560,아닙니다.,90
10561,그런데?,90
10562,죄송합니다.,90
10563,아가리 다물어.,90
10564,이 한심한 양아치 새끼들아. 내가 누군지,90
10565,"형님, 우리가 왜 김양길이 한테 당하고만",90
10566,니가 인생을 알어,90
10567,…,90
10568,"말해 봐 새끼야, 니가 사람 사는거에",90
10569,제가 그런걸 어떻게 알겠습니까? 형님,90
10570,걔네들 쌩양아치 새끼들이야. 김양길이,90
10571,503호 라는데요.,90
10572,"503호, 외울 수 있겠어",90
10573,치워,90
10574,"배태곤씨, 나 그새끼가 하란대로 다",90
10575,"빨리 타라, 너 취했니?",90
10576,"나 취했어, 그 새끼가 자꾸 술",90
10577,빨리 타!,90
10578,놔! 놓란,90
10579,"미안해, 내가 잘못했어. 너 혼자 가.",90
10580,"안마셔, 씨발 새끼야",90
10581,"저, 갈께요",90
10582,어딜가,90
10583,이리와,90
10584,너 나 먹구 싶지 않니? 말만 해. 줄께.,90
10585,"보스 빠지이, 시또 사무노이 보제",90
10586,내 몸은 지금 아주 더러워. 괜찮지?,90
10587,막동이,90
10588,"에, 예 형님",90
10589,오늘 분위기가 왜 그래? 무슨 일 있었어?,90
10590,…아니요,90
10591,"가만 있어. 차 빼, 빼 차",90
10592,가만 있어.,90
10593,"어이, 뻬트공 뻬트공, 김양길 형님이",90
10594,"형님 나오신 뒤로 제가 바빠서, 제대로",90
10595,그래 이해한다.(태곤에게 술을,90
10596,막동이 꿈이 뭐라 그랬지.,90
10597,"식구들하고 같이 살면서, 조그만",90
10598,"좋지, 나도 그 꿈하나 믿고 저",90
10599,사장님.,90
10600,응?,90
10601,자꾸 안 채우셨는데요.,90
10602,이 새끼가 왜 이래?,90
10603,"정말이예요, 안 채우셨잖아요.",90
10604,윽!,90
10605,"음악 꺼, 야 음악 꺼",90
10606,"여보세요, 여보세요? 어 큰성이야?",90
10607,형님!,90
10608,너 밥은 먹었냐?,90
10609,"아니, 괜찮습니다.",90
10610,너 몇살이라 그랬지?,90
10611,스물 여섯입니다,90
10612,"시또 시무노이 보제뜨, 시또 시무노이...",90
10613,손님 오셨다.,90
10614,어서 오세요.,90
10615,안내려.,90
10616,"아이 어서 오세요. 야,",90
10617,어서오세요.,90
10618,뭐 드실래요?,90
10619,여긴 뭘 잘하나?,90
10620,다 잘해요.,90
10621,영양탕이,90
10622,먹으면 몸에 좋은 거. 그거 먹을까?,90
10623,뭔데?,90
10624,멍멍이탕.,90
10625,어머!,90
10626,"그거 못 드시면 삼계탕 드세요,",90
10627,진짜 토종닭이요?,90
10628,"그럼요, 우리가 기르는 걸 직접",90
10629,직접 볼 필요는 없고.,90
10630,직접 볼 필요는 없고,90
10631,"아니, 보세요. 이따가. 요샌",90
10632,어쩔래? 토종닭 먹을래?,90
10633,그러지 뭐.,90
10634,삼계탕,90
10635,시장 갔다 오는데 몇 시간이나 걸려요?,90
10636,뭘?,90
10637,아침 먹고 나가서 지금 들어왔잖아요?,90
10638,뭐얼?,90
10639,맛있게 드셨어요?,90
10640,"예, 맛있게 먹었습니다.",90
10641,신도시에 사세요?,90
10642,"예, 이사온지 얼마 안돼요.",90
10643,그럼 자주 좀 오세요. 잘해 드릴께요.,90
10644,옛날 사진도 이렇게 액자를 만들어 놓으,90
10645,그래요?,90
10646,데코레이션으로 아주 좋아요. 아이디어가,90
10647,"감사합니다, 또 오십시오.",90
10648,"예, 근데 우리 전에",90
10649,"글쎄요, 전 기억이 없는데…",90
10650,혹시 전에 무슨 일 하셨어요?,90
10651,예 공무원이었습니다.,90
10652,꼭 어디서 뵌 것 같아서…,90
10653,안녕히 가세요!,90
10654,예!,90
